stem,clean,noisy,enh,CBAK,COVL,CSIG,DNSMOS_BAK,DNSMOS_OVR,DNSMOS_SIG,LLR,PESQ,SEG_SNR,SI-SNRi,SI_SDR,SNR_IN,SNR_OUT,SNRi,STOI,WSS
p232_001,/home/vpopescu/projects/ultra-low-power-se/datasets/datasets/voicebank-demand/16k/clean_test/p232_001.wav,/home/vpopescu/projects/ultra-low-power-se/datasets/datasets/voicebank-demand/16k/noisy_test/p232_001.wav,/tmp/exp_fc_base_full_eval_j8p2wsn0/p232_001.wav,2.8738030959628214,3.390214851960779,4.092602900087992,3.9390673637390137,3.2751717567443848,3.5148675441741943,0.37177613963895884,2.7129478454589844,2.228139777333063,-2.2649909162083866,13.205959607767664,15.473800887487322,6.116305475179926,-9.357495412307395,0.8806573113999253,28.194111448365213
p232_002,/home/vpopescu/projects/ultra-low-power-se/datasets/datasets/voicebank-demand/16k/clean_test/p232_002.wav,/home/vpopescu/projects/ultra-low-power-se/datasets/datasets/voicebank-demand/16k/noisy_test/p232_002.wav,/tmp/exp_fc_base_full_eval_j8p2wsn0/p232_002.wav,3.091471333597803,3.6228310756133917,4.402387874233185,4.124394416809082,3.5521223545074463,3.8849611282348633,0.2295091942134634,2.8102474212646484,3.6521024968358438,-0.08700776774127306,11.232686520237827,11.311187574456959,5.976046983760534,-5.335140590696425,0.9389560441322937,16.558484438193855
p232_003,/home/vpopescu/projects/ultra-low-power-se/datasets/datasets/voicebank-demand/16k/clean_test/p232_003.wav,/home/vpopescu/projects/ultra-low-power-se/datasets/datasets/voicebank-demand/16k/noisy_test/p232_003.wav,/tmp/exp_fc_base_full_eval_j8p2wsn0/p232_003.wav,2.8708737413912573,3.418464091067302,4.191530221268285,4.069610118865967,3.2891526222229004,3.62652325630188,0.29702104326611756,2.632174491882324,1.9215227780511663,3.401619179662517,10.133485011436163,6.7148582931324885,5.898492868425013,-0.8163654247074756,0.9494638480988035,20.337371535102434
p232_005,/home/vpopescu/projects/ultra-low-power-se/datasets/datasets/voicebank-demand/16k/clean_test/p232_005.wav,/home/vpopescu/projects/ultra-low-power-se/datasets/datasets/voicebank-demand/16k/noisy_test/p232_005.wav,/tmp/exp_fc_base_full_eval_j8p2wsn0/p232_005.wav,2.1979009408617416,2.1302550794677875,2.8563822726822075,2.6949551105499268,3.9064042568206787,3.7865514755249023,0.7937240167489203,1.4626011848449707,1.5798373375049535,5.162671737932073,7.018143279139236,1.8527002911409471,5.868727139771824,4.016026848630877,0.8646632230046036,33.53602539385234
p232_006,/home/vpopescu/projects/ultra-low-power-se/datasets/datasets/voicebank-demand/16k/clean_test/p232_006.wav,/home/vpopescu/projects/ultra-low-power-se/datasets/datasets/voicebank-demand/16k/noisy_test/p232_006.wav,/tmp/exp_fc_base_full_eval_j8p2wsn0/p232_006.wav,2.7287698099167272,2.8623692916306673,3.603067167322316,3.4048521518707275,2.9763309955596924,3.265882968902588,0.5404936357814648,2.1303811073303223,3.909561886713737,-5.062755248967852,11.785337560341416,16.855944699955845,6.1973368637066395,-10.658607836249207,0.9360573360446885,24.264965464304556
p232_007,/home/vpopescu/projects/ultra-low-power-se/datasets/datasets/voicebank-demand/16k/clean_test/p232_007.wav,/home/vpopescu/projects/ultra-low-power-se/datasets/datasets/voicebank-demand/16k/noisy_test/p232_007.wav,/tmp/exp_fc_base_full_eval_j8p2wsn0/p232_007.wav,2.3859432420626936,2.3045223867156643,3.076403510907903,3.383925437927246,3.327317953109741,3.9047048091888428,0.6899325951734328,1.5610125064849854,3.1528008926797155,-0.766588137489947,11.042782393665917,11.813925678151318,6.527278380818503,-5.286647297332815,0.9141627475874842,27.54959889656453
p232_009,/home/vpopescu/projects/ultra-low-power-se/datasets/datasets/voicebank-demand/16k/clean_test/p232_009.wav,/home/vpopescu/projects/ultra-low-power-se/datasets/datasets/voicebank-demand/16k/noisy_test/p232_009.wav,/tmp/exp_fc_base_full_eval_j8p2wsn0/p232_009.wav,2.4659772967244025,2.587284613118039,3.3606455376517035,3.3864052295684814,3.3755133152008057,3.655092477798462,0.5876198665137603,1.832397222518921,2.17500323357152,3.123342290950541,9.890909773450922,6.784228972442677,5.9751752304483325,-0.8090537419943447,0.9335275182495821,25.847682764949603
p232_010,/home/vpopescu/projects/ultra-low-power-se/datasets/datasets/voicebank-demand/16k/clean_test/p232_010.wav,/home/vpopescu/projects/ultra-low-power-se/datasets/datasets/voicebank-demand/16k/noisy_test/p232_010.wav,/tmp/exp_fc_base_full_eval_j8p2wsn0/p232_010.wav,1.7436596427165116,1.5413544944091635,1.9367653181807083,2.3205106258392334,2.259910821914673,3.2285797595977783,1.428606640821125,1.2938488721847534,-2.318299533153227,3.4663861497721276,4.348259109159969,0.9068956931466065,5.043704177876554,4.136808484729948,0.8239455196112596,51.821035371306735
p232_011,/home/vpopescu/projects/ultra-low-power-se/datasets/datasets/voicebank-demand/16k/clean_test/p232_011.wav,/home/vpopescu/projects/ultra-low-power-se/datasets/datasets/voicebank-demand/16k/noisy_test/p232_011.wav,/tmp/exp_fc_base_full_eval_j8p2wsn0/p232_011.wav,2.842338048275851,3.080292038777636,3.869608228993172,3.929269552230835,3.521005630493164,3.828669786453247,0.4021884232473162,2.2806520462036133,4.157123109590028,-4.672447848439006,12.12938139403336,16.805718614479474,6.157218280771887,-10.648500333707588,0.9360269155926987,20.530340816235366
p232_012,/home/vpopescu/projects/ultra-low-power-se/datasets/datasets/voicebank-demand/16k/clean_test/p232_012.wav,/home/vpopescu/projects/ultra-low-power-se/datasets/datasets/voicebank-demand/16k/noisy_test/p232_012.wav,/tmp/exp_fc_base_full_eval_j8p2wsn0/p232_012.wav,2.8471413553874445,3.091701495904628,3.82537968544035,3.519056558609009,3.2179014682769775,3.6193201541900635,0.49089157407503775,2.3408703804016113,3.6439363166305507,-0.8262799556388369,11.076524426730881,11.895845069509301,6.079196536219731,-5.81664853328957,0.9375723768850532,19.33752491317861
p232_013,/home/vpopescu/projects/ultra-low-power-se/datasets/datasets/voicebank-demand/16k/clean_test/p232_013.wav,/home/vpopescu/projects/ultra-low-power-se/datasets/datasets/voicebank-demand/16k/noisy_test/p232_013.wav,/tmp/exp_fc_base_full_eval_j8p2wsn0/p232_013.wav,2.298447418473805,2.3126659295655503,3.0630671561288034,2.7869760990142822,3.0420966148376465,3.3631534576416016,0.6805854156827561,1.6241415739059448,2.0383500118401154,1.7926036943025832,8.594237311215204,6.7967044595223225,5.838843141782394,-0.9578613177399289,0.9202025418715795,34.329757799880575
p232_014,/home/vpopescu/projects/ultra-low-power-se/datasets/datasets/voicebank-demand/16k/clean_test/p232_014.wav,/home/vpopescu/projects/ultra-low-power-se/datasets/datasets/voicebank-demand/16k/noisy_test/p232_014.wav,/tmp/exp_fc_base_full_eval_j8p2wsn0/p232_014.wav,2.27768809488255,2.129813521376257,2.725450729144032,3.3720498085021973,3.6553986072540283,3.8437278270721436,1.0199118937876914,1.5702695846557617,1.5739339376099992,5.551768124825058,7.476707143349945,1.990606262144627,5.977038880022158,3.9864326178775307,0.8993254153174236,29.436943521761968
p232_015,/home/vpopescu/projects/ultra-low-power-se/datasets/datasets/voicebank-demand/16k/clean_test/p232_015.wav,/home/vpopescu/projects/ultra-low-power-se/datasets/datasets/voicebank-demand/16k/noisy_test/p232_015.wav,/tmp/exp_fc_base_full_eval_j8p2wsn0/p232_015.wav,3.1589498069645296,3.6535959120171593,4.473238929209809,4.287739276885986,3.7379555702209473,3.9464244842529297,0.19530245217119396,2.7671563625335693,4.289193174352335,-4.434179902139542,12.51268871575449,16.948133612653812,5.841907511712517,-11.106226100941296,0.9562520650134059,9.710014901530494
p232_016,/home/vpopescu/projects/ultra-low-power-se/datasets/datasets/voicebank-demand/16k/clean_test/p232_016.wav,/home/vpopescu/projects/ultra-low-power-se/datasets/datasets/voicebank-demand/16k/noisy_test/p232_016.wav,/tmp/exp_fc_base_full_eval_j8p2wsn0/p232_016.wav,3.0262619071509524,3.4272408073479492,4.2767209904136845,4.118549346923828,3.2828104496002197,3.6359221935272217,0.2294130073734847,2.5191116333007812,4.211288001859273,-0.32142092635751673,11.671001886729812,11.98961273919512,5.807253382815461,-6.182359356379659,0.9539748733777924,11.02637109770789
p232_017,/home/vpopescu/projects/ultra-low-power-se/datasets/datasets/voicebank-demand/16k/clean_test/p232_017.wav,/home/vpopescu/projects/ultra-low-power-se/datasets/datasets/voicebank-demand/16k/noisy_test/p232_017.wav,/tmp/exp_fc_base_full_eval_j8p2wsn0/p232_017.wav,2.807062777643946,3.2573353982410573,4.050141079221988,3.945463180541992,3.0375678539276123,3.5930979251861572,0.34933271055651627,2.4350240230560303,2.017807732337685,3.2490114770090255,9.687721551321353,6.432944281503865,5.7601396254502815,-0.6728046560535832,0.941857982562767,16.85722750201582
p232_019,/home/vpopescu/projects/ultra-low-power-se/datasets/datasets/voicebank-demand/16k/clean_test/p232_019.wav,/home/vpopescu/projects/ultra-low-power-se/datasets/datasets/voicebank-demand/16k/noisy_test/p232_019.wav,/tmp/exp_fc_base_full_eval_j8p2wsn0/p232_019.wav,2.663876584022561,2.9434878200949455,3.6926654320517605,4.063059329986572,3.687291383743286,3.630817174911499,0.5108392452472063,2.189849376678467,2.1415843894429356,5.951885574737955,8.009288573517155,2.047911580650361,5.800314318933371,3.7524027382830094,0.9442531861715124,21.68446208066441
p232_020,/home/vpopescu/projects/ultra-low-power-se/datasets/datasets/voicebank-demand/16k/clean_test/p232_020.wav,/home/vpopescu/projects/ultra-low-power-se/datasets/datasets/voicebank-demand/16k/noisy_test/p232_020.wav,/tmp/exp_fc_base_full_eval_j8p2wsn0/p232_020.wav,2.8850405719104857,3.2634456469330724,4.05364924145616,3.8951549530029297,3.516106128692627,4.049677848815918,0.3223188672378107,2.4682700634002686,3.550666280691152,-4.537158188239275,11.698626288862057,16.235216180937808,6.070417194235418,-10.16479898670239,0.9288800410942974,21.783499154055036
p232_021,/home/vpopescu/projects/ultra-low-power-se/datasets/datasets/voicebank-demand/16k/clean_test/p232_021.wav,/home/vpopescu/projects/ultra-low-power-se/datasets/datasets/voicebank-demand/16k/noisy_test/p232_021.wav,/tmp/exp_fc_base_full_eval_j8p2wsn0/p232_021.wav,2.8053051764091994,3.1201148658617255,3.982680827175369,3.7524683475494385,3.5178897380828857,3.7974483966827393,0.28899052240255607,2.2345693111419678,3.617957584456965,-0.7571453053565964,11.157603112265804,11.911204871875775,5.794075661366472,-6.117129210509303,0.9432105900719899,17.821468876778578
p232_022,/home/vpopescu/projects/ultra-low-power-se/datasets/datasets/voicebank-demand/16k/clean_test/p232_022.wav,/home/vpopescu/projects/ultra-low-power-se/datasets/datasets/voicebank-demand/16k/noisy_test/p232_022.wav,/tmp/exp_fc_base_full_eval_j8p2wsn0/p232_022.wav,2.5906429561365716,2.6597422661868073,3.447772745668147,3.756502389907837,3.5449233055114746,3.874147415161133,0.5632322148412446,1.8672895431518555,3.3830075644714905,2.824572061899471,9.815847275904007,7.006162069639875,6.3100659120731795,-0.6960961575666955,0.9401420419511063,21.292988864531242
p232_023,/home/vpopescu/projects/ultra-low-power-se/datasets/datasets/voicebank-demand/16k/clean_test/p232_023.wav,/home/vpopescu/projects/ultra-low-power-se/datasets/datasets/voicebank-demand/16k/noisy_test/p232_023.wav,/tmp/exp_fc_base_full_eval_j8p2wsn0/p232_023.wav,2.24316537447717,2.2783395704431104,3.0238793634312615,3.361724376678467,4.075705528259277,4.221224784851074,0.7206375111146248,1.578322172164917,1.1423928355761865,5.129131856463811,7.118236397316661,1.9711035258784093,5.808171712369939,3.8370681864915293,0.9195849020143504,31.03476749413714
p232_024,/home/vpopescu/projects/ultra-low-power-se/datasets/datasets/voicebank-demand/16k/clean_test/p232_024.wav,/home/vpopescu/projects/ultra-low-power-se/datasets/datasets/voicebank-demand/16k/noisy_test/p232_024.wav,/tmp/exp_fc_base_full_eval_j8p2wsn0/p232_024.wav,3.2840226916669213,3.7964419142074837,4.584197027537636,4.253756046295166,3.8389816284179688,3.9798736572265625,0.19172372441562255,2.938516855239868,4.925607019398043,-4.8296054780394435,11.975343177186152,16.800630274682607,5.898720961885432,-10.901909312797176,0.9541139782399891,9.271658194258858
p232_025,/home/vpopescu/projects/ultra-low-power-se/datasets/datasets/voicebank-demand/16k/clean_test/p232_025.wav,/home/vpopescu/projects/ultra-low-power-se/datasets/datasets/voicebank-demand/16k/noisy_test/p232_025.wav,/tmp/exp_fc_base_full_eval_j8p2wsn0/p232_025.wav,2.8318257705159158,3.340254200164267,4.093855105072013,3.9342803955078125,3.4544007778167725,3.775923252105713,0.32687967228056347,2.599884033203125,2.1328770952606693,0.5146608506169965,11.14841796294224,10.63416832983352,6.055992809570836,-4.5781755202626835,0.9398751476952468,25.612864908085715
p232_027,/home/vpopescu/projects/ultra-low-power-se/datasets/datasets/voicebank-demand/16k/clean_test/p232_027.wav,/home/vpopescu/projects/ultra-low-power-se/datasets/datasets/voicebank-demand/16k/noisy_test/p232_027.wav,/tmp/exp_fc_base_full_eval_j8p2wsn0/p232_027.wav,2.9038425863430763,3.319088643442694,4.129586699637051,3.979804277420044,3.6067168712615967,4.000916481018066,0.3136959121383451,2.4654927253723145,3.0215516997190015,3.276313668079804,9.98392120923193,6.702510823404175,5.451245008297119,-1.2512658151070566,0.9514950933913426,14.145813352455253
p232_028,/home/vpopescu/projects/ultra-low-power-se/datasets/datasets/voicebank-demand/16k/clean_test/p232_028.wav,/home/vpopescu/projects/ultra-low-power-se/datasets/datasets/voicebank-demand/16k/noisy_test/p232_028.wav,/tmp/exp_fc_base_full_eval_j8p2wsn0/p232_028.wav,1.9566488900905754,2.2174714343948154,2.8997283885359564,3.308979034423828,3.5203733444213867,3.426474094390869,0.7451421630967601,1.6635252237319946,-2.1962314864987134,6.798488685539409,6.999795303148825,0.21083111673047075,6.019980991794846,5.809149875064375,0.810451641174552,47.73622617198557
p232_029,/home/vpopescu/projects/ultra-low-power-se/datasets/datasets/voicebank-demand/16k/clean_test/p232_029.wav,/home/vpopescu/projects/ultra-low-power-se/datasets/datasets/voicebank-demand/16k/noisy_test/p232_029.wav,/tmp/exp_fc_base_full_eval_j8p2wsn0/p232_029.wav,2.490392430230014,2.5527504205948186,3.2705256453424845,3.386392116546631,3.4298031330108643,3.75727915763855,0.6393318667241671,1.89385187625885,3.0094231334772394,-5.066294200127352,11.4529412203335,16.498336166012262,5.6659118209247294,-10.832424345087531,0.9498870876485422,34.06606057582604
p232_030,/home/vpopescu/projects/ultra-low-power-se/datasets/datasets/voicebank-demand/16k/clean_test/p232_030.wav,/home/vpopescu/projects/ultra-low-power-se/datasets/datasets/voicebank-demand/16k/noisy_test/p232_030.wav,/tmp/exp_fc_base_full_eval_j8p2wsn0/p232_030.wav,2.6631084264748957,2.887000588002399,3.720824585401845,3.7735025882720947,3.7050259113311768,3.86592698097229,0.3954477732261664,2.0555708408355713,3.2668292624433617,-0.49461819948073504,11.22296779466911,11.718943308518984,5.864309512593881,-5.854633795925103,0.9583805705607078,22.7520969969199
p232_031,/home/vpopescu/projects/ultra-low-power-se/datasets/datasets/voicebank-demand/16k/clean_test/p232_031.wav,/home/vpopescu/projects/ultra-low-power-se/datasets/datasets/voicebank-demand/16k/noisy_test/p232_031.wav,/tmp/exp_fc_base_full_eval_j8p2wsn0/p232_031.wav,2.276320045750627,2.3227543931356336,2.968222280513475,3.172107696533203,2.7603626251220703,3.4131641387939453,0.8160708053483872,1.7574503421783447,1.1178359074434565,3.931929134911128,9.490617921576426,5.531379155645501,5.712206370373982,0.18082721472848107,0.7963870363263279,38.30926856850851
p232_032,/home/vpopescu/projects/ultra-low-power-se/datasets/datasets/voicebank-demand/16k/clean_test/p232_032.wav,/home/vpopescu/projects/ultra-low-power-se/datasets/datasets/voicebank-demand/16k/noisy_test/p232_032.wav,/tmp/exp_fc_base_full_eval_j8p2wsn0/p232_032.wav,1.941957264972674,1.6324971713912282,2.1762767007215915,3.091724157333374,3.49705171585083,3.727051258087158,1.2208520980230975,1.188963770866394,0.5265868645544571,3.0767546849489738,4.620183192317959,1.7387753222251,4.962514291720046,3.223738969494946,0.7925420555023114,41.93462713834189
p232_033,/home/vpopescu/projects/ultra-low-power-se/datasets/datasets/voicebank-demand/16k/clean_test/p232_033.wav,/home/vpopescu/projects/ultra-low-power-se/datasets/datasets/voicebank-demand/16k/noisy_test/p232_033.wav,/tmp/exp_fc_base_full_eval_j8p2wsn0/p232_033.wav,2.69199233045053,2.9562234124345546,3.5527583042606503,3.200655937194824,2.9267876148223877,3.0012173652648926,0.6366445871084393,2.4436540603637695,2.6806629707207494,-2.6497423764155155,12.314248785871072,14.942286085389727,5.6758576115894135,-9.266428473800314,0.8172954904168899,39.85086822267983
p232_034,/home/vpopescu/projects/ultra-low-power-se/datasets/datasets/voicebank-demand/16k/clean_test/p232_034.wav,/home/vpopescu/projects/ultra-low-power-se/datasets/datasets/voicebank-demand/16k/noisy_test/p232_034.wav,/tmp/exp_fc_base_full_eval_j8p2wsn0/p232_034.wav,2.264945116945303,2.236499563616289,2.9873772742021227,2.6995694637298584,3.135225296020508,2.918419361114502,0.6959169579104467,1.5595074892044067,2.2554765055350314,-0.5591664302592871,9.509269581962732,10.131634584113627,5.579131366429419,-4.552503217684208,0.8443117238603041,36.656354677587196
p232_035,/home/vpopescu/projects/ultra-low-power-se/datasets/datasets/voicebank-demand/16k/clean_test/p232_035.wav,/home/vpopescu/projects/ultra-low-power-se/datasets/datasets/voicebank-demand/16k/noisy_test/p232_035.wav,/tmp/exp_fc_base_full_eval_j8p2wsn0/p232_035.wav,2.4586470973571375,2.514632225340887,3.214931246086322,3.1644434928894043,3.425055742263794,3.7357120513916016,0.710606239773794,1.8479325771331787,2.2929909519780587,2.4289598685595575,9.061695929303973,6.6471274831785525,5.8279775345548925,-0.81914994862366,0.9446114638385206,29.01758635530565
p232_036,/home/vpopescu/projects/ultra-low-power-se/datasets/datasets/voicebank-demand/16k/clean_test/p232_036.wav,/home/vpopescu/projects/ultra-low-power-se/datasets/datasets/voicebank-demand/16k/noisy_test/p232_036.wav,/tmp/exp_fc_base_full_eval_j8p2wsn0/p232_036.wav,1.9680734892895457,1.8246704172713324,2.4510467184709506,2.858522415161133,2.874633550643921,3.4942502975463867,1.0156451510370847,1.3009614944458008,0.139796243984173,3.5269910475549606,5.105055639399863,1.4825526470947414,5.338125767216742,3.855573120122001,0.8308648518962197,42.370466918078584
p232_037,/home/vpopescu/projects/ultra-low-power-se/datasets/datasets/voicebank-demand/16k/clean_test/p232_037.wav,/home/vpopescu/projects/ultra-low-power-se/datasets/datasets/voicebank-demand/16k/noisy_test/p232_037.wav,/tmp/exp_fc_base_full_eval_j8p2wsn0/p232_037.wav,3.148555536290187,3.6328298335360594,4.442750555409142,4.261692047119141,3.0414273738861084,3.6743860244750977,0.21276950837956182,2.7609384059906006,4.27959640036061,-4.603734210694725,11.961008973919785,16.564046035132346,5.741383572053442,-10.822662463078904,0.9523662807100156,10.683942142291208
p232_038,/home/vpopescu/projects/ultra-low-power-se/datasets/datasets/voicebank-demand/16k/clean_test/p232_038.wav,/home/vpopescu/projects/ultra-low-power-se/datasets/datasets/voicebank-demand/16k/noisy_test/p232_038.wav,/tmp/exp_fc_base_full_eval_j8p2wsn0/p232_038.wav,2.8082918615214245,3.2505334803693975,4.060035662863512,3.9759533405303955,3.160611867904663,3.1712090969085693,0.3035194918266853,2.431190013885498,2.497706918687653,0.6827355480693598,11.631560395087728,10.945719651134509,5.746600697569263,-5.199118953565246,0.9093465232398464,20.738928713309384
p232_039,/home/vpopescu/projects/ultra-low-power-se/datasets/datasets/voicebank-demand/16k/clean_test/p232_039.wav,/home/vpopescu/projects/ultra-low-power-se/datasets/datasets/voicebank-demand/16k/noisy_test/p232_039.wav,/tmp/exp_fc_base_full_eval_j8p2wsn0/p232_039.wav,2.411219912161046,2.5921184498245533,3.296759800122673,3.6684319972991943,3.352494955062866,3.2091257572174072,0.673149643082168,1.9212712049484253,0.9953099856596478,4.9807315052121925,9.409849092948436,4.420877736019154,5.618756861428301,1.1978791254091474,0.7647369538951213,29.121750414408478
p232_040,/home/vpopescu/projects/ultra-low-power-se/datasets/datasets/voicebank-demand/16k/clean_test/p232_040.wav,/home/vpopescu/projects/ultra-low-power-se/datasets/datasets/voicebank-demand/16k/noisy_test/p232_040.wav,/tmp/exp_fc_base_full_eval_j8p2wsn0/p232_040.wav,2.614950028994393,3.3239000598110042,4.019314693567461,4.006622791290283,3.5819787979125977,3.5578548908233643,0.39614302250859973,2.664320945739746,-1.2784493505415317,6.634949707568087,7.112408079176036,0.5104077323935136,5.414296982689902,4.9038892502963884,0.9632642613885125,30.293296283584112
p232_041,/home/vpopescu/projects/ultra-low-power-se/datasets/datasets/voicebank-demand/16k/clean_test/p232_041.wav,/home/vpopescu/projects/ultra-low-power-se/datasets/datasets/voicebank-demand/16k/noisy_test/p232_041.wav,/tmp/exp_fc_base_full_eval_j8p2wsn0/p232_041.wav,2.573478487127625,2.7563670980615296,3.453093161539952,3.232577323913574,2.7203574180603027,3.693560838699341,0.5942015481659557,2.115971803665161,2.6159202572005373,-5.187541201176433,10.630506279452664,15.826907251041401,5.225826667768177,-10.601080583273223,0.8854115749241139,33.822715889707936
p232_042,/home/vpopescu/projects/ultra-low-power-se/datasets/datasets/voicebank-demand/16k/clean_test/p232_042.wav,/home/vpopescu/projects/ultra-low-power-se/datasets/datasets/voicebank-demand/16k/noisy_test/p232_042.wav,/tmp/exp_fc_base_full_eval_j8p2wsn0/p232_042.wav,2.9648017465776673,3.5121652778936236,4.278709377477945,4.150221347808838,3.4776153564453125,3.7522833347320557,0.2726827560840303,2.7301290035247803,2.6313505035178264,0.3747421173462442,11.606902109186858,11.237504155217731,5.826559104248343,-5.410945050969389,0.961684598243828,19.99642840411445
p232_043,/home/vpopescu/projects/ultra-low-power-se/datasets/datasets/voicebank-demand/16k/clean_test/p232_043.wav,/home/vpopescu/projects/ultra-low-power-se/datasets/datasets/voicebank-demand/16k/noisy_test/p232_043.wav,/tmp/exp_fc_base_full_eval_j8p2wsn0/p232_043.wav,2.1888077949891427,2.412015247249547,3.153286349630769,3.317690372467041,3.2836995124816895,3.6798667907714844,0.6512658670996657,1.7361434698104858,-0.4593120886889476,2.7417819119405262,8.618027524040182,5.83804711521465,5.683523625344536,-0.15452348987011355,0.8310198451210367,35.161731713266484
p232_044,/home/vpopescu/projects/ultra-low-power-se/datasets/datasets/voicebank-demand/16k/clean_test/p232_044.wav,/home/vpopescu/projects/ultra-low-power-se/datasets/datasets/voicebank-demand/16k/noisy_test/p232_044.wav,/tmp/exp_fc_base_full_eval_j8p2wsn0/p232_044.wav,1.8990810515606749,1.849451551474597,2.3351688851663703,2.7665276527404785,3.4681546688079834,3.459696054458618,1.1620970635334222,1.517275094985962,-1.4161149267083215,7.347754448713225,7.077811532858841,-0.17129727265052191,6.3992235096134165,6.570520782263938,0.8011139952162779,52.994457637141466
p232_045,/home/vpopescu/projects/ultra-low-power-se/datasets/datasets/voicebank-demand/16k/clean_test/p232_045.wav,/home/vpopescu/projects/ultra-low-power-se/datasets/datasets/voicebank-demand/16k/noisy_test/p232_045.wav,/tmp/exp_fc_base_full_eval_j8p2wsn0/p232_045.wav,3.218571556410758,3.9900330046205132,4.666021886263163,3.891756296157837,2.954486846923828,3.2386419773101807,0.21771288039538214,3.302969217300415,2.4942935092864302,-2.080915481226736,12.29365081114868,14.371099507925093,5.442542507168264,-8.928557000756829,0.9272195450511413,21.626888649126464
p232_046,/home/vpopescu/projects/ultra-low-power-se/datasets/datasets/voicebank-demand/16k/clean_test/p232_046.wav,/home/vpopescu/projects/ultra-low-power-se/datasets/datasets/voicebank-demand/16k/noisy_test/p232_046.wav,/tmp/exp_fc_base_full_eval_j8p2wsn0/p232_046.wav,2.3745201492363077,2.5506003576124767,3.2331284693001776,3.355591058731079,2.5643508434295654,2.9298458099365234,0.6710875981503296,1.9467697143554688,1.220899015319069,0.3063275638443983,10.204903746614598,9.92355625136127,5.556802222243888,-4.366754029117381,0.8125220202986991,38.13605888438678
p232_047,/home/vpopescu/projects/ultra-low-power-se/datasets/datasets/voicebank-demand/16k/clean_test/p232_047.wav,/home/vpopescu/projects/ultra-low-power-se/datasets/datasets/voicebank-demand/16k/noisy_test/p232_047.wav,/tmp/exp_fc_base_full_eval_j8p2wsn0/p232_047.wav,2.514578478017044,2.8820828956765765,3.666677518934215,3.5312414169311523,2.8507533073425293,3.4266390800476074,0.43870563069562607,2.1291542053222656,1.0176464216617196,3.339146347598132,9.075192654904477,5.6983290965639455,5.868095056040339,0.1697659594763934,0.8990928988476209,28.752708098812423
p232_048,/home/vpopescu/projects/ultra-low-power-se/datasets/datasets/voicebank-demand/16k/clean_test/p232_048.wav,/home/vpopescu/projects/ultra-low-power-se/datasets/datasets/voicebank-demand/16k/noisy_test/p232_048.wav,/tmp/exp_fc_base_full_eval_j8p2wsn0/p232_048.wav,1.9914468330957558,2.3987269863274836,3.1054051188112073,3.25707745552063,3.3481099605560303,3.7777397632598877,0.6336348762217767,1.8225610256195068,-2.789265944122195,6.575158102624737,5.920341032182756,-0.6738945517869083,5.238599040904691,5.912493592691599,0.6821268858244014,48.28765466723859
p232_049,/home/vpopescu/projects/ultra-low-power-se/datasets/datasets/voicebank-demand/16k/clean_test/p232_049.wav,/home/vpopescu/projects/ultra-low-power-se/datasets/datasets/voicebank-demand/16k/noisy_test/p232_049.wav,/tmp/exp_fc_base_full_eval_j8p2wsn0/p232_049.wav,2.812691283070821,3.0676718013740985,3.8984970733615074,4.095283508300781,3.733189582824707,3.886552095413208,0.34843212958209135,2.2223496437072754,4.021120076872554,-4.595172800423859,11.848281737060702,16.446150891351184,5.783977015614904,-10.66217387573628,0.9547575980234078,19.56034449488971
p232_050,/home/vpopescu/projects/ultra-low-power-se/datasets/datasets/voicebank-demand/16k/clean_test/p232_050.wav,/home/vpopescu/projects/ultra-low-power-se/datasets/datasets/voicebank-demand/16k/noisy_test/p232_050.wav,/tmp/exp_fc_base_full_eval_j8p2wsn0/p232_050.wav,2.3113730953757723,2.283494987355173,2.894431161150955,3.1132521629333496,3.4126248359680176,3.511340379714966,0.8729687825253547,1.7625935077667236,1.8616852128148764,0.42909715291006734,10.90548441343973,10.497685144402766,6.170484160343102,-4.3272009840596635,0.8881691619622083,40.3475385348655
p232_051,/home/vpopescu/projects/ultra-low-power-se/datasets/datasets/voicebank-demand/16k/clean_test/p232_051.wav,/home/vpopescu/projects/ultra-low-power-se/datasets/datasets/voicebank-demand/16k/noisy_test/p232_051.wav,/tmp/exp_fc_base_full_eval_j8p2wsn0/p232_051.wav,1.8834380830886128,1.8685941390141427,2.401843656188809,3.0668625831604004,3.136234998703003,3.473081588745117,1.1139793703873702,1.4611988067626953,-1.8682775198803427,3.450604937590472,8.607774075572536,5.141397012415619,6.459591599087031,1.318194586671412,0.8777479413445743,47.33049468449912
p232_052,/home/vpopescu/projects/ultra-low-power-se/datasets/datasets/voicebank-demand/16k/clean_test/p232_052.wav,/home/vpopescu/projects/ultra-low-power-se/datasets/datasets/voicebank-demand/16k/noisy_test/p232_052.wav,/tmp/exp_fc_base_full_eval_j8p2wsn0/p232_052.wav,1.7702365584067299,1.6080113863741292,2.1476027120133154,2.2027199268341064,3.1110689640045166,3.3055686950683594,1.1954892659575893,1.2042291164398193,-1.5251176359026013,3.2560505288185055,4.485633980835284,1.1833939355574785,4.98317215072813,3.799778215170652,0.7621743374813555,49.043221169948524
p232_053,/home/vpopescu/projects/ultra-low-power-se/datasets/datasets/voicebank-demand/16k/clean_test/p232_053.wav,/home/vpopescu/projects/ultra-low-power-se/datasets/datasets/voicebank-demand/16k/noisy_test/p232_053.wav,/tmp/exp_fc_base_full_eval_j8p2wsn0/p232_053.wav,2.4649517991914927,2.683997447059748,3.488171389384822,3.842411518096924,2.8724007606506348,3.286346435546875,0.45810563848713953,1.936174988746643,2.214817246769552,-4.379886915257172,11.072365950934277,15.466768556769164,5.843268787384309,-9.623499769384855,0.9274873792225456,33.43904742512636
p232_054,/home/vpopescu/projects/ultra-low-power-se/datasets/datasets/voicebank-demand/16k/clean_test/p232_054.wav,/home/vpopescu/projects/ultra-low-power-se/datasets/datasets/voicebank-demand/16k/noisy_test/p232_054.wav,/tmp/exp_fc_base_full_eval_j8p2wsn0/p232_054.wav,2.5815671597116907,2.7559709131342682,3.533360626973669,3.1974503993988037,3.0080456733703613,3.471740961074829,0.4948743171064585,2.0142245292663574,3.0297145601430886,-0.8293467136281691,10.878428951246006,11.70778792222547,5.881858301365428,-5.825929620860043,0.9429053171485576,29.44345465237757
p232_055,/home/vpopescu/projects/ultra-low-power-se/datasets/datasets/voicebank-demand/16k/clean_test/p232_055.wav,/home/vpopescu/projects/ultra-low-power-se/datasets/datasets/voicebank-demand/16k/noisy_test/p232_055.wav,/tmp/exp_fc_base_full_eval_j8p2wsn0/p232_055.wav,2.3381708669795995,2.5155309625751143,3.1388044706904354,3.549110174179077,2.928309440612793,3.2296831607818604,0.8219455362175159,1.931282639503479,-0.10582201621023316,4.520133135401628,9.818713923717352,5.267608424246152,5.992305658106565,0.7246972338604127,0.856243783934114,30.33077824025981
p232_056,/home/vpopescu/projects/ultra-low-power-se/datasets/datasets/voicebank-demand/16k/clean_test/p232_056.wav,/home/vpopescu/projects/ultra-low-power-se/datasets/datasets/voicebank-demand/16k/noisy_test/p232_056.wav,/tmp/exp_fc_base_full_eval_j8p2wsn0/p232_056.wav,1.831861473708998,1.8366365819558426,2.4419574307014495,2.3541688919067383,2.449150800704956,2.5062191486358643,1.0211584598570462,1.3528839349746704,-1.987542745348174,4.047018697018616,4.555823417025147,0.5885614299583886,5.284766881508169,4.696205451549781,0.8129254758799987,46.2288363217085
p232_057,/home/vpopescu/projects/ultra-low-power-se/datasets/datasets/voicebank-demand/16k/clean_test/p232_057.wav,/home/vpopescu/projects/ultra-low-power-se/datasets/datasets/voicebank-demand/16k/noisy_test/p232_057.wav,/tmp/exp_fc_base_full_eval_j8p2wsn0/p232_057.wav,2.909189951993983,3.3051800571054657,4.126381814504426,4.29665470123291,2.455886125564575,3.1325716972351074,0.29153975167182145,2.4505298137664795,3.4295998592727543,-5.491304692504922,10.58556698084579,16.07555378614582,5.652270567206783,-10.423283218939039,0.9390703187401442,16.032584302939664
p232_058,/home/vpopescu/projects/ultra-low-power-se/datasets/datasets/voicebank-demand/16k/clean_test/p232_058.wav,/home/vpopescu/projects/ultra-low-power-se/datasets/datasets/voicebank-demand/16k/noisy_test/p232_058.wav,/tmp/exp_fc_base_full_eval_j8p2wsn0/p232_058.wav,3.0659403185473297,3.5319245743882326,4.341377442926253,4.133947372436523,3.678675889968872,3.7356579303741455,0.24042925805864562,2.6715493202209473,3.8811522499257247,-0.115842460838401,11.61283920618368,11.7335853357696,5.8847606257437715,-5.848824710025829,0.9383908520940536,12.796121180514763
p232_059,/home/vpopescu/projects/ultra-low-power-se/datasets/datasets/voicebank-demand/16k/clean_test/p232_059.wav,/home/vpopescu/projects/ultra-low-power-se/datasets/datasets/voicebank-demand/16k/noisy_test/p232_059.wav,/tmp/exp_fc_base_full_eval_j8p2wsn0/p232_059.wav,2.4274681405555256,2.7863373317241207,3.566462275351618,3.965132713317871,2.9973623752593994,3.5118744373321533,0.49021347195688575,2.0319762229919434,0.23171009694992614,4.374283164187897,9.085137710999966,4.686316029424499,5.4763061851568775,0.7899901557323785,0.7905443207571193,27.487747163209804
p232_060,/home/vpopescu/projects/ultra-low-power-se/datasets/datasets/voicebank-demand/16k/clean_test/p232_060.wav,/home/vpopescu/projects/ultra-low-power-se/datasets/datasets/voicebank-demand/16k/noisy_test/p232_060.wav,/tmp/exp_fc_base_full_eval_j8p2wsn0/p232_060.wav,2.492077261671745,2.991329959964812,3.5324054147303467,3.7960236072540283,3.0839149951934814,3.308631420135498,0.7589890054862815,2.490262985229492,-1.8022075068571297,6.2972856939880595,6.393681411564809,0.09135438164304281,5.166805474258003,5.07545109261496,0.8333391272701965,31.247053190850394
p232_061,/home/vpopescu/projects/ultra-low-power-se/datasets/datasets/voicebank-demand/16k/clean_test/p232_061.wav,/home/vpopescu/projects/ultra-low-power-se/datasets/datasets/voicebank-demand/16k/noisy_test/p232_061.wav,/tmp/exp_fc_base_full_eval_j8p2wsn0/p232_061.wav,2.852711918846391,3.212761116665601,4.017878606854681,3.828282594680786,3.0781521797180176,3.594921350479126,0.32802195745257656,2.395331621170044,3.4170952394869127,-4.781367991978563,11.774853881668658,16.56388072038594,5.638668726992428,-10.92521199339351,0.9544568650474167,20.21908516579502
p232_062,/home/vpopescu/projects/ultra-low-power-se/datasets/datasets/voicebank-demand/16k/clean_test/p232_062.wav,/home/vpopescu/projects/ultra-low-power-se/datasets/datasets/voicebank-demand/16k/noisy_test/p232_062.wav,/tmp/exp_fc_base_full_eval_j8p2wsn0/p232_062.wav,2.5829274847185473,2.820697595095933,3.6133798636421215,3.084003210067749,3.3384664058685303,3.7747557163238525,0.46430944909075733,2.0478625297546387,2.446896808220855,-0.6820118577553558,10.716703940606568,11.393900338931505,5.645294759195747,-5.7486055797357585,0.9478610802409292,26.30075763172625
p232_063,/home/vpopescu/projects/ultra-low-power-se/datasets/datasets/voicebank-demand/16k/clean_test/p232_063.wav,/home/vpopescu/projects/ultra-low-power-se/datasets/datasets/voicebank-demand/16k/noisy_test/p232_063.wav,/tmp/exp_fc_base_full_eval_j8p2wsn0/p232_063.wav,2.3544819174692346,2.6797769342137787,3.4197157345058136,3.1724705696105957,2.856893539428711,3.1515755653381348,0.572249653603123,1.9841251373291016,-0.1504431663924885,4.215046843629896,9.660372230518348,5.442420011092365,6.010391797840158,0.5679717867477931,0.951635923423164,31.207425527335634
p232_064,/home/vpopescu/projects/ultra-low-power-se/datasets/datasets/voicebank-demand/16k/clean_test/p232_064.wav,/home/vpopescu/projects/ultra-low-power-se/datasets/datasets/voicebank-demand/16k/noisy_test/p232_064.wav,/tmp/exp_fc_base_full_eval_j8p2wsn0/p232_064.wav,2.0302673297424305,2.348232646316248,3.1514333911116275,3.2539734840393066,3.1288976669311523,3.386601448059082,0.5647997095278899,1.6248031854629517,-1.838605177868442,6.045711419901224,7.026732965407485,0.8777505952923771,6.074659425989196,5.196908830696819,0.932676221826067,37.79378095759262
p232_065,/home/vpopescu/projects/ultra-low-power-se/datasets/datasets/voicebank-demand/16k/clean_test/p232_065.wav,/home/vpopescu/projects/ultra-low-power-se/datasets/datasets/voicebank-demand/16k/noisy_test/p232_065.wav,/tmp/exp_fc_base_full_eval_j8p2wsn0/p232_065.wav,2.6083068812128043,2.954370292160862,3.662963934499673,3.3280029296875,3.0258407592773438,3.372650384902954,0.43270007785154135,2.3580451011657715,2.594839639256518,-3.5866495344363845,11.661182647128967,15.205346371718207,5.650676797903918,-9.554669573814289,0.9124905376324204,45.18765348822785
p232_066,/home/vpopescu/projects/ultra-low-power-se/datasets/datasets/voicebank-demand/16k/clean_test/p232_066.wav,/home/vpopescu/projects/ultra-low-power-se/datasets/datasets/voicebank-demand/16k/noisy_test/p232_066.wav,/tmp/exp_fc_base_full_eval_j8p2wsn0/p232_066.wav,2.7271669299761223,3.02596294857606,3.80028143497856,3.1591482162475586,3.2860190868377686,3.448387861251831,0.42483401331461096,2.2600040435791016,2.9001633148150443,-0.5299941169973561,10.944352465471809,11.471635660409396,5.5749129173901215,-5.896722743019274,0.9295911107981505,24.260755955433687
p232_067,/home/vpopescu/projects/ultra-low-power-se/datasets/datasets/voicebank-demand/16k/clean_test/p232_067.wav,/home/vpopescu/projects/ultra-low-power-se/datasets/datasets/voicebank-demand/16k/noisy_test/p232_067.wav,/tmp/exp_fc_base_full_eval_j8p2wsn0/p232_067.wav,2.670454078109288,3.107687829832236,3.9430663773257995,4.0576863288879395,3.244619369506836,3.6790475845336914,0.3221115689257662,2.260861873626709,1.5420152009998915,2.7655396417337794,9.034081356703329,6.274770974490575,5.541096987412699,-0.7336739870778759,0.9315489916093068,20.197836449610346
p232_068,/home/vpopescu/projects/ultra-low-power-se/datasets/datasets/voicebank-demand/16k/clean_test/p232_068.wav,/home/vpopescu/projects/ultra-low-power-se/datasets/datasets/voicebank-demand/16k/noisy_test/p232_068.wav,/tmp/exp_fc_base_full_eval_j8p2wsn0/p232_068.wav,2.5877557138342406,2.865232931992594,3.5743547271550087,3.6069068908691406,3.6848201751708984,3.5370235443115234,0.5900360906393527,2.162853717803955,1.3917058596220933,6.049460069327111,7.386673827596652,1.351031313128005,5.6044229016622715,4.253391588534266,0.916802653052803,23.966547490320224
p232_069,/home/vpopescu/projects/ultra-low-power-se/datasets/datasets/voicebank-demand/16k/clean_test/p232_069.wav,/home/vpopescu/projects/ultra-low-power-se/datasets/datasets/voicebank-demand/16k/noisy_test/p232_069.wav,/tmp/exp_fc_base_full_eval_j8p2wsn0/p232_069.wav,2.679697264109743,2.9014443898970335,3.71760588157165,3.8904807567596436,3.23775577545166,3.6762802600860596,0.39326766464362783,2.107879877090454,3.5901039638690677,-5.160699040681365,11.205514468580596,16.360839664574858,5.80516661484518,-10.555673049729677,0.947043968712984,26.863695266177874
p232_070,/home/vpopescu/projects/ultra-low-power-se/datasets/datasets/voicebank-demand/16k/clean_test/p232_070.wav,/home/vpopescu/projects/ultra-low-power-se/datasets/datasets/voicebank-demand/16k/noisy_test/p232_070.wav,/tmp/exp_fc_base_full_eval_j8p2wsn0/p232_070.wav,2.523687669228344,2.59961605643478,3.4030118558009574,3.4379053115844727,3.123248338699341,3.546987533569336,0.5294935935617606,1.8209079504013062,3.30806020112968,-0.16156057971412707,11.113101978956848,11.275434001317048,6.023531982854559,-5.25190201846249,0.8905658469981446,27.01630339066429
p232_071,/home/vpopescu/projects/ultra-low-power-se/datasets/datasets/voicebank-demand/16k/clean_test/p232_071.wav,/home/vpopescu/projects/ultra-low-power-se/datasets/datasets/voicebank-demand/16k/noisy_test/p232_071.wav,/tmp/exp_fc_base_full_eval_j8p2wsn0/p232_071.wav,2.1027057920297714,1.9975559402151815,2.5858314314398823,3.2514007091522217,3.062030792236328,3.6236863136291504,1.0039015329795078,1.5135776996612549,0.7316218209255941,3.3484980291563735,9.531335343002276,6.1933742979616735,6.335271899086376,0.14189760112470218,0.8597277154746228,42.982360446660124
p232_072,/home/vpopescu/projects/ultra-low-power-se/datasets/datasets/voicebank-demand/16k/clean_test/p232_072.wav,/home/vpopescu/projects/ultra-low-power-se/datasets/datasets/voicebank-demand/16k/noisy_test/p232_072.wav,/tmp/exp_fc_base_full_eval_j8p2wsn0/p232_072.wav,1.8422295861196565,1.7289168848743017,2.3520316832529384,2.628511667251587,2.9935355186462402,3.3988540172576904,1.0275777471961929,1.2349424362182617,-0.7774750583448189,4.7845515807835985,5.4610929445606455,0.8811604973761935,5.423399883212442,4.542239385836249,0.755809054789009,47.58456710242121
p232_073,/home/vpopescu/projects/ultra-low-power-se/datasets/datasets/voicebank-demand/16k/clean_test/p232_073.wav,/home/vpopescu/projects/ultra-low-power-se/datasets/datasets/voicebank-demand/16k/noisy_test/p232_073.wav,/tmp/exp_fc_base_full_eval_j8p2wsn0/p232_073.wav,2.5016785227011247,2.8632650944437397,3.513600080774464,3.4433693885803223,3.385809898376465,3.784604549407959,0.5670532920983669,2.317355155944824,1.0453536301107769,-4.035003777358707,11.408059625766668,15.430073786007659,5.95220089570165,-9.47787289030601,0.9565200827597693,43.69636007678287
p232_074,/home/vpopescu/projects/ultra-low-power-se/datasets/datasets/voicebank-demand/16k/clean_test/p232_074.wav,/home/vpopescu/projects/ultra-low-power-se/datasets/datasets/voicebank-demand/16k/noisy_test/p232_074.wav,/tmp/exp_fc_base_full_eval_j8p2wsn0/p232_074.wav,2.6052677074543715,2.7045986217738776,3.2268015766711455,3.2964370250701904,2.902773857116699,3.144225597381592,0.9429278119808712,2.1864678859710693,1.4740483279179062,0.7618458290793235,12.002871809090394,11.216508477790022,5.909997421311334,-5.306511056478688,0.9023128305431243,23.81842667123251
p232_075,/home/vpopescu/projects/ultra-low-power-se/datasets/datasets/voicebank-demand/16k/clean_test/p232_075.wav,/home/vpopescu/projects/ultra-low-power-se/datasets/datasets/voicebank-demand/16k/noisy_test/p232_075.wav,/tmp/exp_fc_base_full_eval_j8p2wsn0/p232_075.wav,2.2191546831143345,2.4114616212319495,3.1267506783873737,3.21887469291687,3.2498574256896973,3.474130153656006,0.6693472327962513,1.7804046869277954,0.11396208438244253,2.379430625227771,8.672659937349083,6.208357352236201,5.8233752645414905,-0.384982087694711,0.9387230811644828,39.00833836474935
p232_076,/home/vpopescu/projects/ultra-low-power-se/datasets/datasets/voicebank-demand/16k/clean_test/p232_076.wav,/home/vpopescu/projects/ultra-low-power-se/datasets/datasets/voicebank-demand/16k/noisy_test/p232_076.wav,/tmp/exp_fc_base_full_eval_j8p2wsn0/p232_076.wav,1.7836304390520423,1.9149613120350362,2.626406586328068,2.9693186283111572,3.281541585922241,3.479374885559082,0.7500345983109308,1.3916884660720825,-1.5915310938510918,4.1456964450331855,4.929366385209758,0.8164774616069298,4.8020580095776975,3.9855805479707676,0.8451616207225415,59.33288411682773
p232_077,/home/vpopescu/projects/ultra-low-power-se/datasets/datasets/voicebank-demand/16k/clean_test/p232_077.wav,/home/vpopescu/projects/ultra-low-power-se/datasets/datasets/voicebank-demand/16k/noisy_test/p232_077.wav,/tmp/exp_fc_base_full_eval_j8p2wsn0/p232_077.wav,3.177051534534551,3.8490067527274414,4.567728549504597,4.152432441711426,2.952855110168457,3.3547327518463135,0.21771461106597303,3.1107776165008545,3.076177484716056,-3.2056771896267353,11.921621637328956,15.129413530739908,5.725210078669826,-9.404203452070082,0.8667279638401235,19.67133538428128
p232_078,/home/vpopescu/projects/ultra-low-power-se/datasets/datasets/voicebank-demand/16k/clean_test/p232_078.wav,/home/vpopescu/projects/ultra-low-power-se/datasets/datasets/voicebank-demand/16k/noisy_test/p232_078.wav,/tmp/exp_fc_base_full_eval_j8p2wsn0/p232_078.wav,2.866668321409561,3.3167226649463557,4.074038899639431,4.068694114685059,3.3260605335235596,3.6103763580322266,0.3745908974116106,2.534777879714966,2.3337695818294404,-0.29106180174596297,10.744374463841615,11.045884692672098,5.6391637020259395,-5.406720990646159,0.956487297894917,17.997569821349593
p232_079,/home/vpopescu/projects/ultra-low-power-se/datasets/datasets/voicebank-demand/16k/clean_test/p232_079.wav,/home/vpopescu/projects/ultra-low-power-se/datasets/datasets/voicebank-demand/16k/noisy_test/p232_079.wav,/tmp/exp_fc_base_full_eval_j8p2wsn0/p232_079.wav,2.7783632137305254,3.165803843967223,3.892864003510642,3.6802995204925537,3.2838339805603027,3.400491237640381,0.47189954563271364,2.421497106552124,1.9488310514586966,4.2532663491158935,10.133386994134103,5.902330498793845,5.839505187057494,-0.06282531173635153,0.9224198498121889,19.412679920469646
p232_080,/home/vpopescu/projects/ultra-low-power-se/datasets/datasets/voicebank-demand/16k/clean_test/p232_080.wav,/home/vpopescu/projects/ultra-low-power-se/datasets/datasets/voicebank-demand/16k/noisy_test/p232_080.wav,/tmp/exp_fc_base_full_eval_j8p2wsn0/p232_080.wav,1.9999820131187356,2.4420259508194686,3.1866477750401376,3.591618776321411,3.2342169284820557,3.0746920108795166,0.6345906447389872,1.762545108795166,-3.6603507496995946,6.300651866928469,5.560869355626469,-0.7138685244066221,5.005550324917444,5.719418849324065,0.9345217947816159,35.130350236325555
p232_081,/home/vpopescu/projects/ultra-low-power-se/datasets/datasets/voicebank-demand/16k/clean_test/p232_081.wav,/home/vpopescu/projects/ultra-low-power-se/datasets/datasets/voicebank-demand/16k/noisy_test/p232_081.wav,/tmp/exp_fc_base_full_eval_j8p2wsn0/p232_081.wav,2.8883934174799153,3.2482714714733865,4.041117840690735,3.5227153301239014,3.59873366355896,3.741811752319336,0.31476009707154967,2.4586031436920166,3.8560000681458013,-3.3060562017748296,12.433480119522953,15.739222445176084,6.506934201847941,-9.232288243328142,0.9073768310956809,23.392412785436246
p232_082,/home/vpopescu/projects/ultra-low-power-se/datasets/datasets/voicebank-demand/16k/clean_test/p232_082.wav,/home/vpopescu/projects/ultra-low-power-se/datasets/datasets/voicebank-demand/16k/noisy_test/p232_082.wav,/tmp/exp_fc_base_full_eval_j8p2wsn0/p232_082.wav,2.0379387076938316,1.9450050951222968,2.4996934611353008,2.8886024951934814,3.511190891265869,3.3143539428710938,0.9758825977166501,1.5806138515472412,1.113372253913618,0.6374200294165355,10.928361267453909,10.285376173554042,6.229511982835532,-4.05586419071851,0.8543700288728732,60.248166477472516
p232_083,/home/vpopescu/projects/ultra-low-power-se/datasets/datasets/voicebank-demand/16k/clean_test/p232_083.wav,/home/vpopescu/projects/ultra-low-power-se/datasets/datasets/voicebank-demand/16k/noisy_test/p232_083.wav,/tmp/exp_fc_base_full_eval_j8p2wsn0/p232_083.wav,2.3456251352542616,2.6556940190668366,3.443629958082289,3.4525208473205566,3.4408106803894043,3.68664288520813,0.4994419388782411,1.9195716381072998,0.34788522448972264,3.8475575320567783,9.29220958790847,5.41934369328004,5.953286813638664,0.5339431203586242,0.8673591021303342,32.549553843411424
p232_084,/home/vpopescu/projects/ultra-low-power-se/datasets/datasets/voicebank-demand/16k/clean_test/p232_084.wav,/home/vpopescu/projects/ultra-low-power-se/datasets/datasets/voicebank-demand/16k/noisy_test/p232_084.wav,/tmp/exp_fc_base_full_eval_j8p2wsn0/p232_084.wav,1.9267356949779322,2.0157172890615165,2.738954688046177,3.465609550476074,3.6092417240142822,3.526618242263794,0.790435045733207,1.3963603973388672,-1.223404564590094,6.7564986511847005,6.343698771824453,-0.3091644770287225,5.914446199769127,6.22361067679785,0.8555275254743709,42.52144105441
p232_085,/home/vpopescu/projects/ultra-low-power-se/datasets/datasets/voicebank-demand/16k/clean_test/p232_085.wav,/home/vpopescu/projects/ultra-low-power-se/datasets/datasets/voicebank-demand/16k/noisy_test/p232_085.wav,/tmp/exp_fc_base_full_eval_j8p2wsn0/p232_085.wav,3.1357551383361493,3.7208680305738953,4.508441075102251,3.804614782333374,3.0556678771972656,3.025393486022949,0.198056093072081,2.883521556854248,3.4348244000109167,-3.997819686985496,11.826876549795218,15.831462963500778,5.5612675263184475,-10.27019543718233,0.9547225794292462,13.280300434409904
p232_086,/home/vpopescu/projects/ultra-low-power-se/datasets/datasets/voicebank-demand/16k/clean_test/p232_086.wav,/home/vpopescu/projects/ultra-low-power-se/datasets/datasets/voicebank-demand/16k/noisy_test/p232_086.wav,/tmp/exp_fc_base_full_eval_j8p2wsn0/p232_086.wav,2.8480792848859635,3.348525259617651,4.198810132567707,3.6227569580078125,3.113596200942993,3.727864980697632,0.21686951473299243,2.475952386856079,2.5103692734437906,0.006719849248591814,10.738208422993111,10.720195992922806,5.907967256855918,-4.812228736066888,0.943755758119974,18.225602894028754
p232_087,/home/vpopescu/projects/ultra-low-power-se/datasets/datasets/voicebank-demand/16k/clean_test/p232_087.wav,/home/vpopescu/projects/ultra-low-power-se/datasets/datasets/voicebank-demand/16k/noisy_test/p232_087.wav,/tmp/exp_fc_base_full_eval_j8p2wsn0/p232_087.wav,2.7977676724147087,3.3731541201472135,4.104332922652377,3.725686550140381,3.632734537124634,3.5212037563323975,0.36266177155944457,2.6428403854370117,1.0022147820152836,3.6429423853372693,9.420831976574144,5.792054864452911,4.904535204496404,-0.8875196599565074,0.9064770625044257,23.23565187016365
p232_088,/home/vpopescu/projects/ultra-low-power-se/datasets/datasets/voicebank-demand/16k/clean_test/p232_088.wav,/home/vpopescu/projects/ultra-low-power-se/datasets/datasets/voicebank-demand/16k/noisy_test/p232_088.wav,/tmp/exp_fc_base_full_eval_j8p2wsn0/p232_088.wav,2.5356943240928245,2.925437812235361,3.7291399046125586,3.9460699558258057,3.630650043487549,3.5430874824523926,0.3979415946068973,2.1485788822174072,1.0967573000607085,6.067663850341603,7.554484852382657,1.4517604887963844,5.3726697716658975,3.920909282869513,0.9014945659275062,27.774584501560067
p232_089,/home/vpopescu/projects/ultra-low-power-se/datasets/datasets/voicebank-demand/16k/clean_test/p232_089.wav,/home/vpopescu/projects/ultra-low-power-se/datasets/datasets/voicebank-demand/16k/noisy_test/p232_089.wav,/tmp/exp_fc_base_full_eval_j8p2wsn0/p232_089.wav,2.6960531190080137,2.913501767419255,3.625353909498441,3.642577648162842,3.455066204071045,3.7121706008911133,0.5214035123913479,2.2473533153533936,3.340909323253151,-5.185255555227261,11.016155543887805,16.21971898152336,5.9401383185195575,-10.279580663003802,0.8788549468711044,31.80843615655096
p232_090,/home/vpopescu/projects/ultra-low-power-se/datasets/datasets/voicebank-demand/16k/clean_test/p232_090.wav,/home/vpopescu/projects/ultra-low-power-se/datasets/datasets/voicebank-demand/16k/noisy_test/p232_090.wav,/tmp/exp_fc_base_full_eval_j8p2wsn0/p232_090.wav,2.4847121379583093,2.566236409675457,3.347295050109734,3.5404767990112305,3.1840085983276367,3.630358934402466,0.5702918537263425,1.8155274391174316,2.859742408989926,-1.3364119598293733,10.059772769450534,11.394884197798078,5.852341854436743,-5.542542343361335,0.935039138569504,28.18196424374119
p232_091,/home/vpopescu/projects/ultra-low-power-se/datasets/datasets/voicebank-demand/16k/clean_test/p232_091.wav,/home/vpopescu/projects/ultra-low-power-se/datasets/datasets/voicebank-demand/16k/noisy_test/p232_091.wav,/tmp/exp_fc_base_full_eval_j8p2wsn0/p232_091.wav,2.1714883067889574,2.2257603356415983,2.856101782917145,2.7913978099823,2.919780731201172,3.599050283432007,0.8936040130360282,1.6617817878723145,-0.13324823639429476,3.2930989727958293,8.460365330040387,5.2776246440342955,5.7979981665044225,0.5203735224701269,0.9056364444354551,35.49267841730975
p232_092,/home/vpopescu/projects/ultra-low-power-se/datasets/datasets/voicebank-demand/16k/clean_test/p232_092.wav,/home/vpopescu/projects/ultra-low-power-se/datasets/datasets/voicebank-demand/16k/noisy_test/p232_092.wav,/tmp/exp_fc_base_full_eval_j8p2wsn0/p232_092.wav,1.9952256833010171,2.1139486261506346,2.7501760055788527,2.992164373397827,2.8732173442840576,3.267235517501831,0.9010292233115377,1.5678355693817139,-1.704248793608001,5.509083206901227,6.003290482588978,0.5580110379067483,5.377454166756532,4.819443128849784,0.8390060492134948,40.118863552305356
p232_093,/home/vpopescu/projects/ultra-low-power-se/datasets/datasets/voicebank-demand/16k/clean_test/p232_093.wav,/home/vpopescu/projects/ultra-low-power-se/datasets/datasets/voicebank-demand/16k/noisy_test/p232_093.wav,/tmp/exp_fc_base_full_eval_j8p2wsn0/p232_093.wav,2.72800000433251,2.8472178840795364,3.549165499746069,3.1533329486846924,3.666308641433716,3.4183547496795654,0.585676728587477,2.1712868213653564,3.9829591397247284,-4.91723627136912,11.203090474535841,16.093186876405987,6.080235028114283,-10.012951848291703,0.8913028231707149,27.828788868969667
p232_094,/home/vpopescu/projects/ultra-low-power-se/datasets/datasets/voicebank-demand/16k/clean_test/p232_094.wav,/home/vpopescu/projects/ultra-low-power-se/datasets/datasets/voicebank-demand/16k/noisy_test/p232_094.wav,/tmp/exp_fc_base_full_eval_j8p2wsn0/p232_094.wav,2.511447125770258,2.582366036839494,3.3211267102437247,3.5054686069488525,3.0881834030151367,3.4509174823760986,0.6386611864098826,1.8654370307922363,2.731499532666122,-0.7383735707525467,10.721367431738235,11.487092049367151,6.077890146184331,-5.40920190318282,0.9197763050964083,26.616606500913836
p232_095,/home/vpopescu/projects/ultra-low-power-se/datasets/datasets/voicebank-demand/16k/clean_test/p232_095.wav,/home/vpopescu/projects/ultra-low-power-se/datasets/datasets/voicebank-demand/16k/noisy_test/p232_095.wav,/tmp/exp_fc_base_full_eval_j8p2wsn0/p232_095.wav,2.194264698779823,1.5869664514816142,2.0010228216096584,3.3528003692626953,3.5137360095977783,3.8677918910980225,1.4940102311187187,1.2247294187545776,3.219865538066229,1.3769214747294312,8.791098807270302,7.455976902293081,5.996700606343312,-1.4592762959497687,0.8731009692823049,32.57249889757674
p232_096,/home/vpopescu/projects/ultra-low-power-se/datasets/datasets/voicebank-demand/16k/clean_test/p232_096.wav,/home/vpopescu/projects/ultra-low-power-se/datasets/datasets/voicebank-demand/16k/noisy_test/p232_096.wav,/tmp/exp_fc_base_full_eval_j8p2wsn0/p232_096.wav,1.7929136891122552,1.6233803490947776,2.1237307973970196,3.077907085418701,3.3638813495635986,2.9535930156707764,1.2670407672330861,1.243828296661377,-1.785074282501462,5.811264539903251,6.51122755989185,0.8436708555387253,5.71691144980227,4.873240594263544,0.7766256439816088,46.16807955632722
p232_097,/home/vpopescu/projects/ultra-low-power-se/datasets/datasets/voicebank-demand/16k/clean_test/p232_097.wav,/home/vpopescu/projects/ultra-low-power-se/datasets/datasets/voicebank-demand/16k/noisy_test/p232_097.wav,/tmp/exp_fc_base_full_eval_j8p2wsn0/p232_097.wav,2.672118706244398,2.897898437480482,3.7431969934239455,3.9302492141723633,3.1935949325561523,3.7385692596435547,0.3765389392023167,2.052443265914917,3.3743060293096487,-5.081104662333772,11.285251018313557,16.36094575107654,5.702167677538638,-10.658778073537901,0.9529984473951252,22.218636387062844
p232_098,/home/vpopescu/projects/ultra-low-power-se/datasets/datasets/voicebank-demand/16k/clean_test/p232_098.wav,/home/vpopescu/projects/ultra-low-power-se/datasets/datasets/voicebank-demand/16k/noisy_test/p232_098.wav,/tmp/exp_fc_base_full_eval_j8p2wsn0/p232_098.wav,2.6065088297827232,2.877052300332182,3.7820749415663735,4.176384449005127,3.6398210525512695,3.7867417335510254,0.32721384535874176,1.9427335262298584,2.495188947683004,0.06717023324896587,11.180678286876333,11.109426094534317,5.583259761342115,-5.526166333192203,0.8993972417626931,16.187814208453986
p232_099,/home/vpopescu/projects/ultra-low-power-se/datasets/datasets/voicebank-demand/16k/clean_test/p232_099.wav,/home/vpopescu/projects/ultra-low-power-se/datasets/datasets/voicebank-demand/16k/noisy_test/p232_099.wav,/tmp/exp_fc_base_full_eval_j8p2wsn0/p232_099.wav,2.896780449156967,3.460791935616352,4.191706339702118,3.7087783813476562,3.2476248741149902,3.4578611850738525,0.34538811116273493,2.7162370681762695,1.7041162209354903,3.471184901517483,9.848452869546398,6.370256242036842,5.5751984433828925,-0.7950577986539491,0.9546756518114345,20.420027335746482
p232_100,/home/vpopescu/projects/ultra-low-power-se/datasets/datasets/voicebank-demand/16k/clean_test/p232_100.wav,/home/vpopescu/projects/ultra-low-power-se/datasets/datasets/voicebank-demand/16k/noisy_test/p232_100.wav,/tmp/exp_fc_base_full_eval_j8p2wsn0/p232_100.wav,2.5337090000807208,2.995140674943768,3.65356435177716,3.847217559814453,3.163997173309326,3.177063465118408,0.5929973400994006,2.3635871410369873,-0.5103701249975419,7.112501131738493,7.3814961160028485,0.2521750933803216,5.921145981064425,5.668970887684104,0.8517600420115315,28.27604792287341
p232_101,/home/vpopescu/projects/ultra-low-power-se/datasets/datasets/voicebank-demand/16k/clean_test/p232_101.wav,/home/vpopescu/projects/ultra-low-power-se/datasets/datasets/voicebank-demand/16k/noisy_test/p232_101.wav,/tmp/exp_fc_base_full_eval_j8p2wsn0/p232_101.wav,2.745661031910426,3.2016554788017633,3.9591085455178443,3.4713950157165527,3.544468879699707,3.7108137607574463,0.35939699238606554,2.4713969230651855,2.033985505544658,-3.9413836525176684,11.810084288261855,15.754640592920646,5.142071219911649,-10.612569373008997,0.9682849584253145,28.258254880577947
p232_102,/home/vpopescu/projects/ultra-low-power-se/datasets/datasets/voicebank-demand/16k/clean_test/p232_102.wav,/home/vpopescu/projects/ultra-low-power-se/datasets/datasets/voicebank-demand/16k/noisy_test/p232_102.wav,/tmp/exp_fc_base_full_eval_j8p2wsn0/p232_102.wav,2.5796893349709658,2.8462149814628956,3.6473966239908715,4.073428153991699,2.7634291648864746,3.3248939514160156,0.4119736198605246,2.0899758338928223,2.634380282895793,0.10766273098040635,10.836137688992862,10.746775814361486,5.42387874702158,-5.322897067339906,0.870967391806423,31.326438778891152
p232_103,/home/vpopescu/projects/ultra-low-power-se/datasets/datasets/voicebank-demand/16k/clean_test/p232_103.wav,/home/vpopescu/projects/ultra-low-power-se/datasets/datasets/voicebank-demand/16k/noisy_test/p232_103.wav,/tmp/exp_fc_base_full_eval_j8p2wsn0/p232_103.wav,2.318910397025887,2.387321941725391,3.183968539374946,2.814551591873169,3.6918656826019287,3.88677978515625,0.5977413307198854,1.637559175491333,1.9210594342473184,2.864158510047531,9.526557288405243,6.649834807887094,6.174317665550333,-0.475517142336761,0.8991600998906351,31.267090459507266
p232_104,/home/vpopescu/projects/ultra-low-power-se/datasets/datasets/voicebank-demand/16k/clean_test/p232_104.wav,/home/vpopescu/projects/ultra-low-power-se/datasets/datasets/voicebank-demand/16k/noisy_test/p232_104.wav,/tmp/exp_fc_base_full_eval_j8p2wsn0/p232_104.wav,2.252947477223233,2.458259116836155,3.1928562799974025,3.270672082901001,3.3941431045532227,3.6403825283050537,0.6609005770668218,1.773909091949463,-0.057531142915237754,6.056536082801447,7.319577154506116,1.2697351590659933,6.035253127959871,4.765517968893878,0.9194237460272907,32.19380096070711
p232_105,/home/vpopescu/projects/ultra-low-power-se/datasets/datasets/voicebank-demand/16k/clean_test/p232_105.wav,/home/vpopescu/projects/ultra-low-power-se/datasets/datasets/voicebank-demand/16k/noisy_test/p232_105.wav,/tmp/exp_fc_base_full_eval_j8p2wsn0/p232_105.wav,3.148559616261262,3.8668516654897678,4.586931607009513,3.7779016494750977,3.1071667671203613,3.300870180130005,0.21010300251225122,3.1259677410125732,2.4813756316878455,-3.684979709377375,11.708525678341937,15.426654509802631,5.649644046029349,-9.777010463773284,0.9275104246361294,19.425661248440257
p232_106,/home/vpopescu/projects/ultra-low-power-se/datasets/datasets/voicebank-demand/16k/clean_test/p232_106.wav,/home/vpopescu/projects/ultra-low-power-se/datasets/datasets/voicebank-demand/16k/noisy_test/p232_106.wav,/tmp/exp_fc_base_full_eval_j8p2wsn0/p232_106.wav,2.9866917455255826,3.519966081738495,4.278738061744153,4.068223476409912,3.152804136276245,3.580909252166748,0.28709878583594217,2.74090838432312,2.793779795440412,0.8854914337338595,12.023265678555944,11.147933108134662,5.95610044906392,-5.191832659070742,0.9490378731370495,19.06722704194496
p232_107,/home/vpopescu/projects/ultra-low-power-se/datasets/datasets/voicebank-demand/16k/clean_test/p232_107.wav,/home/vpopescu/projects/ultra-low-power-se/datasets/datasets/voicebank-demand/16k/noisy_test/p232_107.wav,/tmp/exp_fc_base_full_eval_j8p2wsn0/p232_107.wav,2.8407309039281508,3.4160347928241603,4.138254009199953,3.614302396774292,3.4575090408325195,3.719177484512329,0.37111801949632844,2.6846837997436523,1.1519886926673777,3.6942897875612104,9.875701705323237,6.190483439147794,5.5550103369792225,-0.6354731021685716,0.9338643089147822,21.303319998194233
p232_108,/home/vpopescu/projects/ultra-low-power-se/datasets/datasets/voicebank-demand/16k/clean_test/p232_108.wav,/home/vpopescu/projects/ultra-low-power-se/datasets/datasets/voicebank-demand/16k/noisy_test/p232_108.wav,/tmp/exp_fc_base_full_eval_j8p2wsn0/p232_108.wav,2.183520680045691,2.636324221709005,3.407724056032726,3.6094934940338135,3.537301778793335,3.4915289878845215,0.5142220195684519,1.9323556423187256,-1.9715066768910727,6.85266664593491,7.319200823617219,0.45696871700401354,5.830018851416608,5.373050134412595,0.9014165845445647,35.705770905503165
p232_109,/home/vpopescu/projects/ultra-low-power-se/datasets/datasets/voicebank-demand/16k/clean_test/p232_109.wav,/home/vpopescu/projects/ultra-low-power-se/datasets/datasets/voicebank-demand/16k/noisy_test/p232_109.wav,/tmp/exp_fc_base_full_eval_j8p2wsn0/p232_109.wav,2.7656524055364655,3.035325965074211,3.840126585059957,4.0996832847595215,3.803286552429199,3.7367844581604004,0.3727374486581773,2.240341901779175,3.68375664493743,-5.104347285032979,11.497502683614035,16.599147997859752,5.666694668528756,-10.932453329330997,0.9397817236495604,24.472527449291164
p232_110,/home/vpopescu/projects/ultra-low-power-se/datasets/datasets/voicebank-demand/16k/clean_test/p232_110.wav,/home/vpopescu/projects/ultra-low-power-se/datasets/datasets/voicebank-demand/16k/noisy_test/p232_110.wav,/tmp/exp_fc_base_full_eval_j8p2wsn0/p232_110.wav,2.259930130547017,1.992032741896601,2.3570160913764293,2.781491994857788,2.5844991207122803,3.307594060897827,1.377841248295374,1.70591402053833,1.2742310196701365,-0.00906887752213592,10.980012404042018,10.95169804119963,6.2813064291696765,-4.670391612029954,0.9168455597012287,38.53904650136045
p232_112,/home/vpopescu/projects/ultra-low-power-se/datasets/datasets/voicebank-demand/16k/clean_test/p232_112.wav,/home/vpopescu/projects/ultra-low-power-se/datasets/datasets/voicebank-demand/16k/noisy_test/p232_112.wav,/tmp/exp_fc_base_full_eval_j8p2wsn0/p232_112.wav,2.360136161958715,2.620821755896625,3.3888385602059135,3.3587417602539062,2.960592031478882,3.431333541870117,0.5549892039121523,1.894950032234192,0.5525173682483957,3.7657825700107646,9.106530571777995,5.396758883898385,6.154135521206101,0.7573766373077158,0.8780440711329902,30.63693537841106
p232_113,/home/vpopescu/projects/ultra-low-power-se/datasets/datasets/voicebank-demand/16k/clean_test/p232_113.wav,/home/vpopescu/projects/ultra-low-power-se/datasets/datasets/voicebank-demand/16k/noisy_test/p232_113.wav,/tmp/exp_fc_base_full_eval_j8p2wsn0/p232_113.wav,1.773924539054367,1.7124417063084705,2.131090957959257,2.6280171871185303,3.392270565032959,3.391826868057251,1.3343464997923284,1.4340970516204834,-3.05956887726789,4.0392793443042425,3.777916089206558,-0.21852273736650438,4.713912839700562,4.932435577067066,0.7095685359676043,50.403001764620974
p232_114,/home/vpopescu/projects/ultra-low-power-se/datasets/datasets/voicebank-demand/16k/clean_test/p232_114.wav,/home/vpopescu/projects/ultra-low-power-se/datasets/datasets/voicebank-demand/16k/noisy_test/p232_114.wav,/tmp/exp_fc_base_full_eval_j8p2wsn0/p232_114.wav,2.8100671946550286,2.837517024346923,3.4252982605974838,3.651003122329712,3.346806287765503,3.7336456775665283,0.8090554605107401,2.2374558448791504,3.9676481873347504,-5.762659415489594,11.07337045706892,16.83439864967115,5.715721351451645,-11.118677298219506,0.9131344294316356,20.48550499989916
p232_115,/home/vpopescu/projects/ultra-low-power-se/datasets/datasets/voicebank-demand/16k/clean_test/p232_115.wav,/home/vpopescu/projects/ultra-low-power-se/datasets/datasets/voicebank-demand/16k/noisy_test/p232_115.wav,/tmp/exp_fc_base_full_eval_j8p2wsn0/p232_115.wav,2.51230310586581,2.5067319262917507,3.123324416330577,3.2763071060180664,3.435859441757202,3.539440870285034,0.814446292664753,1.9473638534545898,2.9422644096723296,-0.5866884506880492,10.817033371054496,11.413377290175756,5.846717741169903,-5.566659549005853,0.917613766727549,33.985639127834425
p232_116,/home/vpopescu/projects/ultra-low-power-se/datasets/datasets/voicebank-demand/16k/clean_test/p232_116.wav,/home/vpopescu/projects/ultra-low-power-se/datasets/datasets/voicebank-demand/16k/noisy_test/p232_116.wav,/tmp/exp_fc_base_full_eval_j8p2wsn0/p232_116.wav,2.2528759826838,2.206252180668822,2.8147028539972947,3.616213083267212,2.042391300201416,3.0990829467773438,0.9931293717391485,1.6141464710235596,0.41218190014663814,4.145070826343987,10.151463141287467,6.004653988470583,6.305316907613503,0.30066291914292,0.9005697802154099,25.521927167814216
p232_117,/home/vpopescu/projects/ultra-low-power-se/datasets/datasets/voicebank-demand/16k/clean_test/p232_117.wav,/home/vpopescu/projects/ultra-low-power-se/datasets/datasets/voicebank-demand/16k/noisy_test/p232_117.wav,/tmp/exp_fc_base_full_eval_j8p2wsn0/p232_117.wav,2.023148190909277,1.840335166531828,2.5267438302491643,3.265454053878784,3.2660934925079346,3.867600202560425,0.927571324401764,1.2479372024536133,1.2059043093028223,4.466515511197242,6.206011344433399,1.718621173796662,5.582029474805735,3.8634083010090725,0.8853904216097901,40.47682333566106
p232_118,/home/vpopescu/projects/ultra-low-power-se/datasets/datasets/voicebank-demand/16k/clean_test/p232_118.wav,/home/vpopescu/projects/ultra-low-power-se/datasets/datasets/voicebank-demand/16k/noisy_test/p232_118.wav,/tmp/exp_fc_base_full_eval_j8p2wsn0/p232_118.wav,3.0293653637259337,3.520511325641796,4.305307389976265,4.375607967376709,3.4810190200805664,3.7874414920806885,0.2759975932800369,2.69055438041687,3.291342106683739,-4.878419205215259,11.458833355957132,16.331886173583474,5.236981514128209,-11.094904659455265,0.9509848861517023,14.010597547772225
p232_119,/home/vpopescu/projects/ultra-low-power-se/datasets/datasets/voicebank-demand/16k/clean_test/p232_119.wav,/home/vpopescu/projects/ultra-low-power-se/datasets/datasets/voicebank-demand/16k/noisy_test/p232_119.wav,/tmp/exp_fc_base_full_eval_j8p2wsn0/p232_119.wav,2.8819138673409284,3.260391257485116,4.044059663638044,3.5920097827911377,2.857053518295288,3.1201441287994385,0.35763635354820533,2.451070547103882,3.173220091144469,0.015320542416681349,11.245257724649951,11.215605679830574,5.867663818688527,-5.347941861142047,0.9184907731472052,17.658674273832613
p232_120,/home/vpopescu/projects/ultra-low-power-se/datasets/datasets/voicebank-demand/16k/clean_test/p232_120.wav,/home/vpopescu/projects/ultra-low-power-se/datasets/datasets/voicebank-demand/16k/noisy_test/p232_120.wav,/tmp/exp_fc_base_full_eval_j8p2wsn0/p232_120.wav,2.6749971123172607,3.3335902842611063,4.10183214351974,3.360117197036743,2.730823516845703,2.838438034057617,0.3081058160862259,2.5776960849761963,-0.2132814284567757,4.697918814112817,9.624746656331219,4.948112463180984,5.51887808138635,0.5707656182053658,0.8970628115957036,25.386412329797768
p232_121,/home/vpopescu/projects/ultra-low-power-se/datasets/datasets/voicebank-demand/16k/clean_test/p232_121.wav,/home/vpopescu/projects/ultra-low-power-se/datasets/datasets/voicebank-demand/16k/noisy_test/p232_121.wav,/tmp/exp_fc_base_full_eval_j8p2wsn0/p232_121.wav,2.330459478098141,2.377362720231952,3.333627313551288,3.7813005447387695,3.1785507202148438,3.5085558891296387,0.40988841122201564,1.422689437866211,2.673862500043938,5.006104630389791,6.4831675765852435,1.520869790653974,5.396947139022993,3.876077348369019,0.9226154876541277,21.71991581495369
p232_123,/home/vpopescu/projects/ultra-low-power-se/datasets/datasets/voicebank-demand/16k/clean_test/p232_123.wav,/home/vpopescu/projects/ultra-low-power-se/datasets/datasets/voicebank-demand/16k/noisy_test/p232_123.wav,/tmp/exp_fc_base_full_eval_j8p2wsn0/p232_123.wav,2.750028441034191,3.0385207430821457,3.8941313954970833,3.6820971965789795,3.266505718231201,3.46622896194458,0.31752134743166305,2.1722218990325928,3.480211572233202,-4.772491860494197,11.914011604083335,16.68753145777857,5.860129084032936,-10.827402373745633,0.9386239257364074,20.22099367915434
p232_124,/home/vpopescu/projects/ultra-low-power-se/datasets/datasets/voicebank-demand/16k/clean_test/p232_124.wav,/home/vpopescu/projects/ultra-low-power-se/datasets/datasets/voicebank-demand/16k/noisy_test/p232_124.wav,/tmp/exp_fc_base_full_eval_j8p2wsn0/p232_124.wav,2.532350462142488,2.802286914987164,3.5572287511777696,3.786019802093506,3.443845272064209,3.552849054336548,0.5314917520517032,2.065396785736084,1.4813415720722505,1.0633919338904132,11.133449048057303,10.065357024280225,5.9271698323659106,-4.138187191914314,0.8807850793133019,26.033388639987393
p232_125,/home/vpopescu/projects/ultra-low-power-se/datasets/datasets/voicebank-demand/16k/clean_test/p232_125.wav,/home/vpopescu/projects/ultra-low-power-se/datasets/datasets/voicebank-demand/16k/noisy_test/p232_125.wav,/tmp/exp_fc_base_full_eval_j8p2wsn0/p232_125.wav,2.3593493589112837,2.5517765185303367,3.175975988600314,3.170851469039917,3.5295591354370117,3.4485886096954346,0.775210855256987,1.993215799331665,0.3562928392194362,4.598240173026606,9.954783405466303,5.332022529352201,6.24740829243962,0.9153857630874196,0.8279221422047971,35.693463148582325
p232_126,/home/vpopescu/projects/ultra-low-power-se/datasets/datasets/voicebank-demand/16k/clean_test/p232_126.wav,/home/vpopescu/projects/ultra-low-power-se/datasets/datasets/voicebank-demand/16k/noisy_test/p232_126.wav,/tmp/exp_fc_base_full_eval_j8p2wsn0/p232_126.wav,2.187617633643214,2.374609029290162,3.1510958837497736,3.478172779083252,3.683701276779175,3.876439332962036,0.6334192954712164,1.6452007293701172,-0.21145137181241955,5.3685250958496455,6.3962249882534135,0.897326823398301,5.475860228554482,4.578533405156181,0.8823745089221208,31.352411224502827
p232_127,/home/vpopescu/projects/ultra-low-power-se/datasets/datasets/voicebank-demand/16k/clean_test/p232_127.wav,/home/vpopescu/projects/ultra-low-power-se/datasets/datasets/voicebank-demand/16k/noisy_test/p232_127.wav,/tmp/exp_fc_base_full_eval_j8p2wsn0/p232_127.wav,3.009257852963055,3.534731142105678,4.3496742003964455,4.1692609786987305,2.3851852416992188,3.1067676544189453,0.22135543459306256,2.6770646572113037,3.120521765933743,-4.447976225176195,11.286231045706309,15.729704757481429,5.584308512527977,-10.145396244953451,0.9399957579069992,14.424560633967655
p232_128,/home/vpopescu/projects/ultra-low-power-se/datasets/datasets/voicebank-demand/16k/clean_test/p232_128.wav,/home/vpopescu/projects/ultra-low-power-se/datasets/datasets/voicebank-demand/16k/noisy_test/p232_128.wav,/tmp/exp_fc_base_full_eval_j8p2wsn0/p232_128.wav,2.428463254990606,2.559191130440685,3.2488323530108127,3.3421201705932617,2.992673397064209,3.250803232192993,0.7137548793587227,1.89937162399292,1.348002339110153,-0.43514895380195284,10.68962365259286,11.139841695318378,5.662112530969086,-5.477729164349292,0.9552460265166314,28.337218377421348
p232_129,/home/vpopescu/projects/ultra-low-power-se/datasets/datasets/voicebank-demand/16k/clean_test/p232_129.wav,/home/vpopescu/projects/ultra-low-power-se/datasets/datasets/voicebank-demand/16k/noisy_test/p232_129.wav,/tmp/exp_fc_base_full_eval_j8p2wsn0/p232_129.wav,2.644126609263117,3.05147238732551,3.8950930696502946,4.11635684967041,3.3607547283172607,3.855447292327881,0.30633217839099824,2.218144178390503,1.9229411577001696,3.066968377088897,9.702580379138917,6.648194819448952,5.804184605303579,-0.8440102141453734,0.9495518929778254,24.47022870609344
p232_130,/home/vpopescu/projects/ultra-low-power-se/datasets/datasets/voicebank-demand/16k/clean_test/p232_130.wav,/home/vpopescu/projects/ultra-low-power-se/datasets/datasets/voicebank-demand/16k/noisy_test/p232_130.wav,/tmp/exp_fc_base_full_eval_j8p2wsn0/p232_130.wav,2.0862689967135926,2.3064536456766622,3.13094503617838,3.7210988998413086,3.4082694053649902,3.760669231414795,0.5605029993410049,1.5515748262405396,-0.6317018483334498,5.724363657338905,6.978879734759059,1.230656462169383,5.496756690421789,4.266100228252405,0.9357777779975553,35.65522196919684
p232_131,/home/vpopescu/projects/ultra-low-power-se/datasets/datasets/voicebank-demand/16k/clean_test/p232_131.wav,/home/vpopescu/projects/ultra-low-power-se/datasets/datasets/voicebank-demand/16k/noisy_test/p232_131.wav,/tmp/exp_fc_base_full_eval_j8p2wsn0/p232_131.wav,2.701373834687981,2.9272322475470283,3.747926860512386,4.109103202819824,3.391117572784424,3.851257801055908,0.39889227696766444,2.1096153259277344,3.488142109712344,-4.970808895905442,11.510101019669992,16.488510376229083,5.732636139764783,-10.755874236464301,0.947785268197073,22.967892002479058
p232_132,/home/vpopescu/projects/ultra-low-power-se/datasets/datasets/voicebank-demand/16k/clean_test/p232_132.wav,/home/vpopescu/projects/ultra-low-power-se/datasets/datasets/voicebank-demand/16k/noisy_test/p232_132.wav,/tmp/exp_fc_base_full_eval_j8p2wsn0/p232_132.wav,2.552365413210742,2.6977622645740267,3.4021892051342544,3.0581276416778564,2.9618301391601562,3.396507978439331,0.620932312343128,2.036447286605835,2.5810169434466985,0.6400667613329727,11.355658105851072,10.688592672495055,6.100676415413329,-4.5879162570817265,0.8373678676967431,31.094351031998414
p232_133,/home/vpopescu/projects/ultra-low-power-se/datasets/datasets/voicebank-demand/16k/clean_test/p232_133.wav,/home/vpopescu/projects/ultra-low-power-se/datasets/datasets/voicebank-demand/16k/noisy_test/p232_133.wav,/tmp/exp_fc_base_full_eval_j8p2wsn0/p232_133.wav,2.0183677395713375,1.7936974419956733,2.430475396879408,3.3283708095550537,3.5625340938568115,3.869084119796753,1.0197968433853992,1.2528361082077026,1.1462177959723612,2.6416646875685332,8.893738532954167,6.230313833319481,6.15890282014446,-0.07141101317502052,0.8630550956177045,40.95709161402901
p232_134,/home/vpopescu/projects/ultra-low-power-se/datasets/datasets/voicebank-demand/16k/clean_test/p232_134.wav,/home/vpopescu/projects/ultra-low-power-se/datasets/datasets/voicebank-demand/16k/noisy_test/p232_134.wav,/tmp/exp_fc_base_full_eval_j8p2wsn0/p232_134.wav,1.7095033297512892,1.7540845469822575,2.3747097192021616,1.9358404874801636,3.0374197959899902,2.4363327026367188,0.9773959524685082,1.3004134893417358,-2.536075140953921,4.936808242986538,5.319500887851039,0.4796041964984691,5.312661089590968,4.833056893092499,0.7857772211007265,55.18879775342337
p232_135,/home/vpopescu/projects/ultra-low-power-se/datasets/datasets/voicebank-demand/16k/clean_test/p232_135.wav,/home/vpopescu/projects/ultra-low-power-se/datasets/datasets/voicebank-demand/16k/noisy_test/p232_135.wav,/tmp/exp_fc_base_full_eval_j8p2wsn0/p232_135.wav,2.823037122263691,3.219101255801606,3.8582483835146215,3.5468924045562744,2.960197687149048,3.32698392868042,0.5020821112650113,2.6343483924865723,2.67145634662714,-3.613340309401659,11.937611021359356,15.569161417692019,5.695226108207888,-9.873935309484132,0.9120983627518899,34.069022740342845
p232_136,/home/vpopescu/projects/ultra-low-power-se/datasets/datasets/voicebank-demand/16k/clean_test/p232_136.wav,/home/vpopescu/projects/ultra-low-power-se/datasets/datasets/voicebank-demand/16k/noisy_test/p232_136.wav,/tmp/exp_fc_base_full_eval_j8p2wsn0/p232_136.wav,2.166619505066975,2.275148959512548,2.9733669347220206,3.0527966022491455,3.3565449714660645,3.4899792671203613,0.6930496207466631,1.7094273567199707,0.8827283393582039,0.43893362393941615,10.510051021591122,10.087478669830038,6.19233012097911,-3.895148548850927,0.7736587388187374,48.5855224035339
p232_137,/home/vpopescu/projects/ultra-low-power-se/datasets/datasets/voicebank-demand/16k/clean_test/p232_137.wav,/home/vpopescu/projects/ultra-low-power-se/datasets/datasets/voicebank-demand/16k/noisy_test/p232_137.wav,/tmp/exp_fc_base_full_eval_j8p2wsn0/p232_137.wav,2.1137840464145925,2.189859717233984,2.8483892481232873,3.1079094409942627,3.3739511966705322,3.5078611373901367,0.8433063404341263,1.6159499883651733,-0.30845826867066933,4.415648385208443,9.670513249162578,5.256396663402442,6.2454534181006345,0.9890567546981925,0.902655358770388,39.02959672824405
p232_138,/home/vpopescu/projects/ultra-low-power-se/datasets/datasets/voicebank-demand/16k/clean_test/p232_138.wav,/home/vpopescu/projects/ultra-low-power-se/datasets/datasets/voicebank-demand/16k/noisy_test/p232_138.wav,/tmp/exp_fc_base_full_eval_j8p2wsn0/p232_138.wav,2.229480126394869,2.2057977731580487,2.623475051106648,2.930537700653076,3.103881359100342,3.3363840579986572,1.1640224801353272,1.9088016748428345,0.1885871600180963,6.078082345248721,6.376315135549529,0.3590153960210101,5.609488310263999,5.250472914242989,0.7648677261327869,46.97258075159226
p232_139,/home/vpopescu/projects/ultra-low-power-se/datasets/datasets/voicebank-demand/16k/clean_test/p232_139.wav,/home/vpopescu/projects/ultra-low-power-se/datasets/datasets/voicebank-demand/16k/noisy_test/p232_139.wav,/tmp/exp_fc_base_full_eval_j8p2wsn0/p232_139.wav,2.933325166400777,3.4254899021981866,4.264499880643877,4.143773555755615,3.232658863067627,3.3627548217773438,0.2161594005959772,2.5535635948181152,3.0504277238567385,-4.366306691836119,11.620299380560313,15.988002479674828,6.0015863081667025,-9.986416171508125,0.9625266867177577,16.207882646465183
p232_140,/home/vpopescu/projects/ultra-low-power-se/datasets/datasets/voicebank-demand/16k/clean_test/p232_140.wav,/home/vpopescu/projects/ultra-low-power-se/datasets/datasets/voicebank-demand/16k/noisy_test/p232_140.wav,/tmp/exp_fc_base_full_eval_j8p2wsn0/p232_140.wav,2.993006554501984,3.5904349736045136,4.32421990970566,3.617600440979004,3.112908363342285,3.1953208446502686,0.2698371569919321,2.860167980194092,2.5347600958899976,1.8582784175648026,12.04997997582874,10.183987954186446,6.404309868010811,-3.7796780861756343,0.8457809507516693,23.977660867408773
p232_141,/home/vpopescu/projects/ultra-low-power-se/datasets/datasets/voicebank-demand/16k/clean_test/p232_141.wav,/home/vpopescu/projects/ultra-low-power-se/datasets/datasets/voicebank-demand/16k/noisy_test/p232_141.wav,/tmp/exp_fc_base_full_eval_j8p2wsn0/p232_141.wav,2.8581606048700934,3.22399803695481,3.9706645522713435,4.123645782470703,3.330503225326538,3.3691985607147217,0.4122029943756522,2.4658279418945312,3.006990028483521,4.853297375885842,10.295851741046862,5.44822056045737,6.057726407333312,0.6095058468759413,0.8186467311688091,20.563646164279124
p232_142,/home/vpopescu/projects/ultra-low-power-se/datasets/datasets/voicebank-demand/16k/clean_test/p232_142.wav,/home/vpopescu/projects/ultra-low-power-se/datasets/datasets/voicebank-demand/16k/noisy_test/p232_142.wav,/tmp/exp_fc_base_full_eval_j8p2wsn0/p232_142.wav,2.585842197266749,2.733326531423277,3.4356894833539156,3.862396478652954,3.55163311958313,3.612999200820923,0.6641179076479717,2.0276873111724854,2.1514452044621186,6.010115401341493,7.801541949454073,1.8703954159301495,5.582483582379554,3.712088166449405,0.8812018362681517,21.847626479258903
p232_143,/home/vpopescu/projects/ultra-low-power-se/datasets/datasets/voicebank-demand/16k/clean_test/p232_143.wav,/home/vpopescu/projects/ultra-low-power-se/datasets/datasets/voicebank-demand/16k/noisy_test/p232_143.wav,/tmp/exp_fc_base_full_eval_j8p2wsn0/p232_143.wav,2.6948123756327518,3.1312818241705247,3.7564733781630513,2.9103503227233887,3.092278003692627,3.0791938304901123,0.5045823759428069,2.6064257621765137,1.8648507811306343,-4.13372844100541,11.130306884216646,15.277168850629646,5.877278347628417,-9.39989050300123,0.9389929035806877,43.22067684269305
p232_144,/home/vpopescu/projects/ultra-low-power-se/datasets/datasets/voicebank-demand/16k/clean_test/p232_144.wav,/home/vpopescu/projects/ultra-low-power-se/datasets/datasets/voicebank-demand/16k/noisy_test/p232_144.wav,/tmp/exp_fc_base_full_eval_j8p2wsn0/p232_144.wav,2.6866463002722774,3.070119023410812,3.828137175020393,3.7046573162078857,3.364811420440674,3.526284694671631,0.40078029771810514,2.347581386566162,2.2061409180465192,-0.5942083849352109,10.460192744105182,11.096414231170009,6.03087365042359,-5.065540580746418,0.9307875231240569,29.783497191897006
p232_145,/home/vpopescu/projects/ultra-low-power-se/datasets/datasets/voicebank-demand/16k/clean_test/p232_145.wav,/home/vpopescu/projects/ultra-low-power-se/datasets/datasets/voicebank-demand/16k/noisy_test/p232_145.wav,/tmp/exp_fc_base_full_eval_j8p2wsn0/p232_145.wav,2.3793828758326185,2.462578452380409,3.1535876435927475,3.243206024169922,3.4677236080169678,3.5371620655059814,0.7044001580290872,1.8403353691101074,1.8720826704813045,3.4398443967962296,9.519135351706025,6.09113451061803,6.139008247786282,0.04787373716825183,0.8657006792302367,36.034091263190746
p232_146,/home/vpopescu/projects/ultra-low-power-se/datasets/datasets/voicebank-demand/16k/clean_test/p232_146.wav,/home/vpopescu/projects/ultra-low-power-se/datasets/datasets/voicebank-demand/16k/noisy_test/p232_146.wav,/tmp/exp_fc_base_full_eval_j8p2wsn0/p232_146.wav,2.3762854565327087,2.684738780522242,3.3838344854273092,3.3998172283172607,3.3341336250305176,3.7426600456237793,0.6204391251580662,2.040597915649414,0.018370830903104905,5.884534640028724,6.831766520497676,0.8457723708004261,5.566749244687826,4.7209768738874,0.8456104743994742,33.46824421351524
p232_147,/home/vpopescu/projects/ultra-low-power-se/datasets/datasets/voicebank-demand/16k/clean_test/p232_147.wav,/home/vpopescu/projects/ultra-low-power-se/datasets/datasets/voicebank-demand/16k/noisy_test/p232_147.wav,/tmp/exp_fc_base_full_eval_j8p2wsn0/p232_147.wav,3.1624813671347876,3.721417920297955,4.5161096843221955,3.883561849594116,3.017512321472168,3.389798164367676,0.19468305301641511,2.8703012466430664,3.8091147832493824,-4.63905808281411,11.702379420475364,16.351949909586875,5.490389983890744,-10.861559925696131,0.95676029700387,11.928122872186997
p232_148,/home/vpopescu/projects/ultra-low-power-se/datasets/datasets/voicebank-demand/16k/clean_test/p232_148.wav,/home/vpopescu/projects/ultra-low-power-se/datasets/datasets/voicebank-demand/16k/noisy_test/p232_148.wav,/tmp/exp_fc_base_full_eval_j8p2wsn0/p232_148.wav,2.963531620131111,3.5096522272240938,4.309363838804289,4.0789079666137695,3.2285702228546143,3.578376531600952,0.25114793276088676,2.6701700687408447,2.514877203360316,-0.8770775203628531,10.730764790693257,11.605389071508963,5.691734721521979,-5.913654349986984,0.9560798996372136,15.035276648387454
p232_150,/home/vpopescu/projects/ultra-low-power-se/datasets/datasets/voicebank-demand/16k/clean_test/p232_150.wav,/home/vpopescu/projects/ultra-low-power-se/datasets/datasets/voicebank-demand/16k/noisy_test/p232_150.wav,/tmp/exp_fc_base_full_eval_j8p2wsn0/p232_150.wav,2.806924409686558,3.4056669061031233,4.201212363072952,3.9774301052093506,3.1663897037506104,3.7082266807556152,0.26166169706973386,2.602018356323242,1.2404240825623978,3.728208984100923,9.59849738391503,5.8705140658923565,5.62281311202797,-0.24770095386438662,0.944460548276164,21.28386883391183
p232_151,/home/vpopescu/projects/ultra-low-power-se/datasets/datasets/voicebank-demand/16k/clean_test/p232_151.wav,/home/vpopescu/projects/ultra-low-power-se/datasets/datasets/voicebank-demand/16k/noisy_test/p232_151.wav,/tmp/exp_fc_base_full_eval_j8p2wsn0/p232_151.wav,2.098870936568338,2.277911192459774,3.028025186403098,3.278944730758667,3.5208659172058105,3.7415759563446045,0.6589196147799634,1.6204127073287964,-0.42114513273430476,5.695148603642964,7.018803141448403,1.3348364158143218,5.556833492498803,4.221997076684481,0.9371874152231562,40.45059916750939
p232_152,/home/vpopescu/projects/ultra-low-power-se/datasets/datasets/voicebank-demand/16k/clean_test/p232_152.wav,/home/vpopescu/projects/ultra-low-power-se/datasets/datasets/voicebank-demand/16k/noisy_test/p232_152.wav,/tmp/exp_fc_base_full_eval_j8p2wsn0/p232_152.wav,2.494514158227753,2.653615554718714,3.382027905189948,3.3048360347747803,3.4327664375305176,3.6439266204833984,0.5655385269706692,1.9992632865905762,2.6206662288122953,-3.781864436384865,11.799727159932281,15.598506012828022,5.953478764226975,-9.645027248601046,0.9451315021359173,37.176523596816764
p232_153,/home/vpopescu/projects/ultra-low-power-se/datasets/datasets/voicebank-demand/16k/clean_test/p232_153.wav,/home/vpopescu/projects/ultra-low-power-se/datasets/datasets/voicebank-demand/16k/noisy_test/p232_153.wav,/tmp/exp_fc_base_full_eval_j8p2wsn0/p232_153.wav,2.312135037613355,2.3451546252846027,3.046070232632674,2.8532183170318604,3.328857660293579,3.7644894123077393,0.7377324751082456,1.7111389636993408,1.7270448603653277,0.8870880676339432,11.675105928913466,10.776690414320228,7.064566100560783,-3.7121243137594453,0.849762582320197,35.513316176849315
p232_154,/home/vpopescu/projects/ultra-low-power-se/datasets/datasets/voicebank-demand/16k/clean_test/p232_154.wav,/home/vpopescu/projects/ultra-low-power-se/datasets/datasets/voicebank-demand/16k/noisy_test/p232_154.wav,/tmp/exp_fc_base_full_eval_j8p2wsn0/p232_154.wav,2.032691452214935,1.9972891396404306,2.707603000425032,3.171159267425537,3.34289813041687,3.687018394470215,0.8283228393042711,1.3815752267837524,0.36628758744452494,1.7578156019668825,7.9968553389737975,6.142238908021223,6.04485892239475,-0.09737998562647299,0.8741658986581985,40.682517742386175
p232_155,/home/vpopescu/projects/ultra-low-power-se/datasets/datasets/voicebank-demand/16k/clean_test/p232_155.wav,/home/vpopescu/projects/ultra-low-power-se/datasets/datasets/voicebank-demand/16k/noisy_test/p232_155.wav,/tmp/exp_fc_base_full_eval_j8p2wsn0/p232_155.wav,1.8220253026511917,1.638469753578164,2.20435930857663,2.9864354133605957,3.216477632522583,3.52398681640625,1.1459791659395406,1.205984354019165,-0.7750619067261899,2.226476188024232,3.4230792984395144,1.2527250416851474,4.662427606919984,3.409702565234836,0.7798022610240166,48.51518834945987
p232_156,/home/vpopescu/projects/ultra-low-power-se/datasets/datasets/voicebank-demand/16k/clean_test/p232_156.wav,/home/vpopescu/projects/ultra-low-power-se/datasets/datasets/voicebank-demand/16k/noisy_test/p232_156.wav,/tmp/exp_fc_base_full_eval_j8p2wsn0/p232_156.wav,2.7368849708717864,2.957875493740036,3.7575173237379524,3.5417158603668213,2.7121312618255615,3.3241236209869385,0.4021070707187542,2.175856590270996,3.883107332418473,-4.337020852513696,11.630354083254218,15.935873561310212,6.235231548769244,-9.700642012540968,0.8761393779277953,25.972891602873354
p232_158,/home/vpopescu/projects/ultra-low-power-se/datasets/datasets/voicebank-demand/16k/clean_test/p232_158.wav,/home/vpopescu/projects/ultra-low-power-se/datasets/datasets/voicebank-demand/16k/noisy_test/p232_158.wav,/tmp/exp_fc_base_full_eval_j8p2wsn0/p232_158.wav,2.4728154249328416,2.42427239571113,3.1245994519185127,3.2995638847351074,3.220968008041382,3.642493963241577,0.7533159576380726,1.7514551877975464,3.104303259060589,-1.157014201800747,10.422760990535991,11.55628093573913,6.201919022197744,-5.354361913541386,0.9327677912879587,27.707322879314606
p232_159,/home/vpopescu/projects/ultra-low-power-se/datasets/datasets/voicebank-demand/16k/clean_test/p232_159.wav,/home/vpopescu/projects/ultra-low-power-se/datasets/datasets/voicebank-demand/16k/noisy_test/p232_159.wav,/tmp/exp_fc_base_full_eval_j8p2wsn0/p232_159.wav,2.1309880808632324,2.210656675705655,2.7582139266940686,3.29772686958313,2.8626840114593506,2.9164605140686035,0.9865132152441547,1.7636940479278564,-0.7624667837304918,3.4546502912007515,9.087440886978078,5.677426891930237,5.875329684747555,0.19790279281731848,0.9385077943749685,42.574609524465984
p232_160,/home/vpopescu/projects/ultra-low-power-se/datasets/datasets/voicebank-demand/16k/clean_test/p232_160.wav,/home/vpopescu/projects/ultra-low-power-se/datasets/datasets/voicebank-demand/16k/noisy_test/p232_160.wav,/tmp/exp_fc_base_full_eval_j8p2wsn0/p232_160.wav,1.9496083526557948,1.329549145733303,1.583838330281361,2.741105318069458,3.315749168395996,3.3757994174957275,1.781590262997812,1.1775288581848145,0.8402687126039148,3.988135592785447,6.369273717724596,2.4412643190959105,5.61322489295371,3.1719605738577994,0.8282105507301442,42.883910064370404
p232_161,/home/vpopescu/projects/ultra-low-power-se/datasets/datasets/voicebank-demand/16k/clean_test/p232_161.wav,/home/vpopescu/projects/ultra-low-power-se/datasets/datasets/voicebank-demand/16k/noisy_test/p232_161.wav,/tmp/exp_fc_base_full_eval_j8p2wsn0/p232_161.wav,3.1043447363345607,3.632741049262313,4.443313431597854,4.06573486328125,3.7978196144104004,3.7542686462402344,0.20170360127246703,2.768867254257202,3.7103338946484223,-4.521841826179042,11.840525383835217,16.365310748214878,5.720189390856474,-10.645121357358404,0.9475917770621705,12.417835223318908
p232_162,/home/vpopescu/projects/ultra-low-power-se/datasets/datasets/voicebank-demand/16k/clean_test/p232_162.wav,/home/vpopescu/projects/ultra-low-power-se/datasets/datasets/voicebank-demand/16k/noisy_test/p232_162.wav,/tmp/exp_fc_base_full_eval_j8p2wsn0/p232_162.wav,2.284399566302148,2.41675953862499,3.3884273368774878,3.781189203262329,3.2195491790771484,3.499082565307617,0.36069491737512427,1.4553046226501465,1.886489549010991,1.0451555565670656,11.247193081420146,10.196830356271914,5.9502603895401505,-4.246569966731763,0.922385280940328,23.44069784461637
p232_163,/home/vpopescu/projects/ultra-low-power-se/datasets/datasets/voicebank-demand/16k/clean_test/p232_163.wav,/home/vpopescu/projects/ultra-low-power-se/datasets/datasets/voicebank-demand/16k/noisy_test/p232_163.wav,/tmp/exp_fc_base_full_eval_j8p2wsn0/p232_163.wav,2.562801900714493,2.9161580886911946,3.7564817832231294,3.787752389907837,3.4972236156463623,3.301358461380005,0.37946413065603046,2.0735254287719727,1.4349363862832745,4.206287649774776,10.21277250130959,6.005852037812936,6.208386923318807,0.2025348855058713,0.9142899865479457,21.820606653479413
p232_164,/home/vpopescu/projects/ultra-low-power-se/datasets/datasets/voicebank-demand/16k/clean_test/p232_164.wav,/home/vpopescu/projects/ultra-low-power-se/datasets/datasets/voicebank-demand/16k/noisy_test/p232_164.wav,/tmp/exp_fc_base_full_eval_j8p2wsn0/p232_164.wav,2.3016742442268696,2.4639074002639316,3.189816875988266,3.6585640907287598,3.1038687229156494,3.0868022441864014,0.6961644414701315,1.7674939632415771,0.306367871590904,6.391873575764077,7.600968981372757,1.1669697831000867,5.642234898697547,4.47526511559746,0.8944653610262433,28.06986373040442
p232_165,/home/vpopescu/projects/ultra-low-power-se/datasets/datasets/voicebank-demand/16k/clean_test/p232_165.wav,/home/vpopescu/projects/ultra-low-power-se/datasets/datasets/voicebank-demand/16k/noisy_test/p232_165.wav,/tmp/exp_fc_base_full_eval_j8p2wsn0/p232_165.wav,2.611063328700948,2.8087784547616947,3.4733974639638943,3.4156954288482666,2.3513448238372803,3.1980836391448975,0.6093921575410135,2.2119216918945312,2.755150516313759,-4.387689614588883,11.056857244033711,15.471424127336157,5.665310605993059,-9.806113521343097,0.9415881269949813,36.25853179320063
p232_167,/home/vpopescu/projects/ultra-low-power-se/datasets/datasets/voicebank-demand/16k/clean_test/p232_167.wav,/home/vpopescu/projects/ultra-low-power-se/datasets/datasets/voicebank-demand/16k/noisy_test/p232_167.wav,/tmp/exp_fc_base_full_eval_j8p2wsn0/p232_167.wav,2.796225280548219,3.2336812297617095,4.04401623792117,3.419572591781616,3.2363741397857666,3.587078094482422,0.3074821588837916,2.4147160053253174,2.4559574472918535,-0.4217462885201524,10.8889079418293,11.322526110730335,5.6628067145951855,-5.6597193961351495,0.9552392300842765,20.96204131095283
p232_169,/home/vpopescu/projects/ultra-low-power-se/datasets/datasets/voicebank-demand/16k/clean_test/p232_169.wav,/home/vpopescu/projects/ultra-low-power-se/datasets/datasets/voicebank-demand/16k/noisy_test/p232_169.wav,/tmp/exp_fc_base_full_eval_j8p2wsn0/p232_169.wav,2.511620488932997,2.631786049464828,3.3761529800742243,3.7240896224975586,3.390498638153076,3.6949214935302734,0.608908914111259,1.9106762409210205,2.4264159718155285,3.372370791611295,9.970397204822946,6.590500596565926,6.338037212179163,-0.25246338438676297,0.944784372165131,26.935280064518413
p232_170,/home/vpopescu/projects/ultra-low-power-se/datasets/datasets/voicebank-demand/16k/clean_test/p232_170.wav,/home/vpopescu/projects/ultra-low-power-se/datasets/datasets/voicebank-demand/16k/noisy_test/p232_170.wav,/tmp/exp_fc_base_full_eval_j8p2wsn0/p232_170.wav,2.074846398553738,2.1779601981794707,2.9254296094124057,2.870922327041626,3.276160955429077,3.550431489944458,0.6840240155337901,1.538886308670044,0.1568528151757291,5.5070514862800035,6.140064509189561,0.7194819067498199,5.590603069049029,4.871121162299209,0.7386177864414398,43.51756919237342
p232_171,/home/vpopescu/projects/ultra-low-power-se/datasets/datasets/voicebank-demand/16k/clean_test/p232_171.wav,/home/vpopescu/projects/ultra-low-power-se/datasets/datasets/voicebank-demand/16k/noisy_test/p232_171.wav,/tmp/exp_fc_base_full_eval_j8p2wsn0/p232_171.wav,2.811352186362493,3.190961564245562,3.972483952657395,4.042037487030029,3.4526190757751465,3.554577350616455,0.3457039800807141,2.420358657836914,3.0928169115599453,-3.838203931561173,11.927567986831303,15.774270199902737,5.798184214536219,-9.976085985366518,0.9457447571887417,24.91810250168983
p232_172,/home/vpopescu/projects/ultra-low-power-se/datasets/datasets/voicebank-demand/16k/clean_test/p232_172.wav,/home/vpopescu/projects/ultra-low-power-se/datasets/datasets/voicebank-demand/16k/noisy_test/p232_172.wav,/tmp/exp_fc_base_full_eval_j8p2wsn0/p232_172.wav,3.2325085551854604,3.9626467528864264,4.648270842457015,3.958144187927246,2.805324077606201,3.144569158554077,0.2331258732239988,3.249326467514038,2.7465255569117093,0.6267392428370933,11.491527962934269,10.861640653922093,5.726832768892801,-5.134807885029292,0.9463027009358462,18.24294376738385
p232_173,/home/vpopescu/projects/ultra-low-power-se/datasets/datasets/voicebank-demand/16k/clean_test/p232_173.wav,/home/vpopescu/projects/ultra-low-power-se/datasets/datasets/voicebank-demand/16k/noisy_test/p232_173.wav,/tmp/exp_fc_base_full_eval_j8p2wsn0/p232_173.wav,2.445799695258844,2.8701757008884936,3.591571182368489,3.4797914028167725,2.9892354011535645,3.077367067337036,0.4974371543513581,2.2171738147735596,0.09447632973665669,2.9861316893017236,8.93978413984949,5.926262801407995,5.622523358893079,-0.30373944251491647,0.9023358597903492,36.280199568046676
p232_174,/home/vpopescu/projects/ultra-low-power-se/datasets/datasets/voicebank-demand/16k/clean_test/p232_174.wav,/home/vpopescu/projects/ultra-low-power-se/datasets/datasets/voicebank-demand/16k/noisy_test/p232_174.wav,/tmp/exp_fc_base_full_eval_j8p2wsn0/p232_174.wav,1.9949841343463615,2.0660236600481956,2.7295115294319126,3.3887436389923096,3.0197036266326904,3.586603879928589,0.854797885809914,1.5127089023590088,-0.8577814629383119,6.22911662278444,7.1762657294124,0.9353221374079959,6.063560506525541,5.128238369117545,0.8818106763270741,44.00721268801867
p232_175,/home/vpopescu/projects/ultra-low-power-se/datasets/datasets/voicebank-demand/16k/clean_test/p232_175.wav,/home/vpopescu/projects/ultra-low-power-se/datasets/datasets/voicebank-demand/16k/noisy_test/p232_175.wav,/tmp/exp_fc_base_full_eval_j8p2wsn0/p232_175.wav,2.7191848775633845,2.9496481664810146,3.7887326240741417,3.530780792236328,3.152265787124634,3.7568395137786865,0.3570864882113771,2.117746591567993,3.7970089612838027,-5.265831541931146,11.275857070063873,16.54368112010854,5.724890276172402,-10.818790843936139,0.9573310133118983,23.758508252427905
p232_176,/home/vpopescu/projects/ultra-low-power-se/datasets/datasets/voicebank-demand/16k/clean_test/p232_176.wav,/home/vpopescu/projects/ultra-low-power-se/datasets/datasets/voicebank-demand/16k/noisy_test/p232_176.wav,/tmp/exp_fc_base_full_eval_j8p2wsn0/p232_176.wav,2.356418268897028,2.339920705816214,3.0564865554299843,3.4435412883758545,3.2323503494262695,3.4711954593658447,0.715507263952274,1.6905221939086914,2.586644465799871,-1.15499468368853,10.31001150902494,11.453785954767026,6.2476894215458305,-5.206096533221196,0.913091757704563,35.515705876674076
p232_177,/home/vpopescu/projects/ultra-low-power-se/datasets/datasets/voicebank-demand/16k/clean_test/p232_177.wav,/home/vpopescu/projects/ultra-low-power-se/datasets/datasets/voicebank-demand/16k/noisy_test/p232_177.wav,/tmp/exp_fc_base_full_eval_j8p2wsn0/p232_177.wav,1.9013133694175912,1.9423002018305635,2.5671998733366483,2.7512753009796143,3.311814308166504,3.3384289741516113,0.9541052990015655,1.4349865913391113,-1.591240160855307,2.451728311941655,7.886365097639054,5.305446471341967,5.926189721829186,0.6207432504872186,0.8228397986611748,45.4802987298028
p232_178,/home/vpopescu/projects/ultra-low-power-se/datasets/datasets/voicebank-demand/16k/clean_test/p232_178.wav,/home/vpopescu/projects/ultra-low-power-se/datasets/datasets/voicebank-demand/16k/noisy_test/p232_178.wav,/tmp/exp_fc_base_full_eval_j8p2wsn0/p232_178.wav,1.9792273617906144,1.8455953338719524,2.3425352095897067,3.113448143005371,2.830566167831421,3.3313815593719482,1.1737243195814515,1.4787688255310059,-0.37710186918098726,6.099436170220187,6.987394268517687,0.8891081729362602,6.140465317944287,5.2513571450080265,0.8076982175519823,48.26667415068628
p232_179,/home/vpopescu/projects/ultra-low-power-se/datasets/datasets/voicebank-demand/16k/clean_test/p232_179.wav,/home/vpopescu/projects/ultra-low-power-se/datasets/datasets/voicebank-demand/16k/noisy_test/p232_179.wav,/tmp/exp_fc_base_full_eval_j8p2wsn0/p232_179.wav,2.5514009890339997,2.6932576763612874,3.5382814073955107,3.568615436553955,2.6270575523376465,3.6036720275878906,0.43115533962721436,1.8708667755126953,3.3200827678766687,-6.090262754633809,10.550271437978832,16.63905200452286,5.7359539551915955,-10.903098049331264,0.931412688695228,26.576934862471244
p232_180,/home/vpopescu/projects/ultra-low-power-se/datasets/datasets/voicebank-demand/16k/clean_test/p232_180.wav,/home/vpopescu/projects/ultra-low-power-se/datasets/datasets/voicebank-demand/16k/noisy_test/p232_180.wav,/tmp/exp_fc_base_full_eval_j8p2wsn0/p232_180.wav,2.6370422177520263,2.850087469546219,3.5801339915653574,3.333083152770996,3.5110042095184326,3.8164329528808594,0.53980446516879,2.147505521774292,2.74300266126318,-1.2529338299889403,10.233492829508908,11.474207341659712,6.063977643627728,-5.4102296980319835,0.9409414662117724,28.03922704509508
p232_181,/home/vpopescu/projects/ultra-low-power-se/datasets/datasets/voicebank-demand/16k/clean_test/p232_181.wav,/home/vpopescu/projects/ultra-low-power-se/datasets/datasets/voicebank-demand/16k/noisy_test/p232_181.wav,/tmp/exp_fc_base_full_eval_j8p2wsn0/p232_181.wav,2.1390823347294243,2.3411374114503625,2.9693162965603586,2.954634428024292,3.217233180999756,3.3464736938476562,0.785924001655601,1.8354992866516113,-0.7022206164052254,2.74362715428476,8.4810439245297,5.761968073004329,5.4381845773271955,-0.3237834956771337,0.9492077938002915,46.86377506521665
p232_182,/home/vpopescu/projects/ultra-low-power-se/datasets/datasets/voicebank-demand/16k/clean_test/p232_182.wav,/home/vpopescu/projects/ultra-low-power-se/datasets/datasets/voicebank-demand/16k/noisy_test/p232_182.wav,/tmp/exp_fc_base_full_eval_j8p2wsn0/p232_182.wav,1.8355603765191308,1.6847563112892376,2.121158660832718,3.0342040061950684,3.5831868648529053,3.7285380363464355,1.324250014791512,1.3833556175231934,-1.8230897684646987,3.207551547722271,4.551969870742193,1.3963324660513468,4.898384325454057,3.5020518594027097,0.9048398967807848,49.2612790348113
p232_183,/home/vpopescu/projects/ultra-low-power-se/datasets/datasets/voicebank-demand/16k/clean_test/p232_183.wav,/home/vpopescu/projects/ultra-low-power-se/datasets/datasets/voicebank-demand/16k/noisy_test/p232_183.wav,/tmp/exp_fc_base_full_eval_j8p2wsn0/p232_183.wav,3.014536936211984,3.5800057388622384,4.326041877758663,4.051342964172363,2.94309139251709,3.177701473236084,0.27097260969827597,2.823936700820923,2.844770196074137,-2.543025066861196,12.378620054478235,14.919714619824056,5.3386776297862575,-9.581036990037799,0.9350809052055197,21.217904161869694
p232_184,/home/vpopescu/projects/ultra-low-power-se/datasets/datasets/voicebank-demand/16k/clean_test/p232_184.wav,/home/vpopescu/projects/ultra-low-power-se/datasets/datasets/voicebank-demand/16k/noisy_test/p232_184.wav,/tmp/exp_fc_base_full_eval_j8p2wsn0/p232_184.wav,2.7692318157340954,3.02918927309188,3.764854498349334,3.677809476852417,3.386111259460449,3.5290849208831787,0.5177542419162594,2.2718749046325684,2.8231026126339835,0.18875667276311603,11.099287138974416,10.928898009692595,5.669418494584439,-5.259479515108157,0.9416336372770622,18.36855046803044
p232_185,/home/vpopescu/projects/ultra-low-power-se/datasets/datasets/voicebank-demand/16k/clean_test/p232_185.wav,/home/vpopescu/projects/ultra-low-power-se/datasets/datasets/voicebank-demand/16k/noisy_test/p232_185.wav,/tmp/exp_fc_base_full_eval_j8p2wsn0/p232_185.wav,2.61976019947011,2.913547780595876,3.649712914789963,3.5087099075317383,3.641655921936035,3.7349965572357178,0.5332958673110785,2.180898427963257,1.6875987421420289,3.3264153030554624,9.659892406498095,6.315142561638107,5.769067607210642,-0.546074954427465,0.9576581036881635,23.289709978753443
p232_186,/home/vpopescu/projects/ultra-low-power-se/datasets/datasets/voicebank-demand/16k/clean_test/p232_186.wav,/home/vpopescu/projects/ultra-low-power-se/datasets/datasets/voicebank-demand/16k/noisy_test/p232_186.wav,/tmp/exp_fc_base_full_eval_j8p2wsn0/p232_186.wav,1.925730731589218,2.137542011753478,2.8146651870280186,3.3739843368530273,3.4716737270355225,3.5743050575256348,0.8143321324225684,1.5631712675094604,-2.501465515698749,6.135016705834301,6.340530626604099,0.2342734237163865,5.8526776538270955,5.618404230110709,0.8644642117598252,42.55325811304035
p232_187,/home/vpopescu/projects/ultra-low-power-se/datasets/datasets/voicebank-demand/16k/clean_test/p232_187.wav,/home/vpopescu/projects/ultra-low-power-se/datasets/datasets/voicebank-demand/16k/noisy_test/p232_187.wav,/tmp/exp_fc_base_full_eval_j8p2wsn0/p232_187.wav,2.546370941500431,2.7837637355780314,3.320369346855354,2.9623019695281982,3.3247594833374023,3.4604177474975586,0.7663701990674507,2.356996536254883,1.602595735797015,-2.8875641788603694,12.038611021590604,14.931071555629732,5.93023635737159,-9.000835198258141,0.724658660406954,45.033847740659276
p232_188,/home/vpopescu/projects/ultra-low-power-se/datasets/datasets/voicebank-demand/16k/clean_test/p232_188.wav,/home/vpopescu/projects/ultra-low-power-se/datasets/datasets/voicebank-demand/16k/noisy_test/p232_188.wav,/tmp/exp_fc_base_full_eval_j8p2wsn0/p232_188.wav,2.755223898576201,3.077325204844294,3.830620755488861,3.2608397006988525,3.0784177780151367,3.0448198318481445,0.4256708210560623,2.3419198989868164,2.948619687617347,0.28880513320447143,11.53343369247147,11.247673704529369,6.034661294827433,-5.2130124097019355,0.9033270770245508,26.28240763705568
p232_189,/home/vpopescu/projects/ultra-low-power-se/datasets/datasets/voicebank-demand/16k/clean_test/p232_189.wav,/home/vpopescu/projects/ultra-low-power-se/datasets/datasets/voicebank-demand/16k/noisy_test/p232_189.wav,/tmp/exp_fc_base_full_eval_j8p2wsn0/p232_189.wav,2.243582365472608,2.4025402781751763,3.1612472665384597,3.006981372833252,3.570110321044922,3.779310941696167,0.6049003756328365,1.7293039560317993,0.9018331523145774,2.5873962893572005,8.687500633040893,6.159395667226173,5.772259502861674,-0.3871361643644988,0.8499131738512642,39.12005915805856
p232_190,/home/vpopescu/projects/ultra-low-power-se/datasets/datasets/voicebank-demand/16k/clean_test/p232_190.wav,/home/vpopescu/projects/ultra-low-power-se/datasets/datasets/voicebank-demand/16k/noisy_test/p232_190.wav,/tmp/exp_fc_base_full_eval_j8p2wsn0/p232_190.wav,2.0070248354917246,2.2802380429012863,2.9940583459042687,2.480281114578247,3.338718891143799,3.099571704864502,0.6865698760570804,1.682237148284912,-1.8197688327241375,5.424028686768648,6.135617581902185,0.6540404070610475,5.669594497347275,5.015554090286228,0.9319177598366934,45.20558356097752
p232_191,/home/vpopescu/projects/ultra-low-power-se/datasets/datasets/voicebank-demand/16k/clean_test/p232_191.wav,/home/vpopescu/projects/ultra-low-power-se/datasets/datasets/voicebank-demand/16k/noisy_test/p232_191.wav,/tmp/exp_fc_base_full_eval_j8p2wsn0/p232_191.wav,2.803701875944578,3.306994140153298,4.084613780068294,4.124418258666992,3.0124168395996094,3.566804885864258,0.3197625390665464,2.528395175933838,1.9011831479297527,-3.9148016813638264,11.683561851779913,15.598505568587678,5.6368206822248155,-9.961684886362862,0.9307656822600822,22.66365092448155
p232_193,/home/vpopescu/projects/ultra-low-power-se/datasets/datasets/voicebank-demand/16k/clean_test/p232_193.wav,/home/vpopescu/projects/ultra-low-power-se/datasets/datasets/voicebank-demand/16k/noisy_test/p232_193.wav,/tmp/exp_fc_base_full_eval_j8p2wsn0/p232_193.wav,2.6550798607640345,2.95378580890494,3.7280930167656745,3.451613664627075,3.152863025665283,3.6682021617889404,0.4249960887181882,2.2121548652648926,2.6519157996349603,0.38372384201042387,11.370173474134278,10.971807709367834,5.836076197740704,-5.13573151162713,0.9429114806541838,29.05726574422665
p232_194,/home/vpopescu/projects/ultra-low-power-se/datasets/datasets/voicebank-demand/16k/clean_test/p232_194.wav,/home/vpopescu/projects/ultra-low-power-se/datasets/datasets/voicebank-demand/16k/noisy_test/p232_194.wav,/tmp/exp_fc_base_full_eval_j8p2wsn0/p232_194.wav,2.625723328925537,2.896543648328511,3.6811934030745563,3.466081380844116,3.4789390563964844,3.6716885566711426,0.4498973194303535,2.1289865970611572,2.460490004566399,2.921499523985587,9.563533076774672,6.63310788556493,5.769177450111939,-0.8639304354529909,0.9446779574441114,25.8490192510542
p232_195,/home/vpopescu/projects/ultra-low-power-se/datasets/datasets/voicebank-demand/16k/clean_test/p232_195.wav,/home/vpopescu/projects/ultra-low-power-se/datasets/datasets/voicebank-demand/16k/noisy_test/p232_195.wav,/tmp/exp_fc_base_full_eval_j8p2wsn0/p232_195.wav,2.715537968979446,3.3348709604633946,3.9999276296871695,3.8699350357055664,3.0067310333251953,3.336549997329712,0.45857302956472584,2.688276529312134,-0.2389834529527011,6.451580760299844,7.494219365042413,1.0162084651631118,5.661951228918762,4.645742763755651,0.9234251913127303,26.91460778510485
p232_196,/home/vpopescu/projects/ultra-low-power-se/datasets/datasets/voicebank-demand/16k/clean_test/p232_196.wav,/home/vpopescu/projects/ultra-low-power-se/datasets/datasets/voicebank-demand/16k/noisy_test/p232_196.wav,/tmp/exp_fc_base_full_eval_j8p2wsn0/p232_196.wav,2.657676374462081,2.9892726855768936,3.6681868019293797,3.809650182723999,3.398660182952881,3.5422470569610596,0.5046592799956544,2.388080596923828,2.39556337653181,-3.266870014748532,11.918089439153013,15.170740004189792,5.77695732042195,-9.393782683767842,0.952114604715246,38.392377655573334
p232_197,/home/vpopescu/projects/ultra-low-power-se/datasets/datasets/voicebank-demand/16k/clean_test/p232_197.wav,/home/vpopescu/projects/ultra-low-power-se/datasets/datasets/voicebank-demand/16k/noisy_test/p232_197.wav,/tmp/exp_fc_base_full_eval_j8p2wsn0/p232_197.wav,2.716280389616547,2.9481075829054215,3.6854006494936558,3.0186588764190674,3.1914613246917725,3.5149388313293457,0.4834009040323542,2.2439610958099365,3.4039178123239546,-0.264826897040745,11.11461925452192,11.377173956982197,6.083730998872157,-5.293442958110041,0.9371249370795699,29.25426233671597
p232_198,/home/vpopescu/projects/ultra-low-power-se/datasets/datasets/voicebank-demand/16k/clean_test/p232_198.wav,/home/vpopescu/projects/ultra-low-power-se/datasets/datasets/voicebank-demand/16k/noisy_test/p232_198.wav,/tmp/exp_fc_base_full_eval_j8p2wsn0/p232_198.wav,2.029555175418608,2.233618478187958,2.8723567011091564,2.8674325942993164,3.147055149078369,3.5974133014678955,0.7959413807393398,1.7313497066497803,-1.3560942164033891,3.403236921300099,8.971506305784851,5.589624033298566,5.986209378419677,0.3965853451211103,0.9445940804462222,49.51372124665335
p232_199,/home/vpopescu/projects/ultra-low-power-se/datasets/datasets/voicebank-demand/16k/clean_test/p232_199.wav,/home/vpopescu/projects/ultra-low-power-se/datasets/datasets/voicebank-demand/16k/noisy_test/p232_199.wav,/tmp/exp_fc_base_full_eval_j8p2wsn0/p232_199.wav,1.8801321047473205,1.8888124980918373,2.561093843291731,2.8348095417022705,3.2730324268341064,3.567427158355713,0.9021752055129642,1.3344943523406982,-1.1780070690753242,4.4205281737932385,5.621488505054675,1.1921176557134214,5.25268493053367,4.060567274820249,0.8623242536414055,45.36310718854107
p232_200,/home/vpopescu/projects/ultra-low-power-se/datasets/datasets/voicebank-demand/16k/clean_test/p232_200.wav,/home/vpopescu/projects/ultra-low-power-se/datasets/datasets/voicebank-demand/16k/noisy_test/p232_200.wav,/tmp/exp_fc_base_full_eval_j8p2wsn0/p232_200.wav,2.8118234482692066,3.026903075537445,3.8088995113982276,3.756737470626831,2.9277074337005615,3.653353452682495,0.4595563662774907,2.2130563259124756,3.7031259011280255,-4.923975368053611,11.44028438883149,16.367103611213402,5.908912405243255,-10.458191205970147,0.9461024757968556,16.18777246971748
p232_201,/home/vpopescu/projects/ultra-low-power-se/datasets/datasets/voicebank-demand/16k/clean_test/p232_201.wav,/home/vpopescu/projects/ultra-low-power-se/datasets/datasets/voicebank-demand/16k/noisy_test/p232_201.wav,/tmp/exp_fc_base_full_eval_j8p2wsn0/p232_201.wav,2.636962589205838,2.859540955331692,3.5858075261057905,3.5125138759613037,2.6550354957580566,3.0448086261749268,0.5480129865023877,2.155463695526123,2.5662795749518374,-0.7456960529074106,10.669415235117917,11.403981146219483,5.790749580575914,-5.613231565643568,0.9524349663461866,27.003524353944957
p232_202,/home/vpopescu/projects/ultra-low-power-se/datasets/datasets/voicebank-demand/16k/clean_test/p232_202.wav,/home/vpopescu/projects/ultra-low-power-se/datasets/datasets/voicebank-demand/16k/noisy_test/p232_202.wav,/tmp/exp_fc_base_full_eval_j8p2wsn0/p232_202.wav,2.350251481134128,2.254248122401436,2.9462941173831587,3.5128519535064697,3.2514235973358154,3.757355213165283,0.8553837674211622,1.5705864429473877,2.0893434389976644,2.3920744434220893,9.410030278373629,7.011139531022023,5.933406697417505,-1.077732833604518,0.884120051610116,23.73106789308225
p232_203,/home/vpopescu/projects/ultra-low-power-se/datasets/datasets/voicebank-demand/16k/clean_test/p232_203.wav,/home/vpopescu/projects/ultra-low-power-se/datasets/datasets/voicebank-demand/16k/noisy_test/p232_203.wav,/tmp/exp_fc_base_full_eval_j8p2wsn0/p232_203.wav,1.795754006771564,1.394328266471828,1.7367983394169457,2.986584424972534,3.4298553466796875,3.559938907623291,1.5807479278580725,1.1885995864868164,-0.9403989521017139,3.7234887543343858,5.311125191520745,1.5162944139140866,5.173012085569968,3.6567176716558816,0.871149584389836,49.59306594096089
p232_204,/home/vpopescu/projects/ultra-low-power-se/datasets/datasets/voicebank-demand/16k/clean_test/p232_204.wav,/home/vpopescu/projects/ultra-low-power-se/datasets/datasets/voicebank-demand/16k/noisy_test/p232_204.wav,/tmp/exp_fc_base_full_eval_j8p2wsn0/p232_204.wav,3.100683679196215,3.6902549148141155,4.479585541329109,4.081211090087891,3.3213553428649902,3.5948400497436523,0.20936571018760847,2.849501132965088,3.095561765803618,-4.70223379534179,11.829664238046156,16.533877957034214,5.278374015791129,-11.255503941243084,0.9676216178407603,12.914036229532137
p232_205,/home/vpopescu/projects/ultra-low-power-se/datasets/datasets/voicebank-demand/16k/clean_test/p232_205.wav,/home/vpopescu/projects/ultra-low-power-se/datasets/datasets/voicebank-demand/16k/noisy_test/p232_205.wav,/tmp/exp_fc_base_full_eval_j8p2wsn0/p232_205.wav,3.208933690245745,3.96426272139695,4.6784187333637215,3.95188045501709,3.000892400741577,3.0595169067382812,0.2058815876641267,3.207728385925293,2.3521710819418,0.284275141380931,10.881223805715749,10.592899429910211,5.323640897485783,-5.269258532424429,0.9381547101757219,15.221036626982606
p232_206,/home/vpopescu/projects/ultra-low-power-se/datasets/datasets/voicebank-demand/16k/clean_test/p232_206.wav,/home/vpopescu/projects/ultra-low-power-se/datasets/datasets/voicebank-demand/16k/noisy_test/p232_206.wav,/tmp/exp_fc_base_full_eval_j8p2wsn0/p232_206.wav,2.7037851768394763,3.061952533916768,3.905962149755177,3.2311511039733887,2.2353827953338623,3.0540919303894043,0.33043280358837496,2.203493595123291,2.43164211255202,3.479668302906024,9.80666550559562,6.3201501817999715,6.094009258600969,-0.22614092319900259,0.9302488279759449,19.52545924574772
p232_207,/home/vpopescu/projects/ultra-low-power-se/datasets/datasets/voicebank-demand/16k/clean_test/p232_207.wav,/home/vpopescu/projects/ultra-low-power-se/datasets/datasets/voicebank-demand/16k/noisy_test/p232_207.wav,/tmp/exp_fc_base_full_eval_j8p2wsn0/p232_207.wav,2.1278681762073233,2.287622245140471,3.0272407396884264,4.002779960632324,3.0237691402435303,3.3888986110687256,0.7261973316240445,1.5933971405029297,-0.8020037742888995,6.775326901288325,7.065029216042843,0.25066924410155006,5.885407923460651,5.634738679359101,0.8430963867606066,31.035631310410967
p232_208,/home/vpopescu/projects/ultra-low-power-se/datasets/datasets/voicebank-demand/16k/clean_test/p232_208.wav,/home/vpopescu/projects/ultra-low-power-se/datasets/datasets/voicebank-demand/16k/noisy_test/p232_208.wav,/tmp/exp_fc_base_full_eval_j8p2wsn0/p232_208.wav,2.92037539119199,3.3914367059466275,4.087225421798164,3.3566741943359375,3.425699472427368,3.5026767253875732,0.3799771153298213,2.721994638442993,2.928296015354813,-2.829293762444408,11.822524752679566,14.636125899003716,5.6535254047095576,-8.982600494294157,0.7933962272277799,28.46009927873055
p232_209,/home/vpopescu/projects/ultra-low-power-se/datasets/datasets/voicebank-demand/16k/clean_test/p232_209.wav,/home/vpopescu/projects/ultra-low-power-se/datasets/datasets/voicebank-demand/16k/noisy_test/p232_209.wav,/tmp/exp_fc_base_full_eval_j8p2wsn0/p232_209.wav,2.8875661284123617,3.3921979310181145,4.0641757072095785,3.547750473022461,2.988321542739868,3.1632232666015625,0.44702997773462966,2.7200756072998047,1.840532894938945,1.6449385907510123,11.614235256026799,9.963454726679725,6.647310141050896,-3.3161445856288285,0.7888412291193366,23.226226322585433
p232_210,/home/vpopescu/projects/ultra-low-power-se/datasets/datasets/voicebank-demand/16k/clean_test/p232_210.wav,/home/vpopescu/projects/ultra-low-power-se/datasets/datasets/voicebank-demand/16k/noisy_test/p232_210.wav,/tmp/exp_fc_base_full_eval_j8p2wsn0/p232_210.wav,2.3876698639540406,2.8540626978280326,3.6366019366786873,3.233353614807129,2.826192855834961,3.3148176670074463,0.42286536760863164,2.1289732456207275,-0.42421667891480935,3.3720866148738846,8.553419085892147,5.197558449054789,6.142373781732574,0.9448153326777851,0.9392352042175656,33.893385240147715
p232_211,/home/vpopescu/projects/ultra-low-power-se/datasets/datasets/voicebank-demand/16k/clean_test/p232_211.wav,/home/vpopescu/projects/ultra-low-power-se/datasets/datasets/voicebank-demand/16k/noisy_test/p232_211.wav,/tmp/exp_fc_base_full_eval_j8p2wsn0/p232_211.wav,1.923049584643148,2.353406067998465,3.1140264673062084,3.343043565750122,2.8938992023468018,3.3667373657226562,0.6021497699037469,1.6947389841079712,-3.563135202265538,7.37414086084362,6.817387253799248,-0.5072572881627283,6.2115142709691495,6.718771559131878,0.7907429529610595,42.365447431104776
p232_213,/home/vpopescu/projects/ultra-low-power-se/datasets/datasets/voicebank-demand/16k/clean_test/p232_213.wav,/home/vpopescu/projects/ultra-low-power-se/datasets/datasets/voicebank-demand/16k/noisy_test/p232_213.wav,/tmp/exp_fc_base_full_eval_j8p2wsn0/p232_213.wav,2.8488562083696247,3.3601369037068443,4.144314057378436,4.122673034667969,3.2874252796173096,3.5632922649383545,0.2738795808796576,2.5877368450164795,2.4552842471870684,-2.8107236378375777,12.058579048532465,14.876260215840064,5.823798151595488,-9.052462064244576,0.9346929332253564,25.252130160148166
p232_214,/home/vpopescu/projects/ultra-low-power-se/datasets/datasets/voicebank-demand/16k/clean_test/p232_214.wav,/home/vpopescu/projects/ultra-low-power-se/datasets/datasets/voicebank-demand/16k/noisy_test/p232_214.wav,/tmp/exp_fc_base_full_eval_j8p2wsn0/p232_214.wav,2.6912261477488633,3.1360097633693944,3.878110675697049,3.7877309322357178,3.2490880489349365,3.271796703338623,0.418023384533579,2.413208484649658,1.4334537456938903,0.5803720931510998,11.226676684699095,10.684324198976771,6.063229273897508,-4.621094925079263,0.9645610640780018,26.656441984626888
p232_215,/home/vpopescu/projects/ultra-low-power-se/datasets/datasets/voicebank-demand/16k/clean_test/p232_215.wav,/home/vpopescu/projects/ultra-low-power-se/datasets/datasets/voicebank-demand/16k/noisy_test/p232_215.wav,/tmp/exp_fc_base_full_eval_j8p2wsn0/p232_215.wav,2.661178019533718,3.216057396365344,3.9202482262825287,3.6588056087493896,3.2767066955566406,3.3288135528564453,0.416260357749688,2.555417776107788,0.43836401250445634,4.229620980323965,9.901837451016016,5.638849717359491,5.532906582823021,-0.10594313453647075,0.9593402133366756,31.704087176226533
p232_216,/home/vpopescu/projects/ultra-low-power-se/datasets/datasets/voicebank-demand/16k/clean_test/p232_216.wav,/home/vpopescu/projects/ultra-low-power-se/datasets/datasets/voicebank-demand/16k/noisy_test/p232_216.wav,/tmp/exp_fc_base_full_eval_j8p2wsn0/p232_216.wav,2.2675401535784965,2.4928648384636136,3.265576544342334,3.410511016845703,3.532742738723755,3.6247878074645996,0.5615094501992398,1.7938593626022339,0.5361029870444836,5.429594869872646,6.853507706585443,1.3533227113624724,5.296070125917243,3.9427474145547707,0.9437099873302597,36.81415856131053
p232_217,/home/vpopescu/projects/ultra-low-power-se/datasets/datasets/voicebank-demand/16k/clean_test/p232_217.wav,/home/vpopescu/projects/ultra-low-power-se/datasets/datasets/voicebank-demand/16k/noisy_test/p232_217.wav,/tmp/exp_fc_base_full_eval_j8p2wsn0/p232_217.wav,2.776203135189251,2.942418020027146,3.4826425634021723,3.282480239868164,3.4755847454071045,3.4997947216033936,0.7698615425043304,2.4505534172058105,3.189634489304568,-3.0444158605813776,12.08983000716598,15.136520255147195,6.022674659405373,-9.113845595741822,0.8687717441012736,32.8726244373306
p232_218,/home/vpopescu/projects/ultra-low-power-se/datasets/datasets/voicebank-demand/16k/clean_test/p232_218.wav,/home/vpopescu/projects/ultra-low-power-se/datasets/datasets/voicebank-demand/16k/noisy_test/p232_218.wav,/tmp/exp_fc_base_full_eval_j8p2wsn0/p232_218.wav,2.4546851478450553,2.57462456483782,3.365412387651137,3.3826727867126465,3.169567823410034,3.4436986446380615,0.5231729241882667,1.8389883041381836,2.754686052000466,-0.0613420687537829,10.823305376474504,10.889178460606672,6.021166613344199,-4.868011847262474,0.9010110539274684,33.128068972717934
p232_219,/home/vpopescu/projects/ultra-low-power-se/datasets/datasets/voicebank-demand/16k/clean_test/p232_219.wav,/home/vpopescu/projects/ultra-low-power-se/datasets/datasets/voicebank-demand/16k/noisy_test/p232_219.wav,/tmp/exp_fc_base_full_eval_j8p2wsn0/p232_219.wav,2.3141968440050085,2.2607684629064972,3.049253159802865,3.425424098968506,3.7997844219207764,4.0093607902526855,0.666405784295159,1.5138297080993652,2.6547767315536914,1.9058629683816584,8.520423963782715,6.618564871922997,5.777811874411336,-0.840752997511661,0.9027110902458406,30.094955793481496
p232_220,/home/vpopescu/projects/ultra-low-power-se/datasets/datasets/voicebank-demand/16k/clean_test/p232_220.wav,/home/vpopescu/projects/ultra-low-power-se/datasets/datasets/voicebank-demand/16k/noisy_test/p232_220.wav,/tmp/exp_fc_base_full_eval_j8p2wsn0/p232_220.wav,2.1793804050431484,2.1983209038459455,2.9331859326317686,3.131420135498047,3.453016519546509,3.612217664718628,0.7456557327790425,1.528640866279602,0.9388782426629059,4.785446873724409,6.450902426218268,1.6669723189381624,5.447768035619428,3.780795716681266,0.9057916755492709,34.922751189466354
p232_221,/home/vpopescu/projects/ultra-low-power-se/datasets/datasets/voicebank-demand/16k/clean_test/p232_221.wav,/home/vpopescu/projects/ultra-low-power-se/datasets/datasets/voicebank-demand/16k/noisy_test/p232_221.wav,/tmp/exp_fc_base_full_eval_j8p2wsn0/p232_221.wav,2.7069219957071695,2.7059854265189265,3.3549454069272633,3.3276004791259766,3.0647788047790527,3.573410749435425,0.7319800912634552,2.0749876499176025,4.201328952133492,-5.670627051771017,11.328226051531555,17.014610141083384,6.202170302045048,-10.812439839038337,0.9546137938169533,26.22940356255062
p232_223,/home/vpopescu/projects/ultra-low-power-se/datasets/datasets/voicebank-demand/16k/clean_test/p232_223.wav,/home/vpopescu/projects/ultra-low-power-se/datasets/datasets/voicebank-demand/16k/noisy_test/p232_223.wav,/tmp/exp_fc_base_full_eval_j8p2wsn0/p232_223.wav,2.390902396208384,2.597834166376453,3.2789796558978597,2.935260057449341,3.0160341262817383,3.4316461086273193,0.6306892306604985,2.0158767700195312,1.4182071036530643,-0.3453911257199298,10.345630054195166,10.662223119519982,6.351658182807657,-4.310564936712326,0.8863622164576216,42.29053534158499
p232_224,/home/vpopescu/projects/ultra-low-power-se/datasets/datasets/voicebank-demand/16k/clean_test/p232_224.wav,/home/vpopescu/projects/ultra-low-power-se/datasets/datasets/voicebank-demand/16k/noisy_test/p232_224.wav,/tmp/exp_fc_base_full_eval_j8p2wsn0/p232_224.wav,2.1957727073195272,2.248455740214602,2.904834310716818,3.3309662342071533,2.4039359092712402,2.882495403289795,0.8349125036713724,1.6668860912322998,0.39545265171658894,1.9687778334130268,7.784342932195841,5.8433177547687665,5.595183208629958,-0.24813454613880825,0.8809448165794728,37.130337335379565
p232_225,/home/vpopescu/projects/ultra-low-power-se/datasets/datasets/voicebank-demand/16k/clean_test/p232_225.wav,/home/vpopescu/projects/ultra-low-power-se/datasets/datasets/voicebank-demand/16k/noisy_test/p232_225.wav,/tmp/exp_fc_base_full_eval_j8p2wsn0/p232_225.wav,1.7626629756273002,1.708410720331829,2.1729995121840586,3.153156280517578,2.8535609245300293,3.564436197280884,1.2236049526885788,1.4201207160949707,-2.3468889891750098,4.400898146998442,5.1018008423447885,0.5131931415366213,4.886926825831772,4.37373368429515,0.8696007189130489,57.471531478295695
p232_226,/home/vpopescu/projects/ultra-low-power-se/datasets/datasets/voicebank-demand/16k/clean_test/p232_226.wav,/home/vpopescu/projects/ultra-low-power-se/datasets/datasets/voicebank-demand/16k/noisy_test/p232_226.wav,/tmp/exp_fc_base_full_eval_j8p2wsn0/p232_226.wav,3.0413894334481184,3.5840210479347223,4.39869808619737,4.051459789276123,3.4808685779571533,3.7205848693847656,0.1978644833005569,2.730437994003296,3.316111017501424,-4.175215148106458,11.92587347598602,16.108063812932357,5.980473112008644,-10.127590700923713,0.9500418286261688,15.239274541149447
p232_227,/home/vpopescu/projects/ultra-low-power-se/datasets/datasets/voicebank-demand/16k/clean_test/p232_227.wav,/home/vpopescu/projects/ultra-low-power-se/datasets/datasets/voicebank-demand/16k/noisy_test/p232_227.wav,/tmp/exp_fc_base_full_eval_j8p2wsn0/p232_227.wav,2.8169810383192533,3.192647875613453,3.982955409664647,3.7944443225860596,2.877685546875,3.4896316528320312,0.37479634803582623,2.3761727809906006,2.6896179665934,-1.1955901489157519,10.368209554968153,11.558511917222166,5.762850395940166,-5.795661521282,0.9522374310911752,17.467926127091115
p232_228,/home/vpopescu/projects/ultra-low-power-se/datasets/datasets/voicebank-demand/16k/clean_test/p232_228.wav,/home/vpopescu/projects/ultra-low-power-se/datasets/datasets/voicebank-demand/16k/noisy_test/p232_228.wav,/tmp/exp_fc_base_full_eval_j8p2wsn0/p232_228.wav,2.428086513284867,2.8406858278152662,3.6829791520789907,3.7301411628723145,2.7476983070373535,2.964733600616455,0.3820062904476706,2.016869068145752,0.17983571498499104,4.10845048348236,9.496196355163129,5.38598515030963,5.684337044110167,0.29835189380053695,0.9395214179944044,25.90093590469383
p232_229,/home/vpopescu/projects/ultra-low-power-se/datasets/datasets/voicebank-demand/16k/clean_test/p232_229.wav,/home/vpopescu/projects/ultra-low-power-se/datasets/datasets/voicebank-demand/16k/noisy_test/p232_229.wav,/tmp/exp_fc_base_full_eval_j8p2wsn0/p232_229.wav,2.397681393539655,2.729992415906318,3.358661258101171,3.8243231773376465,3.2923123836517334,3.2528960704803467,0.7166467566993983,2.150993585586548,-0.5691945922214852,6.529891304169689,6.797583584018094,0.21057026543242902,5.746037726326375,5.535467460893947,0.9260486485172026,32.662040151537354
p232_230,/home/vpopescu/projects/ultra-low-power-se/datasets/datasets/voicebank-demand/16k/clean_test/p232_230.wav,/home/vpopescu/projects/ultra-low-power-se/datasets/datasets/voicebank-demand/16k/noisy_test/p232_230.wav,/tmp/exp_fc_base_full_eval_j8p2wsn0/p232_230.wav,2.629168270563448,2.8325792966156147,3.5603413715629566,3.323359251022339,3.465353012084961,3.5776195526123047,0.547749924910052,2.1343958377838135,2.7633087515744994,-4.391276323326522,11.466240743490836,15.8643039063195,6.268354037056948,-9.595949869262553,0.8684314308279345,28.451627320915456
p232_231,/home/vpopescu/projects/ultra-low-power-se/datasets/datasets/voicebank-demand/16k/clean_test/p232_231.wav,/home/vpopescu/projects/ultra-low-power-se/datasets/datasets/voicebank-demand/16k/noisy_test/p232_231.wav,/tmp/exp_fc_base_full_eval_j8p2wsn0/p232_231.wav,2.5904573862502174,2.986229009380876,3.7428289882987995,3.797933340072632,3.2257959842681885,3.3122477531433105,0.4555088473282273,2.2484169006347656,1.0514313261088597,-0.06050818906797417,10.744446853861138,10.798704555882452,6.046309518599491,-4.752395037282961,0.9591760375885013,26.360866542579807
p232_232,/home/vpopescu/projects/ultra-low-power-se/datasets/datasets/voicebank-demand/16k/clean_test/p232_232.wav,/home/vpopescu/projects/ultra-low-power-se/datasets/datasets/voicebank-demand/16k/noisy_test/p232_232.wav,/tmp/exp_fc_base_full_eval_j8p2wsn0/p232_232.wav,2.237355297308928,2.4218293096211583,3.1608603565487488,3.1629486083984375,3.4395956993103027,3.4482052326202393,0.6304463053534684,1.7656855583190918,0.4780421732879007,2.64390560455724,8.993199023998336,6.362355352135042,5.805543872419428,-0.5568114797156136,0.9278217911784148,38.67986521210502
p232_234,/home/vpopescu/projects/ultra-low-power-se/datasets/datasets/voicebank-demand/16k/clean_test/p232_234.wav,/home/vpopescu/projects/ultra-low-power-se/datasets/datasets/voicebank-demand/16k/noisy_test/p232_234.wav,/tmp/exp_fc_base_full_eval_j8p2wsn0/p232_234.wav,2.0113842701331515,2.359382685914714,3.052740437854221,2.932342767715454,3.0598881244659424,3.3860251903533936,0.672435028372884,1.7940781116485596,-2.3114540920539666,6.195189090246597,6.3266550359529115,-0.004998477525750602,5.835145937993337,5.840144415519088,0.8298179774168648,47.79477991935146
p232_235,/home/vpopescu/projects/ultra-low-power-se/datasets/datasets/voicebank-demand/16k/clean_test/p232_235.wav,/home/vpopescu/projects/ultra-low-power-se/datasets/datasets/voicebank-demand/16k/noisy_test/p232_235.wav,/tmp/exp_fc_base_full_eval_j8p2wsn0/p232_235.wav,2.914396697145717,3.3312834801582945,4.173058986845201,4.124542713165283,3.1479060649871826,3.754788637161255,0.2450381788289863,2.4600741863250732,3.5253639421473237,-5.534901029601645,11.195520965255332,16.730166459637484,5.46274395033193,-11.267422509305554,0.9616852995791745,16.80238461042128
p232_236,/home/vpopescu/projects/ultra-low-power-se/datasets/datasets/voicebank-demand/16k/clean_test/p232_236.wav,/home/vpopescu/projects/ultra-low-power-se/datasets/datasets/voicebank-demand/16k/noisy_test/p232_236.wav,/tmp/exp_fc_base_full_eval_j8p2wsn0/p232_236.wav,2.7380754974178365,3.438343549842756,4.055795545176606,3.7531893253326416,3.058440685272217,3.266622543334961,0.4166417395771893,2.9028894901275635,-0.06894856851946611,1.4500473637265792,11.462941736933299,10.008344571006022,5.341669632044712,-4.66667493896131,0.8983862872740418,39.88027414948744
p232_237,/home/vpopescu/projects/ultra-low-power-se/datasets/datasets/voicebank-demand/16k/clean_test/p232_237.wav,/home/vpopescu/projects/ultra-low-power-se/datasets/datasets/voicebank-demand/16k/noisy_test/p232_237.wav,/tmp/exp_fc_base_full_eval_j8p2wsn0/p232_237.wav,2.87890723135576,3.471433049167142,4.2548284113386075,3.952397108078003,3.3693795204162598,3.6519134044647217,0.2564400112235982,2.6781206130981445,1.776545030559196,3.087119395429351,9.397123380756614,6.30763885786786,5.505950945714625,-0.801687912153235,0.9525243419661994,21.022394090054586
p232_238,/home/vpopescu/projects/ultra-low-power-se/datasets/datasets/voicebank-demand/16k/clean_test/p232_238.wav,/home/vpopescu/projects/ultra-low-power-se/datasets/datasets/voicebank-demand/16k/noisy_test/p232_238.wav,/tmp/exp_fc_base_full_eval_j8p2wsn0/p232_238.wav,2.566335689881222,3.3412256463393626,4.064219575302302,3.8494582176208496,3.5350735187530518,3.341431140899658,0.3292687801141245,2.669325828552246,-1.7556512053966304,6.5380857098997724,7.027263601131003,0.46322128132731094,5.18392809091223,4.720706809584919,0.9533948458807702,33.28514717525198
p232_239,/home/vpopescu/projects/ultra-low-power-se/datasets/datasets/voicebank-demand/16k/clean_test/p232_239.wav,/home/vpopescu/projects/ultra-low-power-se/datasets/datasets/voicebank-demand/16k/noisy_test/p232_239.wav,/tmp/exp_fc_base_full_eval_j8p2wsn0/p232_239.wav,2.433094068177787,2.7112784929811564,3.4733231002659832,4.0509724617004395,3.6789944171905518,3.726778984069824,0.4747777799978783,2.0374326705932617,1.6661878590748267,-5.52535408823057,10.052781577611714,15.608219669119684,5.676289295658863,-9.93193037346082,0.9633328111043084,39.966940498215166
p232_240,/home/vpopescu/projects/ultra-low-power-se/datasets/datasets/voicebank-demand/16k/clean_test/p232_240.wav,/home/vpopescu/projects/ultra-low-power-se/datasets/datasets/voicebank-demand/16k/noisy_test/p232_240.wav,/tmp/exp_fc_base_full_eval_j8p2wsn0/p232_240.wav,2.6539029241906134,2.8719234954688484,3.685531317019028,3.458941698074341,3.4333577156066895,3.653082847595215,0.42282842174555013,2.068899631500244,3.2066897823591063,-0.9418407958159314,10.562315756253167,11.492798314148258,5.8778309658486965,-5.614967348299562,0.9481934854621481,24.436079422160947
p232_241,/home/vpopescu/projects/ultra-low-power-se/datasets/datasets/voicebank-demand/16k/clean_test/p232_241.wav,/home/vpopescu/projects/ultra-low-power-se/datasets/datasets/voicebank-demand/16k/noisy_test/p232_241.wav,/tmp/exp_fc_base_full_eval_j8p2wsn0/p232_241.wav,1.999238952342662,2.1543999914233614,2.825699248888418,3.0127522945404053,3.1295688152313232,3.4574503898620605,0.7762312620613987,1.620497703552246,-0.9950586697547729,2.497238478620692,7.567422075508183,5.13514822615943,5.506329621505416,0.37118139534598615,0.8377697223771051,49.524321965823
p232_242,/home/vpopescu/projects/ultra-low-power-se/datasets/datasets/voicebank-demand/16k/clean_test/p232_242.wav,/home/vpopescu/projects/ultra-low-power-se/datasets/datasets/voicebank-demand/16k/noisy_test/p232_242.wav,/tmp/exp_fc_base_full_eval_j8p2wsn0/p232_242.wav,1.6431861961855045,1.4899032198613362,1.849927698484834,2.1688313484191895,2.7498183250427246,3.1879725456237793,1.4689301240729362,1.3071300983428955,-3.3552016673499656,4.1269009346657395,4.626548861276411,0.5476007942141616,5.062906416308771,4.51530562209461,0.76413083723938,57.749183682764524
p232_243,/home/vpopescu/projects/ultra-low-power-se/datasets/datasets/voicebank-demand/16k/clean_test/p232_243.wav,/home/vpopescu/projects/ultra-low-power-se/datasets/datasets/voicebank-demand/16k/noisy_test/p232_243.wav,/tmp/exp_fc_base_full_eval_j8p2wsn0/p232_243.wav,2.711289237917128,3.04317626372599,3.756278515855729,3.4717905521392822,2.958630084991455,3.304442882537842,0.46601909935906366,2.3777503967285156,2.6513583341194087,-3.993853003114614,11.78778638355829,15.773647247759772,6.4855806413445265,-9.288066606415246,0.9604639055656401,32.33014668123215
p232_244,/home/vpopescu/projects/ultra-low-power-se/datasets/datasets/voicebank-demand/16k/clean_test/p232_244.wav,/home/vpopescu/projects/ultra-low-power-se/datasets/datasets/voicebank-demand/16k/noisy_test/p232_244.wav,/tmp/exp_fc_base_full_eval_j8p2wsn0/p232_244.wav,2.4772555219595103,2.6201067361005297,3.398871198630841,3.0449459552764893,3.006237268447876,3.5660016536712646,0.5362585388916453,1.8856717348098755,2.526969384591866,-1.6834775242617113,9.735299702384552,11.366423417371356,5.956521160113965,-5.409902257257391,0.9373188456252322,31.042091215556795
p232_245,/home/vpopescu/projects/ultra-low-power-se/datasets/datasets/voicebank-demand/16k/clean_test/p232_245.wav,/home/vpopescu/projects/ultra-low-power-se/datasets/datasets/voicebank-demand/16k/noisy_test/p232_245.wav,/tmp/exp_fc_base_full_eval_j8p2wsn0/p232_245.wav,2.22761659537966,2.279807197482205,2.792597144225363,3.625673770904541,3.4917995929718018,3.431509017944336,1.095937034092842,1.7960079908370972,-1.0478690564182458,4.78128654477014,10.170958356925645,5.345352819311692,6.63054400374045,1.2851911844287578,0.8522205155500815,28.40849624087467
p232_246,/home/vpopescu/projects/ultra-low-power-se/datasets/datasets/voicebank-demand/16k/clean_test/p232_246.wav,/home/vpopescu/projects/ultra-low-power-se/datasets/datasets/voicebank-demand/16k/noisy_test/p232_246.wav,/tmp/exp_fc_base_full_eval_j8p2wsn0/p232_246.wav,1.7725974848458035,1.8445962524983759,2.4815542344712824,2.1342220306396484,3.0030155181884766,2.522658348083496,0.9062906157884671,1.383486270904541,-1.9622151166743151,5.375946619890315,6.384512852716809,1.0480235478166473,5.475688411791124,4.427664863974476,0.8745182277151194,57.012771470869275
p232_247,/home/vpopescu/projects/ultra-low-power-se/datasets/datasets/voicebank-demand/16k/clean_test/p232_247.wav,/home/vpopescu/projects/ultra-low-power-se/datasets/datasets/voicebank-demand/16k/noisy_test/p232_247.wav,/tmp/exp_fc_base_full_eval_j8p2wsn0/p232_247.wav,2.6944825205550216,3.063283763168059,3.863741280225712,3.6752729415893555,2.8975329399108887,3.058979034423828,0.35640072414703017,2.282905101776123,2.4639929349916807,-3.344808363672236,11.878277749669548,15.22223365317359,5.412624737858964,-9.809608915314625,0.9385729432656286,26.568238999777243
p232_248,/home/vpopescu/projects/ultra-low-power-se/datasets/datasets/voicebank-demand/16k/clean_test/p232_248.wav,/home/vpopescu/projects/ultra-low-power-se/datasets/datasets/voicebank-demand/16k/noisy_test/p232_248.wav,/tmp/exp_fc_base_full_eval_j8p2wsn0/p232_248.wav,2.960130054418627,3.2614466355369727,4.082810641473112,3.761892318725586,3.104311943054199,3.4659245014190674,0.3158101000593528,2.400402784347534,4.474926319569994,-0.3016959055679109,11.310187275364935,11.60300606353129,6.005560963717851,-5.597445099813438,0.9321935890348086,14.740404947486297
p232_249,/home/vpopescu/projects/ultra-low-power-se/datasets/datasets/voicebank-demand/16k/clean_test/p232_249.wav,/home/vpopescu/projects/ultra-low-power-se/datasets/datasets/voicebank-demand/16k/noisy_test/p232_249.wav,/tmp/exp_fc_base_full_eval_j8p2wsn0/p232_249.wav,2.5389012691945023,2.8594445722556663,3.6708090896074874,3.8198952674865723,3.1761016845703125,3.168038845062256,0.4503741235193516,2.042201280593872,1.2169041976368937,3.2422233348973934,9.3943784546981,6.161670533805676,5.56474166575801,-0.5969288680476659,0.960581507833184,21.13370105435611
p232_250,/home/vpopescu/projects/ultra-low-power-se/datasets/datasets/voicebank-demand/16k/clean_test/p232_250.wav,/home/vpopescu/projects/ultra-low-power-se/datasets/datasets/voicebank-demand/16k/noisy_test/p232_250.wav,/tmp/exp_fc_base_full_eval_j8p2wsn0/p232_250.wav,2.454014645287186,2.636263103666678,3.299110787634543,3.4742913246154785,3.311781644821167,3.5619759559631348,0.7172783430576366,2.0093436241149902,1.0723872231841378,6.511246204745157,7.739532309382293,1.2338204967335602,6.038461178989301,4.804640682255741,0.915974211937793,29.716000300054255
p232_251,/home/vpopescu/projects/ultra-low-power-se/datasets/datasets/voicebank-demand/16k/clean_test/p232_251.wav,/home/vpopescu/projects/ultra-low-power-se/datasets/datasets/voicebank-demand/16k/noisy_test/p232_251.wav,/tmp/exp_fc_base_full_eval_j8p2wsn0/p232_251.wav,3.006486490529244,3.4609567047168777,4.247731213223153,3.703693151473999,3.768378734588623,3.8781473636627197,0.27669858472749725,2.6459851264953613,3.636464234855105,-4.735955066024006,11.55043481497457,16.283026468282515,5.754024548164871,-10.529001920117643,0.937789271990999,17.34166381877282
p232_252,/home/vpopescu/projects/ultra-low-power-se/datasets/datasets/voicebank-demand/16k/clean_test/p232_252.wav,/home/vpopescu/projects/ultra-low-power-se/datasets/datasets/voicebank-demand/16k/noisy_test/p232_252.wav,/tmp/exp_fc_base_full_eval_j8p2wsn0/p232_252.wav,2.646761750430796,3.0072095840350355,3.7752159608389912,3.302635908126831,3.026768445968628,3.5484399795532227,0.42392618537018745,2.262991428375244,1.9444469296020557,-0.44631187260507055,10.511278709484602,10.963280253074778,5.958249898691968,-5.00503035438281,0.9399185892209285,27.3497584139286
p232_253,/home/vpopescu/projects/ultra-low-power-se/datasets/datasets/voicebank-demand/16k/clean_test/p232_253.wav,/home/vpopescu/projects/ultra-low-power-se/datasets/datasets/voicebank-demand/16k/noisy_test/p232_253.wav,/tmp/exp_fc_base_full_eval_j8p2wsn0/p232_253.wav,2.443797140598399,2.512013867150284,3.2025838461196137,3.2111430168151855,3.5069031715393066,3.5812346935272217,0.6903411444984631,1.8861119747161865,2.461701955509445,3.2810143411614225,9.64818583218152,6.346587850162146,6.2320912837891385,-0.11449656637300798,0.8954226930751409,35.26451521614755
p232_254,/home/vpopescu/projects/ultra-low-power-se/datasets/datasets/voicebank-demand/16k/clean_test/p232_254.wav,/home/vpopescu/projects/ultra-low-power-se/datasets/datasets/voicebank-demand/16k/noisy_test/p232_254.wav,/tmp/exp_fc_base_full_eval_j8p2wsn0/p232_254.wav,2.1548268058753854,2.256099374476077,3.0502816267558437,3.3652184009552,3.5229177474975586,3.460503101348877,0.6521512958826836,1.5097851753234863,0.29405905139928423,5.475696904531724,6.792128901696226,1.3906960709656213,5.556722103878814,4.166026032913193,0.8921075809990704,31.339461166770793
p232_255,/home/vpopescu/projects/ultra-low-power-se/datasets/datasets/voicebank-demand/16k/clean_test/p232_255.wav,/home/vpopescu/projects/ultra-low-power-se/datasets/datasets/voicebank-demand/16k/noisy_test/p232_255.wav,/tmp/exp_fc_base_full_eval_j8p2wsn0/p232_255.wav,2.926091860944669,3.4393888941589283,4.224730572947417,3.7854909896850586,2.932307243347168,3.389669179916382,0.2677845938070518,2.6426868438720703,2.7580294079793175,-4.067829416454622,11.66469395694081,15.733759603847083,5.980947268779328,-9.752812335067755,0.934268073013524,20.695471875553917
p232_256,/home/vpopescu/projects/ultra-low-power-se/datasets/datasets/voicebank-demand/16k/clean_test/p232_256.wav,/home/vpopescu/projects/ultra-low-power-se/datasets/datasets/voicebank-demand/16k/noisy_test/p232_256.wav,/tmp/exp_fc_base_full_eval_j8p2wsn0/p232_256.wav,2.927099747008076,3.4315769800091,4.204364266553889,3.7560219764709473,2.9858577251434326,3.5380098819732666,0.2901803938540877,2.64736270904541,2.74028589211956,-0.42488752262040386,10.468285504878105,10.896444363702267,6.0139995047831665,-4.882444858919101,0.9289815927525047,20.711091302737486
p232_257,/home/vpopescu/projects/ultra-low-power-se/datasets/datasets/voicebank-demand/16k/clean_test/p232_257.wav,/home/vpopescu/projects/ultra-low-power-se/datasets/datasets/voicebank-demand/16k/noisy_test/p232_257.wav,/tmp/exp_fc_base_full_eval_j8p2wsn0/p232_257.wav,2.406241530337382,2.8463125234821542,3.5492662922481344,3.7122626304626465,3.287540912628174,3.2696919441223145,0.5594002813669079,2.1909077167510986,-0.794557362333645,2.8458577712023665,8.180289411476497,5.3063436276466325,5.260037920143128,-0.046305707503504046,0.9606781281368377,32.136463491803376
p232_258,/home/vpopescu/projects/ultra-low-power-se/datasets/datasets/voicebank-demand/16k/clean_test/p232_258.wav,/home/vpopescu/projects/ultra-low-power-se/datasets/datasets/voicebank-demand/16k/noisy_test/p232_258.wav,/tmp/exp_fc_base_full_eval_j8p2wsn0/p232_258.wav,2.274316159228901,2.394020807813604,3.180225192861685,3.367534875869751,3.502662181854248,3.696615695953369,0.5860002434477583,1.676236867904663,1.4030584535693602,5.895475208838258,7.300617375748346,1.3605224804600105,6.003913520520687,4.643391040060676,0.9293110928319636,35.61682088634257
p232_259,/home/vpopescu/projects/ultra-low-power-se/datasets/datasets/voicebank-demand/16k/clean_test/p232_259.wav,/home/vpopescu/projects/ultra-low-power-se/datasets/datasets/voicebank-demand/16k/noisy_test/p232_259.wav,/tmp/exp_fc_base_full_eval_j8p2wsn0/p232_259.wav,2.759538719662418,3.0514855439983792,3.8647394880383934,3.9605164527893066,2.8768694400787354,3.4406967163085938,0.3538517778089279,2.2476680278778076,3.521722389554146,-5.6873379038277445,10.881108761752209,16.561235710926915,5.383243439750811,-11.177992271176105,0.9559225013866156,24.387872600726396
p232_260,/home/vpopescu/projects/ultra-low-power-se/datasets/datasets/voicebank-demand/16k/clean_test/p232_260.wav,/home/vpopescu/projects/ultra-low-power-se/datasets/datasets/voicebank-demand/16k/noisy_test/p232_260.wav,/tmp/exp_fc_base_full_eval_j8p2wsn0/p232_260.wav,2.2450780631891414,2.351711470085303,3.0658268553317543,3.187464714050293,3.5353810787200928,3.601562261581421,0.7135830879252025,1.705643892288208,0.7263111883234745,-1.2185172019531834,9.671693760937849,10.893275809250472,5.5530553784463565,-5.3402204308041155,0.9465785747479212,35.711046027000165
p232_261,/home/vpopescu/projects/ultra-low-power-se/datasets/datasets/voicebank-demand/16k/clean_test/p232_261.wav,/home/vpopescu/projects/ultra-low-power-se/datasets/datasets/voicebank-demand/16k/noisy_test/p232_261.wav,/tmp/exp_fc_base_full_eval_j8p2wsn0/p232_261.wav,2.197939928477132,2.133877449094443,2.8979906194369267,3.0841064453125,3.1985955238342285,3.5149242877960205,0.7332678021954754,1.4289460182189941,1.839598612955829,1.5087011893529212,7.988916007400868,6.606450461703451,6.000033721085144,-0.6064167406183074,0.8663904241200048,33.57014012110918
p232_263,/home/vpopescu/projects/ultra-low-power-se/datasets/datasets/voicebank-demand/16k/clean_test/p232_263.wav,/home/vpopescu/projects/ultra-low-power-se/datasets/datasets/voicebank-demand/16k/noisy_test/p232_263.wav,/tmp/exp_fc_base_full_eval_j8p2wsn0/p232_263.wav,1.8863865837759146,1.723196265917849,2.3518100015938104,2.966909408569336,3.1558175086975098,3.451138496398926,1.0183707793869903,1.2263307571411133,0.044359307890015943,4.1378714499327,5.695922361191013,1.5000178131672919,5.33316992029601,3.833152107128718,0.8039783890781138,48.08487921922975
p232_264,/home/vpopescu/projects/ultra-low-power-se/datasets/datasets/voicebank-demand/16k/clean_test/p232_264.wav,/home/vpopescu/projects/ultra-low-power-se/datasets/datasets/voicebank-demand/16k/noisy_test/p232_264.wav,/tmp/exp_fc_base_full_eval_j8p2wsn0/p232_264.wav,2.842121220688811,3.0684858660635754,3.8425559536869693,3.816056966781616,3.1907613277435303,3.810606002807617,0.4298374424415996,2.2844090461730957,4.135878447519665,-4.659456233192394,11.970964407891264,16.621955520392223,6.169250805859922,-10.452704714532302,0.9562194843975239,20.626663653666796
p232_265,/home/vpopescu/projects/ultra-low-power-se/datasets/datasets/voicebank-demand/16k/clean_test/p232_265.wav,/home/vpopescu/projects/ultra-low-power-se/datasets/datasets/voicebank-demand/16k/noisy_test/p232_265.wav,/tmp/exp_fc_base_full_eval_j8p2wsn0/p232_265.wav,2.3455628387900105,2.4404970804349015,3.2094525360341977,3.2812259197235107,3.433418035507202,3.741088628768921,0.5766636969927595,1.7549152374267578,2.2804956846566067,-1.033994866273078,9.74681458063752,10.832682538358133,5.506829302462242,-5.325853235895892,0.9176105497478897,38.7082675476209
p232_266,/home/vpopescu/projects/ultra-low-power-se/datasets/datasets/voicebank-demand/16k/clean_test/p232_266.wav,/home/vpopescu/projects/ultra-low-power-se/datasets/datasets/voicebank-demand/16k/noisy_test/p232_266.wav,/tmp/exp_fc_base_full_eval_j8p2wsn0/p232_266.wav,2.4196549496368407,2.5886884144793973,3.3090810112626636,3.6161155700683594,3.1409506797790527,3.5614006519317627,0.650211605759264,1.902225375175476,1.2712046141441475,2.426209011394416,8.656785945734539,6.263912116909901,5.977925144817032,-0.2859869720928687,0.911927918125188,29.099238626874012
p232_267,/home/vpopescu/projects/ultra-low-power-se/datasets/datasets/voicebank-demand/16k/clean_test/p232_267.wav,/home/vpopescu/projects/ultra-low-power-se/datasets/datasets/voicebank-demand/16k/noisy_test/p232_267.wav,/tmp/exp_fc_base_full_eval_j8p2wsn0/p232_267.wav,1.9068915035367229,1.7834817410219292,2.357555719135167,2.8890583515167236,3.128781795501709,3.4516613483428955,1.0645085154440246,1.3528591394424438,-0.30529617134710785,2.536056945963126,4.263565586369527,1.6837048883184127,4.883936805409055,3.2002319170906426,0.8723437553004977,50.64878661741391
p232_268,/home/vpopescu/projects/ultra-low-power-se/datasets/datasets/voicebank-demand/16k/clean_test/p232_268.wav,/home/vpopescu/projects/ultra-low-power-se/datasets/datasets/voicebank-demand/16k/noisy_test/p232_268.wav,/tmp/exp_fc_base_full_eval_j8p2wsn0/p232_268.wav,3.2310429513380705,3.7887031813509897,4.539380201507357,4.085610866546631,3.6219193935394287,3.9575979709625244,0.2376388272574701,2.9798262119293213,4.048759710034044,-4.932570596525501,11.009783987209454,15.946577494391573,5.765465333537706,-10.181112160853868,0.9485091053615899,11.76940567089852
p232_269,/home/vpopescu/projects/ultra-low-power-se/datasets/datasets/voicebank-demand/16k/clean_test/p232_269.wav,/home/vpopescu/projects/ultra-low-power-se/datasets/datasets/voicebank-demand/16k/noisy_test/p232_269.wav,/tmp/exp_fc_base_full_eval_j8p2wsn0/p232_269.wav,2.7588264037074204,2.9866747997025267,3.900138104089491,4.040063858032227,3.636199712753296,3.938810348510742,0.2834687648323725,2.033235788345337,3.998153955549917,-0.6987270378384132,10.790397135897045,11.492562538716616,5.8721704685374,-5.620392070179216,0.9441631135850639,14.134857474470707
p232_270,/home/vpopescu/projects/ultra-low-power-se/datasets/datasets/voicebank-demand/16k/clean_test/p232_270.wav,/home/vpopescu/projects/ultra-low-power-se/datasets/datasets/voicebank-demand/16k/noisy_test/p232_270.wav,/tmp/exp_fc_base_full_eval_j8p2wsn0/p232_270.wav,2.882345878310481,3.3542555343232077,4.1484985304487445,4.01847505569458,3.0835471153259277,3.4889092445373535,0.2990727900465262,2.5389273166656494,2.622131873541586,3.111084150108179,9.60983166036062,6.502027866682333,5.858166185977592,-0.6438616807047408,0.9317048499924685,18.636526726974157
p232_271,/home/vpopescu/projects/ultra-low-power-se/datasets/datasets/voicebank-demand/16k/clean_test/p232_271.wav,/home/vpopescu/projects/ultra-low-power-se/datasets/datasets/voicebank-demand/16k/noisy_test/p232_271.wav,/tmp/exp_fc_base_full_eval_j8p2wsn0/p232_271.wav,2.578566466680397,2.9375849741224487,3.6733897873197314,3.560917615890503,3.51446533203125,3.415043354034424,0.5199573057570714,2.209076404571533,0.9068466080193586,6.201380163615838,7.6367957792037995,1.432884319360364,5.677158122340379,4.244273802980015,0.9407778704538974,24.071913001430765
p232_272,/home/vpopescu/projects/ultra-low-power-se/datasets/datasets/voicebank-demand/16k/clean_test/p232_272.wav,/home/vpopescu/projects/ultra-low-power-se/datasets/datasets/voicebank-demand/16k/noisy_test/p232_272.wav,/tmp/exp_fc_base_full_eval_j8p2wsn0/p232_272.wav,2.924825725933284,3.2948895583568976,4.150326857708304,3.823518991470337,3.154717445373535,3.362654685974121,0.23261069584605065,2.415044069290161,4.13585558668399,-2.9615070563313104,12.968930730279508,15.93835077759669,6.2029469949960365,-9.735403782600654,0.890259071212493,17.73203444978634
p232_273,/home/vpopescu/projects/ultra-low-power-se/datasets/datasets/voicebank-demand/16k/clean_test/p232_273.wav,/home/vpopescu/projects/ultra-low-power-se/datasets/datasets/voicebank-demand/16k/noisy_test/p232_273.wav,/tmp/exp_fc_base_full_eval_j8p2wsn0/p232_273.wav,2.499270374897116,2.770129068091193,3.514405200364132,3.146944761276245,3.440800666809082,3.296271800994873,0.5179050040147557,2.080476760864258,1.6553943738568444,0.376496163873254,11.098690371988702,10.733795584299742,5.977810420471016,-4.755985163828726,0.9321242965096272,33.35533747842573
p232_274,/home/vpopescu/projects/ultra-low-power-se/datasets/datasets/voicebank-demand/16k/clean_test/p232_274.wav,/home/vpopescu/projects/ultra-low-power-se/datasets/datasets/voicebank-demand/16k/noisy_test/p232_274.wav,/tmp/exp_fc_base_full_eval_j8p2wsn0/p232_274.wav,2.455017724293495,2.609976413294241,3.4235654211371176,3.067445755004883,3.0978188514709473,3.4507219791412354,0.4916629587948447,1.8366284370422363,2.442656746176275,2.6525980588697315,9.074374329673043,6.436821197905434,5.722948234647714,-0.7138729632577201,0.8755153887457501,30.111149088828412
p232_275,/home/vpopescu/projects/ultra-low-power-se/datasets/datasets/voicebank-demand/16k/clean_test/p232_275.wav,/home/vpopescu/projects/ultra-low-power-se/datasets/datasets/voicebank-demand/16k/noisy_test/p232_275.wav,/tmp/exp_fc_base_full_eval_j8p2wsn0/p232_275.wav,2.1071369202064063,2.0537302141233322,2.7524500910144667,3.2290892601013184,3.167386054992676,3.8080549240112305,0.8391466903657799,1.4364535808563232,0.8489511358065521,5.579815762086331,7.091651048315578,1.4991981479518586,5.641645842626351,4.142447694674493,0.8807776678602685,38.13883042838986
p232_276,/home/vpopescu/projects/ultra-low-power-se/datasets/datasets/voicebank-demand/16k/clean_test/p232_276.wav,/home/vpopescu/projects/ultra-low-power-se/datasets/datasets/voicebank-demand/16k/noisy_test/p232_276.wav,/tmp/exp_fc_base_full_eval_j8p2wsn0/p232_276.wav,2.847712975809468,3.1713763003933466,4.02932042624086,3.901270866394043,3.1564130783081055,3.765519142150879,0.26738795359092615,2.2977089881896973,3.9807124177079154,-4.631235338860536,11.678658759603229,16.30559372304743,6.181214990490353,-10.124378732557076,0.9554442585784666,19.33954326582942
p232_277,/home/vpopescu/projects/ultra-low-power-se/datasets/datasets/voicebank-demand/16k/clean_test/p232_277.wav,/home/vpopescu/projects/ultra-low-power-se/datasets/datasets/voicebank-demand/16k/noisy_test/p232_277.wav,/tmp/exp_fc_base_full_eval_j8p2wsn0/p232_277.wav,2.5699771720065523,2.8273391684656843,3.7736595487283795,3.989920139312744,3.450885534286499,3.711963415145874,0.2584583945617218,1.8732593059539795,2.9025888662256807,-0.7683933433360899,10.70552600015574,11.475379427590646,5.417860556731321,-6.057518870859325,0.9158692157890201,20.329124973095364
p232_278,/home/vpopescu/projects/ultra-low-power-se/datasets/datasets/voicebank-demand/16k/clean_test/p232_278.wav,/home/vpopescu/projects/ultra-low-power-se/datasets/datasets/voicebank-demand/16k/noisy_test/p232_278.wav,/tmp/exp_fc_base_full_eval_j8p2wsn0/p232_278.wav,2.537781636464913,3.0775775384455675,3.8870678008070776,3.8014798164367676,2.6032962799072266,3.097001314163208,0.33291847085100695,2.291600465774536,-0.014235027747559937,4.017427349662172,9.581443495871758,5.5571943668380275,5.6535256325449605,0.09633126570693307,0.9536438680616501,27.243797061031263
p232_279,/home/vpopescu/projects/ultra-low-power-se/datasets/datasets/voicebank-demand/16k/clean_test/p232_279.wav,/home/vpopescu/projects/ultra-low-power-se/datasets/datasets/voicebank-demand/16k/noisy_test/p232_279.wav,/tmp/exp_fc_base_full_eval_j8p2wsn0/p232_279.wav,1.8615162292022067,1.8250168685592225,2.3775610464796246,3.2386555671691895,3.350294828414917,3.585275173187256,1.1185432333324294,1.3837978839874268,-1.9633788374496957,5.66252833690361,6.530168553567029,0.8518008397520063,5.805082561943598,4.9532817221915915,0.8085922264493959,44.32089894063601
p232_280,/home/vpopescu/projects/ultra-low-power-se/datasets/datasets/voicebank-demand/16k/clean_test/p232_280.wav,/home/vpopescu/projects/ultra-low-power-se/datasets/datasets/voicebank-demand/16k/noisy_test/p232_280.wav,/tmp/exp_fc_base_full_eval_j8p2wsn0/p232_280.wav,2.3674952263512195,2.332473937525893,3.0809052894029603,3.158268928527832,3.1546127796173096,3.5563979148864746,0.65777423706105,1.6613770723342896,3.198590192117171,-5.991364335537964,10.31300053738063,16.3308027124631,5.839119357114436,-10.491683355348664,0.8988497811538472,37.45059947542179
p232_281,/home/vpopescu/projects/ultra-low-power-se/datasets/datasets/voicebank-demand/16k/clean_test/p232_281.wav,/home/vpopescu/projects/ultra-low-power-se/datasets/datasets/voicebank-demand/16k/noisy_test/p232_281.wav,/tmp/exp_fc_base_full_eval_j8p2wsn0/p232_281.wav,2.2021155600506837,2.2636012279945725,2.933999334131086,2.9596149921417236,2.8042612075805664,3.0855472087860107,0.7659299474542981,1.7036466598510742,1.0071532814414614,-0.25471352925418067,9.532875432391064,9.835381533797467,6.0618640938677615,-3.773517439929705,0.8109481403082944,44.239742869848804
p232_282,/home/vpopescu/projects/ultra-low-power-se/datasets/datasets/voicebank-demand/16k/clean_test/p232_282.wav,/home/vpopescu/projects/ultra-low-power-se/datasets/datasets/voicebank-demand/16k/noisy_test/p232_282.wav,/tmp/exp_fc_base_full_eval_j8p2wsn0/p232_282.wav,2.602607110326458,2.7585071800335954,3.6586399752111367,3.665684223175049,3.151813268661499,3.641197681427002,0.3520614009442691,1.8543272018432617,3.6541188573356194,3.4555015238609803,10.095828165169046,6.671700096401068,6.159616946441585,-0.5120831499594827,0.9290613980191863,21.13868288096641
p232_283,/home/vpopescu/projects/ultra-low-power-se/datasets/datasets/voicebank-demand/16k/clean_test/p232_283.wav,/home/vpopescu/projects/ultra-low-power-se/datasets/datasets/voicebank-demand/16k/noisy_test/p232_283.wav,/tmp/exp_fc_base_full_eval_j8p2wsn0/p232_283.wav,1.70383389205859,1.7045589337222287,2.24954986143271,2.728085517883301,3.060603141784668,3.3582065105438232,1.0942625908929962,1.3424503803253174,-2.5715272037218058,4.998620981826497,5.462612934138775,0.3898342677456067,5.490744719288678,5.100910451543071,0.7811290490907026,58.55016798606255
p232_284,/home/vpopescu/projects/ultra-low-power-se/datasets/datasets/voicebank-demand/16k/clean_test/p232_284.wav,/home/vpopescu/projects/ultra-low-power-se/datasets/datasets/voicebank-demand/16k/noisy_test/p232_284.wav,/tmp/exp_fc_base_full_eval_j8p2wsn0/p232_284.wav,2.789808849763514,3.1833494555824156,3.9465393343036004,3.6304309368133545,3.4546592235565186,3.9637441635131836,0.3788242118056165,2.4293389320373535,2.6491306113148925,-5.184404210938702,11.187987694031811,16.392450688748767,5.595868254847449,-10.796582433901317,0.9504107300996265,24.615769751882723
p232_285,/home/vpopescu/projects/ultra-low-power-se/datasets/datasets/voicebank-demand/16k/clean_test/p232_285.wav,/home/vpopescu/projects/ultra-low-power-se/datasets/datasets/voicebank-demand/16k/noisy_test/p232_285.wav,/tmp/exp_fc_base_full_eval_j8p2wsn0/p232_285.wav,2.4527978295593273,2.6899186146190766,3.2445515308029043,3.3841354846954346,3.0537643432617188,2.8669986724853516,0.8033995264317997,2.221423625946045,0.602288620500422,0.051086239554026136,10.575606173118416,10.510691639721529,5.742858474817339,-4.767833164904189,0.909453552336667,40.14097810491546
p232_286,/home/vpopescu/projects/ultra-low-power-se/datasets/datasets/voicebank-demand/16k/clean_test/p232_286.wav,/home/vpopescu/projects/ultra-low-power-se/datasets/datasets/voicebank-demand/16k/noisy_test/p232_286.wav,/tmp/exp_fc_base_full_eval_j8p2wsn0/p232_286.wav,2.2191751734992384,2.3283177778580733,2.9619171911651896,2.8376545906066895,3.044489860534668,3.212470054626465,0.8076808861878212,1.7958028316497803,0.3897191724203042,3.13762736729211,9.085333999862709,6.004925332595579,6.013527773692216,0.008602441096637214,0.900998272350235,42.538698270262216
p232_287,/home/vpopescu/projects/ultra-low-power-se/datasets/datasets/voicebank-demand/16k/clean_test/p232_287.wav,/home/vpopescu/projects/ultra-low-power-se/datasets/datasets/voicebank-demand/16k/noisy_test/p232_287.wav,/tmp/exp_fc_base_full_eval_j8p2wsn0/p232_287.wav,1.8303322043823271,1.8776989322902846,2.4860113635501366,3.009746551513672,3.4626002311706543,3.355196237564087,0.9595668167251418,1.4259705543518066,-1.7836915364791943,4.150649096345508,5.00164333500164,0.7983863725137188,4.9932480053151345,4.194861632801416,0.8827310019911816,53.27273625709243
p232_288,/home/vpopescu/projects/ultra-low-power-se/datasets/datasets/voicebank-demand/16k/clean_test/p232_288.wav,/home/vpopescu/projects/ultra-low-power-se/datasets/datasets/voicebank-demand/16k/noisy_test/p232_288.wav,/tmp/exp_fc_base_full_eval_j8p2wsn0/p232_288.wav,2.9385639303031246,3.465760425162475,4.278178048139576,3.880199909210205,3.1677780151367188,3.2080349922180176,0.24018727603334483,2.6211347579956055,2.6498204075577867,-3.94914177363602,11.502133180520495,15.445058124889835,5.2778893433702905,-10.167168781519544,0.9614114781532166,16.46816709927361
p232_289,/home/vpopescu/projects/ultra-low-power-se/datasets/datasets/voicebank-demand/16k/clean_test/p232_289.wav,/home/vpopescu/projects/ultra-low-power-se/datasets/datasets/voicebank-demand/16k/noisy_test/p232_289.wav,/tmp/exp_fc_base_full_eval_j8p2wsn0/p232_289.wav,2.97586367772776,3.480745218843792,4.296897371903931,4.255425453186035,3.215150833129883,3.7016751766204834,0.24127840724142854,2.621464252471924,2.996868649756761,0.1650703892261145,11.637813904764167,11.474265767696464,6.195708558097168,-5.278557209599295,0.9518782136041306,14.285565698356468
p232_290,/home/vpopescu/projects/ultra-low-power-se/datasets/datasets/voicebank-demand/16k/clean_test/p232_290.wav,/home/vpopescu/projects/ultra-low-power-se/datasets/datasets/voicebank-demand/16k/noisy_test/p232_290.wav,/tmp/exp_fc_base_full_eval_j8p2wsn0/p232_290.wav,2.5242187951119215,3.255214945854811,3.9924635928598273,3.912628173828125,3.1787421703338623,3.315182685852051,0.3562130177065255,2.556321620941162,-1.8644451708074725,4.365524399647467,9.133081128488765,4.758824678720222,4.958430733190339,0.1996060544701166,0.9662325519145677,30.606127705297638
p232_291,/home/vpopescu/projects/ultra-low-power-se/datasets/datasets/voicebank-demand/16k/clean_test/p232_291.wav,/home/vpopescu/projects/ultra-low-power-se/datasets/datasets/voicebank-demand/16k/noisy_test/p232_291.wav,/tmp/exp_fc_base_full_eval_j8p2wsn0/p232_291.wav,2.341598356180302,2.7786920278124483,3.5083327738242738,3.560560703277588,2.957836866378784,3.538130760192871,0.5528012311638696,2.0900726318359375,-1.217050021868182,5.368141434330431,5.928489842887296,0.5682262483957652,4.595117942743618,4.026891694347853,0.9578349952778493,30.683172922797223
p232_292,/home/vpopescu/projects/ultra-low-power-se/datasets/datasets/voicebank-demand/16k/clean_test/p232_292.wav,/home/vpopescu/projects/ultra-low-power-se/datasets/datasets/voicebank-demand/16k/noisy_test/p232_292.wav,/tmp/exp_fc_base_full_eval_j8p2wsn0/p232_292.wav,2.779898956230806,3.2577207124729157,3.951396075976972,4.000577926635742,3.809840440750122,3.892388343811035,0.42110592096898025,2.603156089782715,1.869905612392376,-4.3161795863266335,10.807109823696754,15.129749340216916,5.581386521931071,-9.548362818285845,0.9602091323402673,30.887672609435977
p232_293,/home/vpopescu/projects/ultra-low-power-se/datasets/datasets/voicebank-demand/16k/clean_test/p232_293.wav,/home/vpopescu/projects/ultra-low-power-se/datasets/datasets/voicebank-demand/16k/noisy_test/p232_293.wav,/tmp/exp_fc_base_full_eval_j8p2wsn0/p232_293.wav,2.5211705050095463,2.6088648143780384,3.3752143111946764,3.191781520843506,3.6104276180267334,3.6135811805725098,0.5677555861076211,1.879946231842041,3.1167817199484653,-0.780997389828606,10.837099234704596,11.60890686799085,6.123943514342183,-5.484963353648667,0.9277003030587022,29.685863166814652
p232_294,/home/vpopescu/projects/ultra-low-power-se/datasets/datasets/voicebank-demand/16k/clean_test/p232_294.wav,/home/vpopescu/projects/ultra-low-power-se/datasets/datasets/voicebank-demand/16k/noisy_test/p232_294.wav,/tmp/exp_fc_base_full_eval_j8p2wsn0/p232_294.wav,2.4041706240789513,2.5670012028306,3.386031996431518,3.101649761199951,3.4706883430480957,3.5935733318328857,0.4948513231304897,1.7928729057312012,2.064682285391166,3.0470262242306,9.547133953635308,6.516789930177829,5.935066565656086,-0.5817233645217428,0.9152960466153743,30.98537269145805
p232_295,/home/vpopescu/projects/ultra-low-power-se/datasets/datasets/voicebank-demand/16k/clean_test/p232_295.wav,/home/vpopescu/projects/ultra-low-power-se/datasets/datasets/voicebank-demand/16k/noisy_test/p232_295.wav,/tmp/exp_fc_base_full_eval_j8p2wsn0/p232_295.wav,2.1535822353049014,2.176966266785556,2.93681892684072,3.0150022506713867,3.432715654373169,3.5966079235076904,0.7136160283582377,1.4841700792312622,0.8979075858500152,5.476693278588469,6.938887823467618,1.4358091697304654,5.84708292353711,4.411273753806645,0.8736176356318531,35.20274863945608
p232_296,/home/vpopescu/projects/ultra-low-power-se/datasets/datasets/voicebank-demand/16k/clean_test/p232_296.wav,/home/vpopescu/projects/ultra-low-power-se/datasets/datasets/voicebank-demand/16k/noisy_test/p232_296.wav,/tmp/exp_fc_base_full_eval_j8p2wsn0/p232_296.wav,2.8068662283344925,3.107902086825913,3.9254611843302905,3.889040946960449,3.471188545227051,3.816298723220825,0.3243114683183893,2.3003644943237305,3.891045386879749,-4.079272374701306,11.91783820203482,15.996451194552746,6.107717141144777,-9.888734053407969,0.9334436631903142,24.549122760810718
p232_297,/home/vpopescu/projects/ultra-low-power-se/datasets/datasets/voicebank-demand/16k/clean_test/p232_297.wav,/home/vpopescu/projects/ultra-low-power-se/datasets/datasets/voicebank-demand/16k/noisy_test/p232_297.wav,/tmp/exp_fc_base_full_eval_j8p2wsn0/p232_297.wav,2.8142866506556747,3.217404612652149,4.030895384470629,4.042331218719482,3.305742025375366,3.7458348274230957,0.31198502372651277,2.392781972885132,2.8505620791903015,0.07303132281185576,11.07210057234611,10.995977325118035,5.695711096686588,-5.300266228431448,0.9134725710972066,20.43550619605818
p232_298,/home/vpopescu/projects/ultra-low-power-se/datasets/datasets/voicebank-demand/16k/clean_test/p232_298.wav,/home/vpopescu/projects/ultra-low-power-se/datasets/datasets/voicebank-demand/16k/noisy_test/p232_298.wav,/tmp/exp_fc_base_full_eval_j8p2wsn0/p232_298.wav,2.3242660638609283,2.745576988428347,3.5123289177654655,3.414193630218506,2.8042025566101074,3.1982688903808594,0.48017964704520627,2.0445847511291504,-0.6124395275449477,3.911540118301991,9.100983538333113,5.143670114971409,5.7019734414526715,0.5583033264812629,0.9372169095595047,35.49453670621056
p232_299,/home/vpopescu/projects/ultra-low-power-se/datasets/datasets/voicebank-demand/16k/clean_test/p232_299.wav,/home/vpopescu/projects/ultra-low-power-se/datasets/datasets/voicebank-demand/16k/noisy_test/p232_299.wav,/tmp/exp_fc_base_full_eval_j8p2wsn0/p232_299.wav,2.4726696551571656,3.1647891182232333,3.948048242648291,3.875560998916626,3.8170852661132812,3.6498258113861084,0.3179329503848359,2.4228599071502686,-1.628983238491519,6.735938977805633,7.015984093439873,0.32768153787910503,5.5680830027876125,5.240401464908508,0.8911904402739101,30.975919490813894
p232_300,/home/vpopescu/projects/ultra-low-power-se/datasets/datasets/voicebank-demand/16k/clean_test/p232_300.wav,/home/vpopescu/projects/ultra-low-power-se/datasets/datasets/voicebank-demand/16k/noisy_test/p232_300.wav,/tmp/exp_fc_base_full_eval_j8p2wsn0/p232_300.wav,2.4859552647759275,2.808878503302658,3.507437209220628,3.15124773979187,2.9513800144195557,3.411497116088867,0.5027240538704394,2.224959373474121,1.7022819209149465,-4.7176123526929725,10.536125459270236,15.23660813566237,5.616868042591291,-9.61974009307108,0.8718252180807805,45.545582394620574
p232_301,/home/vpopescu/projects/ultra-low-power-se/datasets/datasets/voicebank-demand/16k/clean_test/p232_301.wav,/home/vpopescu/projects/ultra-low-power-se/datasets/datasets/voicebank-demand/16k/noisy_test/p232_301.wav,/tmp/exp_fc_base_full_eval_j8p2wsn0/p232_301.wav,2.407352614569251,2.64506101026038,3.3761162683135058,3.349958658218384,2.9403579235076904,3.4301092624664307,0.5658631796685709,1.9872090816497803,1.3077305717149335,0.10691070567135696,10.395526493804324,10.28773492758619,5.914843344886225,-4.372891582699965,0.9456024523903315,36.988621782483555
p232_302,/home/vpopescu/projects/ultra-low-power-se/datasets/datasets/voicebank-demand/16k/clean_test/p232_302.wav,/home/vpopescu/projects/ultra-low-power-se/datasets/datasets/voicebank-demand/16k/noisy_test/p232_302.wav,/tmp/exp_fc_base_full_eval_j8p2wsn0/p232_302.wav,1.9995932823674258,1.851064393467817,2.3316093787270638,2.967599630355835,3.1902339458465576,3.411504030227661,1.1845625543492995,1.5110363960266113,-0.06124186391317642,2.685520632841964,7.980426946827775,5.319854166136747,5.869649244958202,0.5497950788214547,0.7460525759891431,50.403411072394874
p232_303,/home/vpopescu/projects/ultra-low-power-se/datasets/datasets/voicebank-demand/16k/clean_test/p232_303.wav,/home/vpopescu/projects/ultra-low-power-se/datasets/datasets/voicebank-demand/16k/noisy_test/p232_303.wav,/tmp/exp_fc_base_full_eval_j8p2wsn0/p232_303.wav,1.9252894467340975,1.793278078998076,2.4190641257866003,2.7094099521636963,3.1862401962280273,3.498675584793091,1.0077918063131452,1.2883049249649048,-0.04289407353626932,3.2035456090062926,4.944261858968282,1.6226623770923643,5.146160270380033,3.5234978932876686,0.8273086806704257,45.97399725233453
p232_305,/home/vpopescu/projects/ultra-low-power-se/datasets/datasets/voicebank-demand/16k/clean_test/p232_305.wav,/home/vpopescu/projects/ultra-low-power-se/datasets/datasets/voicebank-demand/16k/noisy_test/p232_305.wav,/tmp/exp_fc_base_full_eval_j8p2wsn0/p232_305.wav,2.4002245315391244,2.0243075712896497,2.1104185726056097,2.972193717956543,2.9250905513763428,2.9866206645965576,1.779054042152464,2.028502941131592,1.402567498689584,-4.435157782029446,11.527584153816354,15.96653067111,5.610083080662941,-10.35644759044706,0.9212019401341984,41.6802323913172
p232_306,/home/vpopescu/projects/ultra-low-power-se/datasets/datasets/voicebank-demand/16k/clean_test/p232_306.wav,/home/vpopescu/projects/ultra-low-power-se/datasets/datasets/voicebank-demand/16k/noisy_test/p232_306.wav,/tmp/exp_fc_base_full_eval_j8p2wsn0/p232_306.wav,2.236209318525406,2.223946889179663,2.9470851574972063,3.117967367172241,3.2211754322052,3.0639657974243164,0.7520400136097035,1.567255973815918,1.5827086637362013,0.5302825826044195,11.30882148166378,10.78064736179172,6.4889415623045545,-4.291705799487166,0.841584985437112,35.2356689677119
p232_307,/home/vpopescu/projects/ultra-low-power-se/datasets/datasets/voicebank-demand/16k/clean_test/p232_307.wav,/home/vpopescu/projects/ultra-low-power-se/datasets/datasets/voicebank-demand/16k/noisy_test/p232_307.wav,/tmp/exp_fc_base_full_eval_j8p2wsn0/p232_307.wav,2.030432066493263,1.6034822946879372,1.9901790052006634,3.167320966720581,2.96936297416687,3.4619996547698975,1.488921176054575,1.3033522367477417,0.8066398584427765,1.6139274955715752,8.763333770346568,7.116733431117294,5.884553358153601,-1.2321800729636925,0.8811977859073344,39.62694482200745
p232_308,/home/vpopescu/projects/ultra-low-power-se/datasets/datasets/voicebank-demand/16k/clean_test/p232_308.wav,/home/vpopescu/projects/ultra-low-power-se/datasets/datasets/voicebank-demand/16k/noisy_test/p232_308.wav,/tmp/exp_fc_base_full_eval_j8p2wsn0/p232_308.wav,1.8070541814104322,1.9122719484693085,2.5474530054189453,2.1639251708984375,2.928771734237671,2.8773226737976074,0.8786157176112015,1.4561073780059814,-1.8876492359976993,5.156760300304505,5.473882256054791,0.4895302124679738,5.486041608874705,4.9965113964067305,0.8145695815396731,57.72046334408167
p232_309,/home/vpopescu/projects/ultra-low-power-se/datasets/datasets/voicebank-demand/16k/clean_test/p232_309.wav,/home/vpopescu/projects/ultra-low-power-se/datasets/datasets/voicebank-demand/16k/noisy_test/p232_309.wav,/tmp/exp_fc_base_full_eval_j8p2wsn0/p232_309.wav,3.093209075119659,3.529101201061452,4.359061980882759,4.307786464691162,3.4956858158111572,3.645831823348999,0.22069220988509744,2.6391470432281494,4.351024535438763,-3.831774173792496,12.406566957672371,16.23896732412867,5.860325778242159,-10.37864154588651,0.9413090121750405,10.91682246800549
p232_310,/home/vpopescu/projects/ultra-low-power-se/datasets/datasets/voicebank-demand/16k/clean_test/p232_310.wav,/home/vpopescu/projects/ultra-low-power-se/datasets/datasets/voicebank-demand/16k/noisy_test/p232_310.wav,/tmp/exp_fc_base_full_eval_j8p2wsn0/p232_310.wav,2.693257487913688,3.062181174533087,3.897194475945699,3.7569146156311035,3.2971835136413574,3.2688331604003906,0.3287885301109232,2.2258806228637695,2.3904690419089096,0.7113350268116267,10.715346717132645,10.009738212952978,5.674861759041771,-4.334876453911208,0.9274326098139917,22.18757135077931
p232_311,/home/vpopescu/projects/ultra-low-power-se/datasets/datasets/voicebank-demand/16k/clean_test/p232_311.wav,/home/vpopescu/projects/ultra-low-power-se/datasets/datasets/voicebank-demand/16k/noisy_test/p232_311.wav,/tmp/exp_fc_base_full_eval_j8p2wsn0/p232_311.wav,2.608085305695707,3.1206820390508496,3.932486453404154,4.031978130340576,3.189548969268799,3.1477179527282715,0.32955784015436784,2.3176357746124268,0.5799452505410241,3.367948753805038,9.044537013378944,5.665388054896202,5.406136766044303,-0.25925128885189963,0.9266789744256821,24.32587790758824
p232_312,/home/vpopescu/projects/ultra-low-power-se/datasets/datasets/voicebank-demand/16k/clean_test/p232_312.wav,/home/vpopescu/projects/ultra-low-power-se/datasets/datasets/voicebank-demand/16k/noisy_test/p232_312.wav,/tmp/exp_fc_base_full_eval_j8p2wsn0/p232_312.wav,2.6251558236923827,2.8813221414251933,3.5796365715650813,4.011013984680176,3.3642897605895996,3.55718731880188,0.5927262808759602,2.1962032318115234,1.8812108454137464,6.142038271306281,7.519405517838581,1.3763491771394092,5.5431226739095845,4.166773496770175,0.9249558857616105,25.30651491065597
p232_313,/home/vpopescu/projects/ultra-low-power-se/datasets/datasets/voicebank-demand/16k/clean_test/p232_313.wav,/home/vpopescu/projects/ultra-low-power-se/datasets/datasets/voicebank-demand/16k/noisy_test/p232_313.wav,/tmp/exp_fc_base_full_eval_j8p2wsn0/p232_313.wav,2.6751636582277594,2.8985242910226523,3.737071188480485,3.4674577713012695,2.9115312099456787,3.5334160327911377,0.3836968251507738,2.0623435974121094,3.405919826693189,-5.222658330748626,10.723826221110341,15.94455913430833,5.350454970605303,-10.594104163703026,0.9185361612732569,22.74421863098568
p232_314,/home/vpopescu/projects/ultra-low-power-se/datasets/datasets/voicebank-demand/16k/clean_test/p232_314.wav,/home/vpopescu/projects/ultra-low-power-se/datasets/datasets/voicebank-demand/16k/noisy_test/p232_314.wav,/tmp/exp_fc_base_full_eval_j8p2wsn0/p232_314.wav,2.3631294050534493,2.4986693294115274,3.239999065125043,3.6274337768554688,2.146336793899536,3.128005266189575,0.6279414905795397,1.8133341073989868,1.522448977534394,0.3650896176569116,10.980261252640906,10.604539286897614,5.988805136077136,-4.615734150820478,0.9144491486048909,33.36551198113328
p232_315,/home/vpopescu/projects/ultra-low-power-se/datasets/datasets/voicebank-demand/16k/clean_test/p232_315.wav,/home/vpopescu/projects/ultra-low-power-se/datasets/datasets/voicebank-demand/16k/noisy_test/p232_315.wav,/tmp/exp_fc_base_full_eval_j8p2wsn0/p232_315.wav,2.4027838308187186,2.8168815979047097,3.5145787710708967,3.932255506515503,3.4957964420318604,3.685495376586914,0.5891125627417372,2.158113718032837,-0.7939716414765402,3.9666526431061753,9.062034358870477,5.106392418605511,5.3627492983587075,0.25635687975319676,0.8684598163647509,30.396330426850707
p232_316,/home/vpopescu/projects/ultra-low-power-se/datasets/datasets/voicebank-demand/16k/clean_test/p232_316.wav,/home/vpopescu/projects/ultra-low-power-se/datasets/datasets/voicebank-demand/16k/noisy_test/p232_316.wav,/tmp/exp_fc_base_full_eval_j8p2wsn0/p232_316.wav,1.763044052476086,1.8514654874062617,2.607105072956983,3.498547315597534,3.1823668479919434,3.383570432662964,0.7623921313261885,1.2367877960205078,-1.8148666169917105,5.6316197532487635,6.013735721839298,0.31695516155144515,5.700725458008983,5.383770296457538,0.7762976586933743,49.68627387874839
p232_317,/home/vpopescu/projects/ultra-low-power-se/datasets/datasets/voicebank-demand/16k/clean_test/p232_317.wav,/home/vpopescu/projects/ultra-low-power-se/datasets/datasets/voicebank-demand/16k/noisy_test/p232_317.wav,/tmp/exp_fc_base_full_eval_j8p2wsn0/p232_317.wav,3.033444763617944,3.5601561780489837,4.35580865600061,3.91925048828125,3.557694911956787,3.7941641807556152,0.21981325831754697,2.7398576736450195,3.4393278824174316,-3.5616064814300437,12.42554231392922,15.98015374255641,5.803648980452141,-10.176504762104269,0.9494699330385027,18.126408710953378
p232_318,/home/vpopescu/projects/ultra-low-power-se/datasets/datasets/voicebank-demand/16k/clean_test/p232_318.wav,/home/vpopescu/projects/ultra-low-power-se/datasets/datasets/voicebank-demand/16k/noisy_test/p232_318.wav,/tmp/exp_fc_base_full_eval_j8p2wsn0/p232_318.wav,2.8448883543186136,3.27665136073969,4.071461517598389,3.9841411113739014,2.814168691635132,3.128690004348755,0.3190541869037031,2.469142198562622,2.7347737907016727,0.15043001618136032,11.328604941437943,11.17346595300618,5.920128300292888,-5.2533376527132924,0.9550959961379394,20.23605220121792
p232_319,/home/vpopescu/projects/ultra-low-power-se/datasets/datasets/voicebank-demand/16k/clean_test/p232_319.wav,/home/vpopescu/projects/ultra-low-power-se/datasets/datasets/voicebank-demand/16k/noisy_test/p232_319.wav,/tmp/exp_fc_base_full_eval_j8p2wsn0/p232_319.wav,2.8873482687607286,3.3604739701578374,4.169206289210331,3.5154356956481934,3.551588296890259,3.815587282180786,0.27265795161404777,2.532167434692383,2.7824155320778994,3.6978092330971624,9.929281834305044,6.216041075112387,6.15247006176058,-0.06357101335180726,0.9340918381282253,18.902849077591192
p232_320,/home/vpopescu/projects/ultra-low-power-se/datasets/datasets/voicebank-demand/16k/clean_test/p232_320.wav,/home/vpopescu/projects/ultra-low-power-se/datasets/datasets/voicebank-demand/16k/noisy_test/p232_320.wav,/tmp/exp_fc_base_full_eval_j8p2wsn0/p232_320.wav,2.3433826843162544,2.5317315755853658,3.281358938916599,3.782240867614746,3.3781962394714355,3.447582721710205,0.6358046067795045,1.8092455863952637,0.5990866160481625,6.569916891850456,7.40282267829055,0.7906980153200207,5.591483149450442,4.800785134130421,0.8863426783156723,27.597023255959357
p232_321,/home/vpopescu/projects/ultra-low-power-se/datasets/datasets/voicebank-demand/16k/clean_test/p232_321.wav,/home/vpopescu/projects/ultra-low-power-se/datasets/datasets/voicebank-demand/16k/noisy_test/p232_321.wav,/tmp/exp_fc_base_full_eval_j8p2wsn0/p232_321.wav,2.6648243676706533,2.934077371121066,3.757962779206121,3.9628374576568604,3.115037679672241,3.6771039962768555,0.38022684208420615,2.1227738857269287,3.0193319688123728,-5.321162996654358,10.97992511908971,16.290401307065107,5.290619417662458,-10.999781889402648,0.9518719034156452,24.868494820285413
p232_322,/home/vpopescu/projects/ultra-low-power-se/datasets/datasets/voicebank-demand/16k/clean_test/p232_322.wav,/home/vpopescu/projects/ultra-low-power-se/datasets/datasets/voicebank-demand/16k/noisy_test/p232_322.wav,/tmp/exp_fc_base_full_eval_j8p2wsn0/p232_322.wav,2.2901572742303316,2.2896163268160405,3.035968191536101,3.1642279624938965,3.0868780612945557,3.242558002471924,0.6918524125490557,1.6086020469665527,2.1004028817021814,-0.6886699591561971,10.682279601761229,11.377564640531725,6.067689581397237,-5.309875059134488,0.902938019404602,35.01141225241684
p232_323,/home/vpopescu/projects/ultra-low-power-se/datasets/datasets/voicebank-demand/16k/clean_test/p232_323.wav,/home/vpopescu/projects/ultra-low-power-se/datasets/datasets/voicebank-demand/16k/noisy_test/p232_323.wav,/tmp/exp_fc_base_full_eval_j8p2wsn0/p232_323.wav,2.1010914826792377,1.979253578477365,2.5334772957831766,2.9429938793182373,3.2986714839935303,3.6048877239227295,1.0712794737282416,1.522477149963379,0.4951244712863242,2.7515437650806884,8.770993914158279,6.046087788341966,6.238625349694855,0.19253756135288924,0.9023722698596858,41.69220524204225
p232_324,/home/vpopescu/projects/ultra-low-power-se/datasets/datasets/voicebank-demand/16k/clean_test/p232_324.wav,/home/vpopescu/projects/ultra-low-power-se/datasets/datasets/voicebank-demand/16k/noisy_test/p232_324.wav,/tmp/exp_fc_base_full_eval_j8p2wsn0/p232_324.wav,2.014629601422777,2.008602354717028,2.692909473993396,3.2318778038024902,3.328650951385498,3.7136502265930176,0.8402677032835131,1.4390079975128174,0.10104440970289127,5.154130619911467,6.427271902121049,1.2940782893549463,5.737826308386395,4.443748019031449,0.9005043261011417,44.797431314233094
p232_325,/home/vpopescu/projects/ultra-low-power-se/datasets/datasets/voicebank-demand/16k/clean_test/p232_325.wav,/home/vpopescu/projects/ultra-low-power-se/datasets/datasets/voicebank-demand/16k/noisy_test/p232_325.wav,/tmp/exp_fc_base_full_eval_j8p2wsn0/p232_325.wav,2.52202244879608,2.746797325595007,3.482592922255653,3.5424089431762695,2.635390043258667,3.2827203273773193,0.5765290644423267,2.0343692302703857,1.671126674682834,-4.3023443497979486,11.06938352983297,15.383321128312206,5.474235882019741,-9.909085246292465,0.9528882781961509,27.098146254026126
p232_326,/home/vpopescu/projects/ultra-low-power-se/datasets/datasets/voicebank-demand/16k/clean_test/p232_326.wav,/home/vpopescu/projects/ultra-low-power-se/datasets/datasets/voicebank-demand/16k/noisy_test/p232_326.wav,/tmp/exp_fc_base_full_eval_j8p2wsn0/p232_326.wav,2.401893627381005,2.5404187651031367,3.222397668270421,3.082972764968872,3.187236785888672,3.380305528640747,0.6566270455232898,1.9537162780761719,1.9705879031881326,-0.1701485650164507,10.282954922270855,10.446040010711359,6.259046256766901,-4.186993753944458,0.8542904487349505,41.447113062893884
p232_327,/home/vpopescu/projects/ultra-low-power-se/datasets/datasets/voicebank-demand/16k/clean_test/p232_327.wav,/home/vpopescu/projects/ultra-low-power-se/datasets/datasets/voicebank-demand/16k/noisy_test/p232_327.wav,/tmp/exp_fc_base_full_eval_j8p2wsn0/p232_327.wav,2.202129729173673,2.1562389480594293,2.782433700377744,3.105746269226074,3.124049663543701,3.655156373977661,0.8872233874636023,1.6308763027191162,1.3480786940004776,3.098470471208282,9.329257812091342,6.204635853871755,6.359530322361734,0.1548944684899789,0.9434786834218365,42.33687160687074
p232_328,/home/vpopescu/projects/ultra-low-power-se/datasets/datasets/voicebank-demand/16k/clean_test/p232_328.wav,/home/vpopescu/projects/ultra-low-power-se/datasets/datasets/voicebank-demand/16k/noisy_test/p232_328.wav,/tmp/exp_fc_base_full_eval_j8p2wsn0/p232_328.wav,1.9046993876615719,1.756673443883359,2.2590650824246534,2.77542781829834,2.711481809616089,3.4903180599212646,1.2016286239040948,1.383392572402954,-0.87045302357012,3.7524408750961062,5.042684213775509,1.388891447838443,5.220177086233926,3.8312856383954834,0.8162180118927603,47.96053163744604
p232_329,/home/vpopescu/projects/ultra-low-power-se/datasets/datasets/voicebank-demand/16k/clean_test/p232_329.wav,/home/vpopescu/projects/ultra-low-power-se/datasets/datasets/voicebank-demand/16k/noisy_test/p232_329.wav,/tmp/exp_fc_base_full_eval_j8p2wsn0/p232_329.wav,2.8021283253623177,3.2495104898576663,4.1406984369298,4.059619903564453,2.7303619384765625,2.921100616455078,0.19038018511520913,2.338514804840088,2.8545638398154516,-3.0697681450035894,12.73028900534382,15.798282839468376,5.6457221445721295,-10.152560694896247,0.971941215179016,18.502753322802455
p232_330,/home/vpopescu/projects/ultra-low-power-se/datasets/datasets/voicebank-demand/16k/clean_test/p232_330.wav,/home/vpopescu/projects/ultra-low-power-se/datasets/datasets/voicebank-demand/16k/noisy_test/p232_330.wav,/tmp/exp_fc_base_full_eval_j8p2wsn0/p232_330.wav,2.779631506017973,3.2091782717405994,3.9810960900701144,4.146056652069092,2.978943347930908,3.3787662982940674,0.36565005022336045,2.437523126602173,2.227150332728945,0.2884923064623415,10.652963000776893,10.349664348494489,6.168572114721407,-4.181092233773082,0.9397349976838525,22.830717065684205
p232_331,/home/vpopescu/projects/ultra-low-power-se/datasets/datasets/voicebank-demand/16k/clean_test/p232_331.wav,/home/vpopescu/projects/ultra-low-power-se/datasets/datasets/voicebank-demand/16k/noisy_test/p232_331.wav,/tmp/exp_fc_base_full_eval_j8p2wsn0/p232_331.wav,2.986031124802293,3.5701891970887756,4.3012714014173365,3.6639981269836426,3.2274351119995117,3.3957793712615967,0.2684043489764669,2.8542637825012207,2.7263993319915154,3.8046022853308212,9.684047208574043,5.876340350171528,5.341347509035672,-0.534992841135856,0.9466533837253964,26.29573159267944
p232_332,/home/vpopescu/projects/ultra-low-power-se/datasets/datasets/voicebank-demand/16k/clean_test/p232_332.wav,/home/vpopescu/projects/ultra-low-power-se/datasets/datasets/voicebank-demand/16k/noisy_test/p232_332.wav,/tmp/exp_fc_base_full_eval_j8p2wsn0/p232_332.wav,2.344401172290538,2.743792377612333,3.448674390952096,3.8073806762695312,3.283752679824829,3.398667573928833,0.6058658776829641,2.078766107559204,-1.1085399606922666,6.547349928906987,7.182782888948823,0.6255654744348398,5.460157412034176,4.8345919375993365,0.9530338224620909,30.487287085592676
p232_333,/home/vpopescu/projects/ultra-low-power-se/datasets/datasets/voicebank-demand/16k/clean_test/p232_333.wav,/home/vpopescu/projects/ultra-low-power-se/datasets/datasets/voicebank-demand/16k/noisy_test/p232_333.wav,/tmp/exp_fc_base_full_eval_j8p2wsn0/p232_333.wav,2.5763795205240303,2.8836325216901724,3.6623447585074107,3.5955891609191895,2.824826955795288,3.2674429416656494,0.41815901045072446,2.1614274978637695,2.3085139251514306,-4.5337221259591445,11.022595934879291,15.554758468994105,5.590356466764181,-9.964402002229924,0.9078396592018357,33.74560010562738
p232_334,/home/vpopescu/projects/ultra-low-power-se/datasets/datasets/voicebank-demand/16k/clean_test/p232_334.wav,/home/vpopescu/projects/ultra-low-power-se/datasets/datasets/voicebank-demand/16k/noisy_test/p232_334.wav,/tmp/exp_fc_base_full_eval_j8p2wsn0/p232_334.wav,2.600010425322935,2.8737007027561097,3.6525698515603358,3.397493600845337,3.1013131141662598,3.256711959838867,0.4567143920393477,2.1214098930358887,2.320206172466903,-0.47588395875520817,11.0145125349509,11.48372489080337,6.152296639343855,-5.331428251459514,0.9437242077185993,27.74235605909071
p232_335,/home/vpopescu/projects/ultra-low-power-se/datasets/datasets/voicebank-demand/16k/clean_test/p232_335.wav,/home/vpopescu/projects/ultra-low-power-se/datasets/datasets/voicebank-demand/16k/noisy_test/p232_335.wav,/tmp/exp_fc_base_full_eval_j8p2wsn0/p232_335.wav,2.119193332956522,2.093691160078078,2.7929817378574495,3.2251906394958496,3.4460349082946777,3.701625347137451,0.8262644235030239,1.47261643409729,0.6984184443604805,3.501980948820081,9.359299838898536,5.849745933320751,6.247551498942807,0.3978055656220558,0.8890848150699546,37.53109779095606
p232_336,/home/vpopescu/projects/ultra-low-power-se/datasets/datasets/voicebank-demand/16k/clean_test/p232_336.wav,/home/vpopescu/projects/ultra-low-power-se/datasets/datasets/voicebank-demand/16k/noisy_test/p232_336.wav,/tmp/exp_fc_base_full_eval_j8p2wsn0/p232_336.wav,1.9666952606114854,2.070997030760443,2.805978309199849,2.8830957412719727,2.610422372817993,2.955308675765991,0.7294102714359126,1.4581036567687988,-0.650157672392813,4.841898271873452,5.68787177773506,0.9613927419199595,5.299852829279055,4.3384600873590955,0.871781501745262,46.18833628046469
p232_337,/home/vpopescu/projects/ultra-low-power-se/datasets/datasets/voicebank-demand/16k/clean_test/p232_337.wav,/home/vpopescu/projects/ultra-low-power-se/datasets/datasets/voicebank-demand/16k/noisy_test/p232_337.wav,/tmp/exp_fc_base_full_eval_j8p2wsn0/p232_337.wav,3.018726635294849,3.431705583934179,4.274677381797322,3.810086965560913,3.5535547733306885,3.916534662246704,0.217444078943669,2.547401189804077,4.2649186032927835,-3.9156306097611235,12.50370360988417,16.42032151172512,6.218547036958217,-10.201774474766903,0.9582036898612891,14.517286491277865
p232_338,/home/vpopescu/projects/ultra-low-power-se/datasets/datasets/voicebank-demand/16k/clean_test/p232_338.wav,/home/vpopescu/projects/ultra-low-power-se/datasets/datasets/voicebank-demand/16k/noisy_test/p232_338.wav,/tmp/exp_fc_base_full_eval_j8p2wsn0/p232_338.wav,2.6054517777182604,2.9733801516984175,3.845328123606245,3.834749221801758,3.1193599700927734,3.332902669906616,0.30805019156545405,2.0994491577148438,1.9185682938267379,-0.8604936028233485,10.215823778134464,11.117813457547383,5.3357463399944525,-5.782067117552931,0.9506888937332012,21.850674597217033
p232_339,/home/vpopescu/projects/ultra-low-power-se/datasets/datasets/voicebank-demand/16k/clean_test/p232_339.wav,/home/vpopescu/projects/ultra-low-power-se/datasets/datasets/voicebank-demand/16k/noisy_test/p232_339.wav,/tmp/exp_fc_base_full_eval_j8p2wsn0/p232_339.wav,2.558462590010541,3.3023875490157177,3.9423688667129753,4.050265312194824,3.151560068130493,3.2904224395751953,0.488001200465888,2.6995842456817627,-2.3971035762821398,3.7004065223207263,8.36536729588483,4.677777484000301,5.466974884606662,0.7891974006063611,0.9495228307891059,30.703022017080997
p232_340,/home/vpopescu/projects/ultra-low-power-se/datasets/datasets/voicebank-demand/16k/clean_test/p232_340.wav,/home/vpopescu/projects/ultra-low-power-se/datasets/datasets/voicebank-demand/16k/noisy_test/p232_340.wav,/tmp/exp_fc_base_full_eval_j8p2wsn0/p232_340.wav,2.1286571257244655,2.671120994481702,3.3278649041350383,3.4357616901397705,3.267930746078491,3.1345911026000977,0.642578912620579,2.110629081726074,-3.5125168618181957,7.4066352370977135,7.21674805814943,-0.1692644051316236,5.862758910129342,6.0320233152609655,0.9367925088954366,41.84785900657875
p232_341,/home/vpopescu/projects/ultra-low-power-se/datasets/datasets/voicebank-demand/16k/clean_test/p232_341.wav,/home/vpopescu/projects/ultra-low-power-se/datasets/datasets/voicebank-demand/16k/noisy_test/p232_341.wav,/tmp/exp_fc_base_full_eval_j8p2wsn0/p232_341.wav,2.382153559509821,2.418422517994957,3.1763149768011694,3.4483442306518555,2.847325563430786,3.46437668800354,0.6295597047978069,1.7205325365066528,2.603343049143849,-5.11869355193646,11.218744745504152,16.31515567136767,6.013901804028884,-10.301253867338787,0.9252788297276662,34.0388007194888
p232_342,/home/vpopescu/projects/ultra-low-power-se/datasets/datasets/voicebank-demand/16k/clean_test/p232_342.wav,/home/vpopescu/projects/ultra-low-power-se/datasets/datasets/voicebank-demand/16k/noisy_test/p232_342.wav,/tmp/exp_fc_base_full_eval_j8p2wsn0/p232_342.wav,2.218238932230149,1.9162505065012145,2.54105073750178,3.102473497390747,2.7528700828552246,3.563505172729492,1.0383628305198118,1.3456838130950928,2.7045279902362926,-1.523751001857848,9.890961101105795,11.40407132552574,6.2733476928861975,-5.130723632639542,0.8721211509403278,32.769027687741676
p232_343,/home/vpopescu/projects/ultra-low-power-se/datasets/datasets/voicebank-demand/16k/clean_test/p232_343.wav,/home/vpopescu/projects/ultra-low-power-se/datasets/datasets/voicebank-demand/16k/noisy_test/p232_343.wav,/tmp/exp_fc_base_full_eval_j8p2wsn0/p232_343.wav,2.040236543837036,1.9673041987127413,2.6461549992713556,3.075535535812378,3.3230040073394775,3.891798734664917,0.8867681527598879,1.3844211101531982,0.5017897449417204,2.5120310180025367,8.690378812961741,6.192701234969077,5.72112850096512,-0.4715727340039564,0.8742919865004202,41.01850010678869
p232_344,/home/vpopescu/projects/ultra-low-power-se/datasets/datasets/voicebank-demand/16k/clean_test/p232_344.wav,/home/vpopescu/projects/ultra-low-power-se/datasets/datasets/voicebank-demand/16k/noisy_test/p232_344.wav,/tmp/exp_fc_base_full_eval_j8p2wsn0/p232_344.wav,1.733318581696651,1.7191789730656746,2.3229119582159377,3.0834732055664062,3.093210458755493,3.1840176582336426,1.0464044836496944,1.257211446762085,-2.3890689508962697,4.892813094996597,5.184173154503889,0.2746073722393776,5.117830859929784,4.843223487690406,0.8250517273193315,50.15959227845154
p232_346,/home/vpopescu/projects/ultra-low-power-se/datasets/datasets/voicebank-demand/16k/clean_test/p232_346.wav,/home/vpopescu/projects/ultra-low-power-se/datasets/datasets/voicebank-demand/16k/noisy_test/p232_346.wav,/tmp/exp_fc_base_full_eval_j8p2wsn0/p232_346.wav,2.682824333665556,2.914045998763777,3.7189498128350356,3.7936909198760986,3.0914130210876465,3.3560054302215576,0.4244081273728896,2.115550994873047,3.226453158894392,-4.449425531956209,11.416415996295319,15.869442025873559,5.861643908415145,-10.007798117458414,0.9315874174828327,23.667941556300956
p232_347,/home/vpopescu/projects/ultra-low-power-se/datasets/datasets/voicebank-demand/16k/clean_test/p232_347.wav,/home/vpopescu/projects/ultra-low-power-se/datasets/datasets/voicebank-demand/16k/noisy_test/p232_347.wav,/tmp/exp_fc_base_full_eval_j8p2wsn0/p232_347.wav,2.5411066826929276,2.626449298743164,3.3203333634332495,3.438964605331421,2.339888572692871,2.889669418334961,0.6897720074672082,1.9546136856079102,2.5500443066720653,-1.8397169253420458,9.850744299436817,11.677785377545602,5.813251421361568,-5.864533956184034,0.9485479909262455,26.83592147828478
p232_348,/home/vpopescu/projects/ultra-low-power-se/datasets/datasets/voicebank-demand/16k/clean_test/p232_348.wav,/home/vpopescu/projects/ultra-low-power-se/datasets/datasets/voicebank-demand/16k/noisy_test/p232_348.wav,/tmp/exp_fc_base_full_eval_j8p2wsn0/p232_348.wav,2.1552011001748794,2.1436795074850186,2.865908549997044,3.196833848953247,3.276920795440674,3.4467101097106934,0.7445921716390889,1.522665023803711,1.4000295808644616,1.194685900426471,7.565734016500781,6.387735888198657,5.552964249893338,-0.8347716383053188,0.8994698462261195,42.11923497110791
p232_349,/home/vpopescu/projects/ultra-low-power-se/datasets/datasets/voicebank-demand/16k/clean_test/p232_349.wav,/home/vpopescu/projects/ultra-low-power-se/datasets/datasets/voicebank-demand/16k/noisy_test/p232_349.wav,/tmp/exp_fc_base_full_eval_j8p2wsn0/p232_349.wav,2.0040675808589286,1.9669632982407212,2.6437524837781496,3.1617655754089355,3.2027628421783447,3.482553005218506,0.8589020516770283,1.412880778312683,0.30727693123518296,4.88846843751814,6.289764381920567,1.3706019471536575,5.595234612957047,4.22463266580339,0.8980186769698266,46.37826826319291
p232_350,/home/vpopescu/projects/ultra-low-power-se/datasets/datasets/voicebank-demand/16k/clean_test/p232_350.wav,/home/vpopescu/projects/ultra-low-power-se/datasets/datasets/voicebank-demand/16k/noisy_test/p232_350.wav,/tmp/exp_fc_base_full_eval_j8p2wsn0/p232_350.wav,3.1224058552565377,3.695915099506442,4.489752800899119,4.132699966430664,2.976996421813965,3.414904832839966,0.19941901048260993,2.8513472080230713,3.4409326889927616,-4.416669809460384,10.951993127731017,15.370116268779423,5.1749815924455955,-10.195134676333828,0.9520677052375114,13.045267083576325
p232_351,/home/vpopescu/projects/ultra-low-power-se/datasets/datasets/voicebank-demand/16k/clean_test/p232_351.wav,/home/vpopescu/projects/ultra-low-power-se/datasets/datasets/voicebank-demand/16k/noisy_test/p232_351.wav,/tmp/exp_fc_base_full_eval_j8p2wsn0/p232_351.wav,2.9274706258398973,3.4772268753264104,4.240332048604378,3.5563430786132812,2.78825306892395,3.0882420539855957,0.2897089907911527,2.700371265411377,2.3005420796497917,0.04303462873177821,10.569638898025975,10.51433263284094,5.7302020589674925,-4.784130573873448,0.93255267813444,20.320141434954003
p232_352,/home/vpopescu/projects/ultra-low-power-se/datasets/datasets/voicebank-demand/16k/clean_test/p232_352.wav,/home/vpopescu/projects/ultra-low-power-se/datasets/datasets/voicebank-demand/16k/noisy_test/p232_352.wav,/tmp/exp_fc_base_full_eval_j8p2wsn0/p232_352.wav,2.596109202853065,3.0736834134312585,3.8289942480775605,4.162842750549316,3.2347962856292725,3.3114328384399414,0.4258792419998173,2.334667444229126,0.4414582822353003,3.412439699851138,9.122812731716621,5.66321633838103,5.250814873007183,-0.41240146537384703,0.9520572999053443,25.953386752754472
p232_353,/home/vpopescu/projects/ultra-low-power-se/datasets/datasets/voicebank-demand/16k/clean_test/p232_353.wav,/home/vpopescu/projects/ultra-low-power-se/datasets/datasets/voicebank-demand/16k/noisy_test/p232_353.wav,/tmp/exp_fc_base_full_eval_j8p2wsn0/p232_353.wav,2.4994032560184585,3.0017757260870686,3.707528834247657,3.6030898094177246,3.293285369873047,3.4984540939331055,0.5173023133899947,2.3233730792999268,-0.7537818665589012,6.141111996327594,7.187503210468698,1.0349249323604044,5.514746936473389,4.479822004112985,0.9620213921358445,28.240116899099366
p232_354,/home/vpopescu/projects/ultra-low-power-se/datasets/datasets/voicebank-demand/16k/clean_test/p232_354.wav,/home/vpopescu/projects/ultra-low-power-se/datasets/datasets/voicebank-demand/16k/noisy_test/p232_354.wav,/tmp/exp_fc_base_full_eval_j8p2wsn0/p232_354.wav,2.8118184856934834,3.1336868332201995,3.771401831140465,3.412846088409424,2.9231348037719727,3.11843204498291,0.5247230610807888,2.5617434978485107,3.2883106189902063,-4.601748955398058,10.819257358024446,15.437919669663243,5.548611134906045,-9.889308534757198,0.8445840551582262,36.265496467783926
p232_355,/home/vpopescu/projects/ultra-low-power-se/datasets/datasets/voicebank-demand/16k/clean_test/p232_355.wav,/home/vpopescu/projects/ultra-low-power-se/datasets/datasets/voicebank-demand/16k/noisy_test/p232_355.wav,/tmp/exp_fc_base_full_eval_j8p2wsn0/p232_355.wav,2.723408236127289,2.930023230642182,3.7844290909049785,3.8224377632141113,3.5160608291625977,3.6080808639526367,0.35408287374362507,2.071878433227539,3.96188606021868,-0.3938869160561449,11.120675370149517,11.514348692208786,5.985425955569701,-5.528922736639085,0.9465558855490187,21.50692524989303
p232_356,/home/vpopescu/projects/ultra-low-power-se/datasets/datasets/voicebank-demand/16k/clean_test/p232_356.wav,/home/vpopescu/projects/ultra-low-power-se/datasets/datasets/voicebank-demand/16k/noisy_test/p232_356.wav,/tmp/exp_fc_base_full_eval_j8p2wsn0/p232_356.wav,2.2528402012920994,2.341175517848195,3.16815622838947,3.5063204765319824,3.339702606201172,3.891629695892334,0.588918814852308,1.5443921089172363,1.1929280929438002,2.2439344817354234,8.750035107004692,6.484443064061576,5.731746247219317,-0.752696816842259,0.9070004337124095,27.790528089399807
p232_357,/home/vpopescu/projects/ultra-low-power-se/datasets/datasets/voicebank-demand/16k/clean_test/p232_357.wav,/home/vpopescu/projects/ultra-low-power-se/datasets/datasets/voicebank-demand/16k/noisy_test/p232_357.wav,/tmp/exp_fc_base_full_eval_j8p2wsn0/p232_357.wav,2.3496548575618283,2.6093888540313146,3.4786554543561246,3.9774622917175293,3.275447130203247,3.7171926498413086,0.42945918966824725,1.7607357501983643,0.8911664878609018,5.497585674773589,6.559972439856171,1.0631221763581664,5.616269378063339,4.553147201705173,0.9348175328489302,26.01718853831804
p232_358,/home/vpopescu/projects/ultra-low-power-se/datasets/datasets/voicebank-demand/16k/clean_test/p232_358.wav,/home/vpopescu/projects/ultra-low-power-se/datasets/datasets/voicebank-demand/16k/noisy_test/p232_358.wav,/tmp/exp_fc_base_full_eval_j8p2wsn0/p232_358.wav,2.8371862507401815,3.3310174508431505,4.191438642887581,4.0464630126953125,3.387239933013916,3.6409366130828857,0.20205356178443412,2.4536235332489014,2.619877327552248,-4.637189499605949,10.880267619474822,15.52223419410927,5.455304841107119,-10.066929353002152,0.8677077405258469,19.242581398369296
p232_359,/home/vpopescu/projects/ultra-low-power-se/datasets/datasets/voicebank-demand/16k/clean_test/p232_359.wav,/home/vpopescu/projects/ultra-low-power-se/datasets/datasets/voicebank-demand/16k/noisy_test/p232_359.wav,/tmp/exp_fc_base_full_eval_j8p2wsn0/p232_359.wav,2.9748495015811836,3.5625145308714314,4.354829490732572,3.7326858043670654,3.5339672565460205,3.492084503173828,0.2140157585609241,2.7541182041168213,2.592945318615246,2.6789521741894387,12.656464195508008,9.945281338774924,5.648604521223911,-4.296676817551013,0.8714211122594882,19.853507865631048
p232_360,/home/vpopescu/projects/ultra-low-power-se/datasets/datasets/voicebank-demand/16k/clean_test/p232_360.wav,/home/vpopescu/projects/ultra-low-power-se/datasets/datasets/voicebank-demand/16k/noisy_test/p232_360.wav,/tmp/exp_fc_base_full_eval_j8p2wsn0/p232_360.wav,2.41518742153838,2.4739822330538055,3.188176013859103,4.0696001052856445,3.4582386016845703,3.5370311737060547,0.6939383867669455,1.8031871318817139,2.151602009289191,3.4445586809273694,9.788873601541091,6.353790053747904,6.063768585528661,-0.29002146821924324,0.902274041119783,30.898136298042598
p232_361,/home/vpopescu/projects/ultra-low-power-se/datasets/datasets/voicebank-demand/16k/clean_test/p232_361.wav,/home/vpopescu/projects/ultra-low-power-se/datasets/datasets/voicebank-demand/16k/noisy_test/p232_361.wav,/tmp/exp_fc_base_full_eval_j8p2wsn0/p232_361.wav,2.5080133013954518,3.280282448520942,3.960558291895855,3.7980024814605713,3.107616901397705,3.4273316860198975,0.4112430926349547,2.6575589179992676,-2.4413308629972326,6.003555312060876,6.456435563370015,0.4668730078670064,5.177363993216188,4.710490985349182,0.9585119549443455,34.64228814848172
p232_362,/home/vpopescu/projects/ultra-low-power-se/datasets/datasets/voicebank-demand/16k/clean_test/p232_362.wav,/home/vpopescu/projects/ultra-low-power-se/datasets/datasets/voicebank-demand/16k/noisy_test/p232_362.wav,/tmp/exp_fc_base_full_eval_j8p2wsn0/p232_362.wav,2.5252052045635573,2.612320947117281,3.423144921657798,3.7748305797576904,2.571153402328491,3.5645997524261475,0.5081594784666141,1.830423355102539,3.3532546284111224,-5.518345470691603,10.870138332945611,16.38528697746501,5.893684240196185,-10.491602737268826,0.9499178883564149,27.85602868076529
p232_363,/home/vpopescu/projects/ultra-low-power-se/datasets/datasets/voicebank-demand/16k/clean_test/p232_363.wav,/home/vpopescu/projects/ultra-low-power-se/datasets/datasets/voicebank-demand/16k/noisy_test/p232_363.wav,/tmp/exp_fc_base_full_eval_j8p2wsn0/p232_363.wav,2.5345048435670954,2.7242579289883957,3.501295745837748,3.4224865436553955,3.4913976192474365,3.8831794261932373,0.5192352888109096,1.973159909248352,2.3749482068527814,-0.5358275218242667,11.065276246563851,11.603551504050156,5.9719163810408835,-5.631635123009272,0.9466751991466824,27.46961858362029
p232_364,/home/vpopescu/projects/ultra-low-power-se/datasets/datasets/voicebank-demand/16k/clean_test/p232_364.wav,/home/vpopescu/projects/ultra-low-power-se/datasets/datasets/voicebank-demand/16k/noisy_test/p232_364.wav,/tmp/exp_fc_base_full_eval_j8p2wsn0/p232_364.wav,2.3444777770228042,2.424384246768384,3.1502678317427977,3.1509969234466553,2.9054908752441406,3.2777092456817627,0.6868976482368894,1.7493664026260376,1.5943610796166348,3.330025872389223,9.433024544657943,6.0937295485639815,6.05239227398365,-0.04133727458033132,0.9355026423869033,32.309158778327095
p232_365,/home/vpopescu/projects/ultra-low-power-se/datasets/datasets/voicebank-demand/16k/clean_test/p232_365.wav,/home/vpopescu/projects/ultra-low-power-se/datasets/datasets/voicebank-demand/16k/noisy_test/p232_365.wav,/tmp/exp_fc_base_full_eval_j8p2wsn0/p232_365.wav,2.172188009653143,2.2349437666435934,2.7901805708892327,3.5350747108459473,2.9760797023773193,3.3669333457946777,0.9628751682595401,1.7822648286819458,-0.20551181206885993,5.936938319257232,6.85948140105359,0.893632190514682,5.633804482527972,4.740172292013289,0.8557896766513234,42.9696191852127
p232_366,/home/vpopescu/projects/ultra-low-power-se/datasets/datasets/voicebank-demand/16k/clean_test/p232_366.wav,/home/vpopescu/projects/ultra-low-power-se/datasets/datasets/voicebank-demand/16k/noisy_test/p232_366.wav,/tmp/exp_fc_base_full_eval_j8p2wsn0/p232_366.wav,2.6345044929602297,2.911632800926863,3.7211208280462404,3.9844985008239746,2.957396984100342,3.4717893600463867,0.3854048877989032,2.1368134021759033,2.9251170157436315,-5.4342912633175935,10.389041329620618,15.848978779855692,5.658216547079258,-10.190762232776434,0.9510772712693252,29.31066932452865
p232_367,/home/vpopescu/projects/ultra-low-power-se/datasets/datasets/voicebank-demand/16k/clean_test/p232_367.wav,/home/vpopescu/projects/ultra-low-power-se/datasets/datasets/voicebank-demand/16k/noisy_test/p232_367.wav,/tmp/exp_fc_base_full_eval_j8p2wsn0/p232_367.wav,2.5626480700679743,2.796170750085807,3.5185086289241454,3.4082772731781006,2.943101167678833,2.9040873050689697,0.5634294628953364,2.109416961669922,2.028266372155881,0.7175364857622597,11.349610058828393,10.636625443518763,6.368804687464204,-4.26782075605456,0.8657948769163957,29.63343129372408
p232_368,/home/vpopescu/projects/ultra-low-power-se/datasets/datasets/voicebank-demand/16k/clean_test/p232_368.wav,/home/vpopescu/projects/ultra-low-power-se/datasets/datasets/voicebank-demand/16k/noisy_test/p232_368.wav,/tmp/exp_fc_base_full_eval_j8p2wsn0/p232_368.wav,2.5343222650022086,2.6611784559182197,3.21667945068014,3.5272727012634277,2.9179956912994385,2.944021701812744,0.8815858269845751,2.1333117485046387,1.2597588480778352,3.50847264733276,9.37089395202539,5.907869460362392,5.890079852852878,-0.017789607509513417,0.8788064656904994,28.39507974455887
p232_369,/home/vpopescu/projects/ultra-low-power-se/datasets/datasets/voicebank-demand/16k/clean_test/p232_369.wav,/home/vpopescu/projects/ultra-low-power-se/datasets/datasets/voicebank-demand/16k/noisy_test/p232_369.wav,/tmp/exp_fc_base_full_eval_j8p2wsn0/p232_369.wav,2.2345133813139713,2.18192905742639,2.853199403474697,3.5795178413391113,3.444174289703369,3.5840437412261963,0.8704398932463284,1.5579279661178589,1.2120879915238292,5.065228611385766,6.7130989262049825,1.6732950214465565,5.654282334655347,3.9809873132087907,0.9234558473806037,31.505389993766666
p232_370,/home/vpopescu/projects/ultra-low-power-se/datasets/datasets/voicebank-demand/16k/clean_test/p232_370.wav,/home/vpopescu/projects/ultra-low-power-se/datasets/datasets/voicebank-demand/16k/noisy_test/p232_370.wav,/tmp/exp_fc_base_full_eval_j8p2wsn0/p232_370.wav,3.0260396117435815,3.5333902760618803,4.307135461923821,3.9291176795959473,3.2600347995758057,3.4861881732940674,0.2461940479282727,2.7502284049987793,3.5860741520162978,-2.530568050044913,12.79632845532543,15.329946907026947,6.306056011810497,-9.02389089521645,0.9472286017245455,21.21317677469449
p232_371,/home/vpopescu/projects/ultra-low-power-se/datasets/datasets/voicebank-demand/16k/clean_test/p232_371.wav,/home/vpopescu/projects/ultra-low-power-se/datasets/datasets/voicebank-demand/16k/noisy_test/p232_371.wav,/tmp/exp_fc_base_full_eval_j8p2wsn0/p232_371.wav,2.6416573760872333,3.1108937887796198,3.9037522509135045,3.8616280555725098,3.4210927486419678,3.408411741256714,0.34298920949052,2.3434925079345703,1.293256541953535,-0.1374714582651162,10.401742425867148,10.53621100828342,5.594850026697368,-4.941360981586052,0.9636875752531181,27.715314978366223
p232_372,/home/vpopescu/projects/ultra-low-power-se/datasets/datasets/voicebank-demand/16k/clean_test/p232_372.wav,/home/vpopescu/projects/ultra-low-power-se/datasets/datasets/voicebank-demand/16k/noisy_test/p232_372.wav,/tmp/exp_fc_base_full_eval_j8p2wsn0/p232_372.wav,2.5224433676880773,2.68945487324016,3.516103706455578,3.7820067405700684,3.0560643672943115,3.444737434387207,0.48827290755899366,1.861871600151062,2.409917127414441,3.162242291239558,9.740114229471772,6.584583476822736,5.749230786671635,-0.835352690151101,0.8947150873091674,21.90800517303424
p232_373,/home/vpopescu/projects/ultra-low-power-se/datasets/datasets/voicebank-demand/16k/clean_test/p232_373.wav,/home/vpopescu/projects/ultra-low-power-se/datasets/datasets/voicebank-demand/16k/noisy_test/p232_373.wav,/tmp/exp_fc_base_full_eval_j8p2wsn0/p232_373.wav,2.7834282505245858,3.241500144640327,3.9339782310760985,4.013553142547607,3.433741807937622,3.4557814598083496,0.4756577896365923,2.548386812210083,1.4557746854447826,6.417158773480205,7.960945564868767,1.5594377450551318,5.645467788084685,4.086030043029552,0.9533442302325615,22.916350127836417
p232_374,/home/vpopescu/projects/ultra-low-power-se/datasets/datasets/voicebank-demand/16k/clean_test/p232_374.wav,/home/vpopescu/projects/ultra-low-power-se/datasets/datasets/voicebank-demand/16k/noisy_test/p232_374.wav,/tmp/exp_fc_base_full_eval_j8p2wsn0/p232_374.wav,2.6433424406835977,2.843682807682792,3.6815251766218853,4.137806415557861,3.454378366470337,3.9155666828155518,0.3827737064136773,2.0284957885742188,3.6031367965201992,-5.064443251917519,11.367292014189873,16.433289652007325,5.483794781334124,-10.9494948706732,0.952089786327824,26.753737776521643
p232_375,/home/vpopescu/projects/ultra-low-power-se/datasets/datasets/voicebank-demand/16k/clean_test/p232_375.wav,/home/vpopescu/projects/ultra-low-power-se/datasets/datasets/voicebank-demand/16k/noisy_test/p232_375.wav,/tmp/exp_fc_base_full_eval_j8p2wsn0/p232_375.wav,2.533939894684292,2.7829584117678086,3.594604508445379,3.2924695014953613,3.260509967803955,3.6473045349121094,0.4485247855902052,1.9925503730773926,2.1095359474699413,-1.1251374186836411,10.09119533388725,11.172905642072875,5.707542250925707,-5.465363391147168,0.9440980614577612,26.485706905329653
p232_377,/home/vpopescu/projects/ultra-low-power-se/datasets/datasets/voicebank-demand/16k/clean_test/p232_377.wav,/home/vpopescu/projects/ultra-low-power-se/datasets/datasets/voicebank-demand/16k/noisy_test/p232_377.wav,/tmp/exp_fc_base_full_eval_j8p2wsn0/p232_377.wav,2.438610549244267,2.643235791906219,3.4094907962102132,3.289335012435913,3.0292203426361084,3.3162155151367188,0.5436561429077981,1.9235776662826538,1.6830588737092613,3.4151376225298105,9.823581268421322,6.406262644131071,5.902671006844117,-0.503591637286954,0.946912766910991,31.55604061178925
p232_378,/home/vpopescu/projects/ultra-low-power-se/datasets/datasets/voicebank-demand/16k/clean_test/p232_378.wav,/home/vpopescu/projects/ultra-low-power-se/datasets/datasets/voicebank-demand/16k/noisy_test/p232_378.wav,/tmp/exp_fc_base_full_eval_j8p2wsn0/p232_378.wav,2.17977141105594,2.2365392772441055,3.0283356242652806,3.584566593170166,3.401700019836426,3.6091713905334473,0.6693941743782718,1.487574815750122,0.7450679568325324,4.857047491573635,6.452677041956889,1.5428397501706974,5.45060652145067,3.9077667712799724,0.9258398414500765,30.318376021866825
p232_379,/home/vpopescu/projects/ultra-low-power-se/datasets/datasets/voicebank-demand/16k/clean_test/p232_379.wav,/home/vpopescu/projects/ultra-low-power-se/datasets/datasets/voicebank-demand/16k/noisy_test/p232_379.wav,/tmp/exp_fc_base_full_eval_j8p2wsn0/p232_379.wav,2.9148913766593036,3.3274687517220642,4.132038171889745,3.9531283378601074,3.4799695014953613,3.798731803894043,0.26612578572444406,2.525580406188965,3.7623970709542194,-5.018809245332326,11.240759882414629,16.262505116536936,5.560953373841775,-10.70155174269516,0.9506577755984575,23.338153281305356
p232_380,/home/vpopescu/projects/ultra-low-power-se/datasets/datasets/voicebank-demand/16k/clean_test/p232_380.wav,/home/vpopescu/projects/ultra-low-power-se/datasets/datasets/voicebank-demand/16k/noisy_test/p232_380.wav,/tmp/exp_fc_base_full_eval_j8p2wsn0/p232_380.wav,2.6219903234035913,2.8085438026719394,3.653063123967454,3.853771209716797,2.4326937198638916,3.830960988998413,0.4052459172646486,1.9705156087875366,3.3384002407250244,-1.05670651624491,10.40253546159063,11.460724359941427,5.750013012207781,-5.710711347733646,0.9397328607046932,23.462193251789653
p232_381,/home/vpopescu/projects/ultra-low-power-se/datasets/datasets/voicebank-demand/16k/clean_test/p232_381.wav,/home/vpopescu/projects/ultra-low-power-se/datasets/datasets/voicebank-demand/16k/noisy_test/p232_381.wav,/tmp/exp_fc_base_full_eval_j8p2wsn0/p232_381.wav,2.4007242441178644,2.7845487432323135,3.5834773541925324,3.6583683490753174,3.4289679527282715,3.5012378692626953,0.4365465902146842,2.0333197116851807,0.27871733994741665,3.710939061694649,9.540916816265549,5.846769255215878,5.812118595104532,-0.0346506601113461,0.9165341254976364,31.82311006919133
p232_382,/home/vpopescu/projects/ultra-low-power-se/datasets/datasets/voicebank-demand/16k/clean_test/p232_382.wav,/home/vpopescu/projects/ultra-low-power-se/datasets/datasets/voicebank-demand/16k/noisy_test/p232_382.wav,/tmp/exp_fc_base_full_eval_j8p2wsn0/p232_382.wav,2.5361822785867556,3.0814637910923732,3.9003227016168047,3.8947088718414307,3.1638903617858887,3.365715503692627,0.32525553388447864,2.279059886932373,-0.1041232194854629,5.360120516668893,6.088757138825972,0.7277015904992673,4.826155422488271,4.098453831989004,0.8899874284824576,25.806940648476342
p232_383,/home/vpopescu/projects/ultra-low-power-se/datasets/datasets/voicebank-demand/16k/clean_test/p232_383.wav,/home/vpopescu/projects/ultra-low-power-se/datasets/datasets/voicebank-demand/16k/noisy_test/p232_383.wav,/tmp/exp_fc_base_full_eval_j8p2wsn0/p232_383.wav,2.3802317881760553,2.476045431725066,3.156360587401814,3.4092915058135986,3.385188341140747,3.745668888092041,0.6928276534184409,1.883927583694458,1.9921098058545323,-4.274464760911332,11.13242660302135,15.442660131651147,5.498590869635925,-9.944069262015223,0.9579193898427769,39.96978779981873
p232_384,/home/vpopescu/projects/ultra-low-power-se/datasets/datasets/voicebank-demand/16k/clean_test/p232_384.wav,/home/vpopescu/projects/ultra-low-power-se/datasets/datasets/voicebank-demand/16k/noisy_test/p232_384.wav,/tmp/exp_fc_base_full_eval_j8p2wsn0/p232_384.wav,2.3893004674417355,2.464351133138351,3.186121390980218,3.1300466060638428,3.37821102142334,3.473219633102417,0.6488164105556118,1.8179999589920044,2.3371637887190015,0.6552135647324526,11.244181365485135,10.590291333614733,6.501676261173399,-4.088615072441334,0.8409827364631631,37.277833092248464
p232_385,/home/vpopescu/projects/ultra-low-power-se/datasets/datasets/voicebank-demand/16k/clean_test/p232_385.wav,/home/vpopescu/projects/ultra-low-power-se/datasets/datasets/voicebank-demand/16k/noisy_test/p232_385.wav,/tmp/exp_fc_base_full_eval_j8p2wsn0/p232_385.wav,2.3614984403544277,2.4302176246665956,3.1749224290725855,3.186184883117676,3.5192880630493164,3.8013365268707275,0.6584084502023863,1.7341043949127197,1.924251211439203,2.445672080564796,8.847957179291393,6.425967093421486,5.5179920178192665,-0.9079750756022191,0.8615692443324011,31.80446953350319
p232_386,/home/vpopescu/projects/ultra-low-power-se/datasets/datasets/voicebank-demand/16k/clean_test/p232_386.wav,/home/vpopescu/projects/ultra-low-power-se/datasets/datasets/voicebank-demand/16k/noisy_test/p232_386.wav,/tmp/exp_fc_base_full_eval_j8p2wsn0/p232_386.wav,1.7863909337879933,1.7864980275416498,2.4091737659593657,2.5343830585479736,3.0701091289520264,3.4757843017578125,1.0005926319061142,1.2971984148025513,-2.03534348649448,2.979728301400916,3.9742747350941787,1.11187879376329,4.673052432419114,3.5611736386558244,0.7521715287952366,48.491895548353426
p232_387,/home/vpopescu/projects/ultra-low-power-se/datasets/datasets/voicebank-demand/16k/clean_test/p232_387.wav,/home/vpopescu/projects/ultra-low-power-se/datasets/datasets/voicebank-demand/16k/noisy_test/p232_387.wav,/tmp/exp_fc_base_full_eval_j8p2wsn0/p232_387.wav,2.793819565974124,3.0542713151542853,3.7893368412549546,3.6178462505340576,2.8166399002075195,3.408236503601074,0.46727061389000246,2.3331735134124756,3.5437053237148803,-5.42775076153932,11.114431995356473,16.518946350226937,5.7743749675795275,-10.74457138264741,0.9431312344322877,25.527258404439507
p232_388,/home/vpopescu/projects/ultra-low-power-se/datasets/datasets/voicebank-demand/16k/clean_test/p232_388.wav,/home/vpopescu/projects/ultra-low-power-se/datasets/datasets/voicebank-demand/16k/noisy_test/p232_388.wav,/tmp/exp_fc_base_full_eval_j8p2wsn0/p232_388.wav,2.359730055910862,1.9412417937786173,2.314715984870214,3.304165840148926,2.8511881828308105,3.456982135772705,1.4042640357192007,1.6299930810928345,3.055758942243992,-0.6946449322531336,11.08630556786462,11.788656154694761,6.807499799990108,-4.981156354704654,0.8272677185998365,35.13135003041202
p232_389,/home/vpopescu/projects/ultra-low-power-se/datasets/datasets/voicebank-demand/16k/clean_test/p232_389.wav,/home/vpopescu/projects/ultra-low-power-se/datasets/datasets/voicebank-demand/16k/noisy_test/p232_389.wav,/tmp/exp_fc_base_full_eval_j8p2wsn0/p232_389.wav,2.0680039397659162,1.7163219615246987,2.1878252953314683,3.6443283557891846,2.9101436138153076,3.3106226921081543,1.3517008456217574,1.2994235754013062,0.7067088006207147,3.1176650136484705,9.71732461733909,6.594603017148957,6.277158498362102,-0.3174445187868553,0.8945409226996146,33.091883387858985
p232_390,/home/vpopescu/projects/ultra-low-power-se/datasets/datasets/voicebank-demand/16k/clean_test/p232_390.wav,/home/vpopescu/projects/ultra-low-power-se/datasets/datasets/voicebank-demand/16k/noisy_test/p232_390.wav,/tmp/exp_fc_base_full_eval_j8p2wsn0/p232_390.wav,1.943964412124139,1.8708059127745897,2.418401228440604,3.3187432289123535,2.9642481803894043,3.331796407699585,1.0596608750111476,1.4760663509368896,-0.42403447459991617,5.187693388119127,5.90572335485708,0.7496385918592234,5.317674870031279,4.568036278172055,0.8884090569488907,52.697304531985594
p232_391,/home/vpopescu/projects/ultra-low-power-se/datasets/datasets/voicebank-demand/16k/clean_test/p232_391.wav,/home/vpopescu/projects/ultra-low-power-se/datasets/datasets/voicebank-demand/16k/noisy_test/p232_391.wav,/tmp/exp_fc_base_full_eval_j8p2wsn0/p232_391.wav,2.9245201884353587,3.3486709415322022,4.215622260008604,3.9072444438934326,3.077646017074585,3.175446033477783,0.2112178230348709,2.442318916320801,3.592762018193725,-4.2895013302178935,11.249380031128984,15.53475875457134,5.64269970768918,-9.89205904688216,0.9504169690002016,14.750322958884071
p232_392,/home/vpopescu/projects/ultra-low-power-se/datasets/datasets/voicebank-demand/16k/clean_test/p232_392.wav,/home/vpopescu/projects/ultra-low-power-se/datasets/datasets/voicebank-demand/16k/noisy_test/p232_392.wav,/tmp/exp_fc_base_full_eval_j8p2wsn0/p232_392.wav,2.9132815537467995,3.2986667758202075,4.161345120648831,3.9833030700683594,2.970555305480957,3.312046766281128,0.2527092955689495,2.383533239364624,3.5657617121828955,-0.4347478617957403,11.12747614962264,11.570813157937689,5.65309035699177,-5.917722800945919,0.9383929679117868,12.098617505287564
p232_393,/home/vpopescu/projects/ultra-low-power-se/datasets/datasets/voicebank-demand/16k/clean_test/p232_393.wav,/home/vpopescu/projects/ultra-low-power-se/datasets/datasets/voicebank-demand/16k/noisy_test/p232_393.wav,/tmp/exp_fc_base_full_eval_j8p2wsn0/p232_393.wav,2.6787042707478435,3.041792766822326,3.8535873169610766,4.212709426879883,3.366180658340454,3.8820230960845947,0.38287882761980735,2.2197265625,2.011557620978983,2.5844019054870895,9.136796950210679,6.561753231049044,5.271707567594348,-1.2900456634546966,0.9586461316062169,20.436165178404647
p232_394,/home/vpopescu/projects/ultra-low-power-se/datasets/datasets/voicebank-demand/16k/clean_test/p232_394.wav,/home/vpopescu/projects/ultra-low-power-se/datasets/datasets/voicebank-demand/16k/noisy_test/p232_394.wav,/tmp/exp_fc_base_full_eval_j8p2wsn0/p232_394.wav,2.626482897006124,2.9507860817486216,3.631928133464207,3.757650852203369,3.7407281398773193,3.8952174186706543,0.5965470362805618,2.2786171436309814,1.1963895023680247,5.458342950027445,6.979426988417097,1.5310846213794838,5.010053292482705,3.478968671103221,0.9634830677654423,24.581233756952987
p232_396,/home/vpopescu/projects/ultra-low-power-se/datasets/datasets/voicebank-demand/16k/clean_test/p232_396.wav,/home/vpopescu/projects/ultra-low-power-se/datasets/datasets/voicebank-demand/16k/noisy_test/p232_396.wav,/tmp/exp_fc_base_full_eval_j8p2wsn0/p232_396.wav,2.7162232662369634,2.9518958065850187,3.740132505381747,3.7824714183807373,3.336618423461914,3.477813959121704,0.43879390041411537,2.1668202877044678,3.3050034399885506,-4.128683014750802,11.526872756125403,15.654300477096703,6.219026256975802,-9.4352742201209,0.9217399453016892,23.104578286435824
p232_397,/home/vpopescu/projects/ultra-low-power-se/datasets/datasets/voicebank-demand/16k/clean_test/p232_397.wav,/home/vpopescu/projects/ultra-low-power-se/datasets/datasets/voicebank-demand/16k/noisy_test/p232_397.wav,/tmp/exp_fc_base_full_eval_j8p2wsn0/p232_397.wav,2.6924678343053894,3.0061171763212293,3.7962990086668404,3.762108564376831,3.326432943344116,3.889801025390625,0.42271825732376334,2.2119734287261963,2.4322892290136444,-1.2180584590071835,10.270145060477653,11.489181075970414,5.595725480080863,-5.893455595889551,0.9507278284875718,21.727098007655954
p232_398,/home/vpopescu/projects/ultra-low-power-se/datasets/datasets/voicebank-demand/16k/clean_test/p232_398.wav,/home/vpopescu/projects/ultra-low-power-se/datasets/datasets/voicebank-demand/16k/noisy_test/p232_398.wav,/tmp/exp_fc_base_full_eval_j8p2wsn0/p232_398.wav,2.37794054129797,2.5470431815771195,3.3592168602578476,3.188157558441162,3.2214527130126953,3.646862030029297,0.5226100014837471,1.7717254161834717,1.6297658738598018,3.054893591323773,9.53714918187645,6.479957187702202,6.008042837553748,-0.4719143501484542,0.9308367512047983,29.374208241556666
p232_399,/home/vpopescu/projects/ultra-low-power-se/datasets/datasets/voicebank-demand/16k/clean_test/p232_399.wav,/home/vpopescu/projects/ultra-low-power-se/datasets/datasets/voicebank-demand/16k/noisy_test/p232_399.wav,/tmp/exp_fc_base_full_eval_j8p2wsn0/p232_399.wav,2.185684110560894,2.2891637926007244,2.9881378956530504,3.4664454460144043,3.4847285747528076,3.4591612815856934,0.7416108840342703,1.6752740144729614,0.39095473122669244,5.891537974978153,6.938610278315156,1.0780478084983456,5.939844977784524,4.861797169286179,0.8772936961564715,39.10385948920901
p232_400,/home/vpopescu/projects/ultra-low-power-se/datasets/datasets/voicebank-demand/16k/clean_test/p232_400.wav,/home/vpopescu/projects/ultra-low-power-se/datasets/datasets/voicebank-demand/16k/noisy_test/p232_400.wav,/tmp/exp_fc_base_full_eval_j8p2wsn0/p232_400.wav,2.857050490757836,3.2324733546204256,4.100630406727966,3.852369546890259,2.8421077728271484,3.2096245288848877,0.24765377636136576,2.3314106464385986,3.4944394289811616,-6.511416646684175,9.814555557554387,16.327375919494116,5.116425207342546,-11.21095071215157,0.9610040557720495,15.930497466518192
p232_402,/home/vpopescu/projects/ultra-low-power-se/datasets/datasets/voicebank-demand/16k/clean_test/p232_402.wav,/home/vpopescu/projects/ultra-low-power-se/datasets/datasets/voicebank-demand/16k/noisy_test/p232_402.wav,/tmp/exp_fc_base_full_eval_j8p2wsn0/p232_402.wav,2.1989974975781195,2.3574964680208645,3.0304060904065473,3.2793383598327637,3.1045334339141846,3.554739236831665,0.7371736263664935,1.7846097946166992,0.12119897932176746,3.444378571689769,9.17351092971424,5.660501328832868,6.173429911626567,0.5129285827936991,0.9362941824072417,42.2402171351334
p232_403,/home/vpopescu/projects/ultra-low-power-se/datasets/datasets/voicebank-demand/16k/clean_test/p232_403.wav,/home/vpopescu/projects/ultra-low-power-se/datasets/datasets/voicebank-demand/16k/noisy_test/p232_403.wav,/tmp/exp_fc_base_full_eval_j8p2wsn0/p232_403.wav,2.311928497484155,2.0415601091714777,2.7019337703230435,3.546173572540283,3.480870246887207,3.755946636199951,0.994758931293941,1.3836326599121094,2.7539634171657097,-1.4644238398799576,10.241426248126457,11.70008641492931,5.8987565900784755,-5.801329824850834,0.9274360986436009,22.421087033610362
p232_404,/home/vpopescu/projects/ultra-low-power-se/datasets/datasets/voicebank-demand/16k/clean_test/p232_404.wav,/home/vpopescu/projects/ultra-low-power-se/datasets/datasets/voicebank-demand/16k/noisy_test/p232_404.wav,/tmp/exp_fc_base_full_eval_j8p2wsn0/p232_404.wav,2.582562724654966,2.8818022856489223,3.6582027959316368,3.6433393955230713,2.183579683303833,2.8672940731048584,0.425614266464202,2.159170627593994,2.363408409517595,-4.3890353753097155,11.186780093253292,15.599830091906403,5.915977015355659,-9.683853076550744,0.9555049112256004,33.20222359065308
p232_405,/home/vpopescu/projects/ultra-low-power-se/datasets/datasets/voicebank-demand/16k/clean_test/p232_405.wav,/home/vpopescu/projects/ultra-low-power-se/datasets/datasets/voicebank-demand/16k/noisy_test/p232_405.wav,/tmp/exp_fc_base_full_eval_j8p2wsn0/p232_405.wav,2.6448326657439747,2.8692294163565424,3.731877315645196,3.807694435119629,3.101303815841675,3.204224109649658,0.36218756801019336,2.0056371688842773,3.269945536370987,3.285668818881181,9.522561234324716,6.26361116396126,5.6821836048760055,-0.5814275590852542,0.9453062000338847,21.981209967726016
p232_407,/home/vpopescu/projects/ultra-low-power-se/datasets/datasets/voicebank-demand/16k/clean_test/p232_407.wav,/home/vpopescu/projects/ultra-low-power-se/datasets/datasets/voicebank-demand/16k/noisy_test/p232_407.wav,/tmp/exp_fc_base_full_eval_j8p2wsn0/p232_407.wav,1.8974165433729702,1.7574133887223498,2.2093618768736256,3.0263564586639404,2.9941229820251465,3.136896848678589,1.304425616844584,1.4124348163604736,-1.6824853368877963,5.2907679181315,5.563772577475383,0.2795712536463358,5.530453146062458,5.250881892416122,0.7582785284738808,43.67581751762922
p232_409,/home/vpopescu/projects/ultra-low-power-se/datasets/datasets/voicebank-demand/16k/clean_test/p232_409.wav,/home/vpopescu/projects/ultra-low-power-se/datasets/datasets/voicebank-demand/16k/noisy_test/p232_409.wav,/tmp/exp_fc_base_full_eval_j8p2wsn0/p232_409.wav,1.9945531220666899,2.0388441685189505,2.741622797098529,3.2233333587646484,3.398090124130249,3.636740207672119,0.801144182432184,1.449824333190918,-0.32356049054140584,5.350796501605329,6.673534165300086,1.3173006676863226,5.547310279678279,4.230009611991957,0.8853810354343347,44.58265689920859
p232_410,/home/vpopescu/projects/ultra-low-power-se/datasets/datasets/voicebank-demand/16k/clean_test/p232_410.wav,/home/vpopescu/projects/ultra-low-power-se/datasets/datasets/voicebank-demand/16k/noisy_test/p232_410.wav,/tmp/exp_fc_base_full_eval_j8p2wsn0/p232_410.wav,2.574646530868229,2.792817134619813,3.6114246019390848,3.4880011081695557,3.261255979537964,3.420623779296875,0.47098206166901424,1.9636850357055664,2.266850592850809,2.880209111865889,9.420135702425537,6.553795437863137,5.79125758383449,-0.7625378540286469,0.9229069076911284,20.11521479266177
p232_411,/home/vpopescu/projects/ultra-low-power-se/datasets/datasets/voicebank-demand/16k/clean_test/p232_411.wav,/home/vpopescu/projects/ultra-low-power-se/datasets/datasets/voicebank-demand/16k/noisy_test/p232_411.wav,/tmp/exp_fc_base_full_eval_j8p2wsn0/p232_411.wav,2.697437790366096,3.0660651782675172,3.860730639730594,4.355230808258057,3.179990291595459,3.564419984817505,0.38146573410340306,2.2766430377960205,2.230546501538659,-3.43413555809607,11.220643012018792,14.656470367170272,5.605189567535719,-9.051280799634553,0.9476468959749146,23.617430185333845
p232_412,/home/vpopescu/projects/ultra-low-power-se/datasets/datasets/voicebank-demand/16k/clean_test/p232_412.wav,/home/vpopescu/projects/ultra-low-power-se/datasets/datasets/voicebank-demand/16k/noisy_test/p232_412.wav,/tmp/exp_fc_base_full_eval_j8p2wsn0/p232_412.wav,2.516296007176279,2.590109499477521,3.3926859470640442,3.626779556274414,3.771792411804199,3.874520778656006,0.5291519493282648,1.8168103694915771,3.3231381026417868,-1.0309696874309697,10.616546513980909,11.649455193856795,5.766393524046163,-5.883061669810632,0.9238663716352158,27.928149986732443
p232_413,/home/vpopescu/projects/ultra-low-power-se/datasets/datasets/voicebank-demand/16k/clean_test/p232_413.wav,/home/vpopescu/projects/ultra-low-power-se/datasets/datasets/voicebank-demand/16k/noisy_test/p232_413.wav,/tmp/exp_fc_base_full_eval_j8p2wsn0/p232_413.wav,3.0986790693259336,3.7328518157525905,4.394379748116021,4.2161030769348145,3.611135244369507,3.565031051635742,0.35414786905415796,3.0492706298828125,2.2478577871316547,0.1802253151863944,11.161851940530326,10.972240538225142,5.644947074761335,-5.327293463463807,0.969294596134337,19.21247604962066
p232_414,/home/vpopescu/projects/ultra-low-power-se/datasets/datasets/voicebank-demand/16k/clean_test/p232_414.wav,/home/vpopescu/projects/ultra-low-power-se/datasets/datasets/voicebank-demand/16k/noisy_test/p232_414.wav,/tmp/exp_fc_base_full_eval_j8p2wsn0/p232_414.wav,2.054835583273184,2.1527387450439606,2.783068979201539,3.3596131801605225,3.2364768981933594,3.2099034786224365,0.8939091307073431,1.6132512092590332,-1.0801824010354275,6.049618373726844,6.609175106134818,0.4807458952198892,5.790455662219474,5.3097097669995845,0.8368224217842002,40.321000498200185
p232_415,/home/vpopescu/projects/ultra-low-power-se/datasets/datasets/voicebank-demand/16k/clean_test/p232_415.wav,/home/vpopescu/projects/ultra-low-power-se/datasets/datasets/voicebank-demand/16k/noisy_test/p232_415.wav,/tmp/exp_fc_base_full_eval_j8p2wsn0/p232_415.wav,1.7898704953006441,1.7491428342214976,2.3997742332309993,2.9717493057250977,3.631477117538452,3.6614036560058594,0.9642347237099193,1.2389804124832153,-1.3938717869574684,4.446759783195315,5.408266177151804,1.0482790235419228,5.403054893514919,4.354775869972996,0.8427302952242824,49.79260275543033
p257_001,/home/vpopescu/projects/ultra-low-power-se/datasets/datasets/voicebank-demand/16k/clean_test/p257_001.wav,/home/vpopescu/projects/ultra-low-power-se/datasets/datasets/voicebank-demand/16k/noisy_test/p257_001.wav,/tmp/exp_fc_base_full_eval_j8p2wsn0/p257_001.wav,2.5091141532602315,2.771440162251813,3.7340782059066915,4.062191486358643,3.0938308238983154,3.277871608734131,0.2221228554721997,1.8296974897384644,2.8929867960496867,-5.296654649369895,10.91871147817054,16.19284783544939,5.541407657728534,-10.651440177720854,0.9205546185381047,25.9627735694121
p257_002,/home/vpopescu/projects/ultra-low-power-se/datasets/datasets/voicebank-demand/16k/clean_test/p257_002.wav,/home/vpopescu/projects/ultra-low-power-se/datasets/datasets/voicebank-demand/16k/noisy_test/p257_002.wav,/tmp/exp_fc_base_full_eval_j8p2wsn0/p257_002.wav,2.516709743714133,2.7498603583651375,3.7234454979057663,3.678461790084839,1.9102470874786377,2.7322850227355957,0.22068982843295457,1.7913143634796143,3.168507778558037,-1.4171965648114728,9.90740630042992,11.324228360335358,5.8418522363240015,-5.482376124011356,0.9376807931686153,24.736358868325624
p257_003,/home/vpopescu/projects/ultra-low-power-se/datasets/datasets/voicebank-demand/16k/clean_test/p257_003.wav,/home/vpopescu/projects/ultra-low-power-se/datasets/datasets/voicebank-demand/16k/noisy_test/p257_003.wav,/tmp/exp_fc_base_full_eval_j8p2wsn0/p257_003.wav,2.32280712908823,2.4730243194839723,3.38309391089635,2.842005729675293,3.128937244415283,3.69390869140625,0.3746792105895874,1.6231048107147217,2.360354395017507,1.880715677243595,8.88193711825533,7.0062198366774044,5.609400315540558,-1.3968195211368464,0.9120275099310754,33.67704247421574
p257_004,/home/vpopescu/projects/ultra-low-power-se/datasets/datasets/voicebank-demand/16k/clean_test/p257_004.wav,/home/vpopescu/projects/ultra-low-power-se/datasets/datasets/voicebank-demand/16k/noisy_test/p257_004.wav,/tmp/exp_fc_base_full_eval_j8p2wsn0/p257_004.wav,2.116299309930427,2.436670296313589,3.3111745996068773,3.5007436275482178,2.9029972553253174,3.646247625350952,0.42357630020178105,1.639427900314331,-0.6531607727569434,5.55430781928831,6.998134873096972,1.4140183827275705,5.463010584582625,4.048992201855054,0.9312787206985264,37.17115681944793
p257_006,/home/vpopescu/projects/ultra-low-power-se/datasets/datasets/voicebank-demand/16k/clean_test/p257_006.wav,/home/vpopescu/projects/ultra-low-power-se/datasets/datasets/voicebank-demand/16k/noisy_test/p257_006.wav,/tmp/exp_fc_base_full_eval_j8p2wsn0/p257_006.wav,2.524846498770167,2.6600106912606694,3.602567885882289,3.5480995178222656,2.7233331203460693,3.1871774196624756,0.2832841857902006,1.7499995231628418,4.000700769193084,-5.9840507560497365,10.9092679272971,16.89268390053058,5.694716284405239,-11.197967616125343,0.9208675900764064,28.24248882297649
p257_007,/home/vpopescu/projects/ultra-low-power-se/datasets/datasets/voicebank-demand/16k/clean_test/p257_007.wav,/home/vpopescu/projects/ultra-low-power-se/datasets/datasets/voicebank-demand/16k/noisy_test/p257_007.wav,/tmp/exp_fc_base_full_eval_j8p2wsn0/p257_007.wav,2.177376472775957,2.0466335379255525,2.8712478338886402,3.3109781742095947,2.9051783084869385,3.3243768215179443,0.6079688920409168,1.3387194871902466,3.4480021339153364,-2.398996481820017,9.257061478692458,11.672374801931289,5.827218352667415,-5.845156449263874,0.8883560061349977,44.82222521966386
p257_008,/home/vpopescu/projects/ultra-low-power-se/datasets/datasets/voicebank-demand/16k/clean_test/p257_008.wav,/home/vpopescu/projects/ultra-low-power-se/datasets/datasets/voicebank-demand/16k/noisy_test/p257_008.wav,/tmp/exp_fc_base_full_eval_j8p2wsn0/p257_008.wav,2.113709446755422,1.999543843531192,2.82272469040492,2.896937847137451,3.3440728187561035,3.690979480743408,0.6334863933603172,1.2889962196350098,2.71940212133961,0.6788660302797975,7.748872619444407,7.106046135166294,5.69338994935404,-1.4126561858122546,0.8806981644791326,43.96472569635832
p257_009,/home/vpopescu/projects/ultra-low-power-se/datasets/datasets/voicebank-demand/16k/clean_test/p257_009.wav,/home/vpopescu/projects/ultra-low-power-se/datasets/datasets/voicebank-demand/16k/noisy_test/p257_009.wav,/tmp/exp_fc_base_full_eval_j8p2wsn0/p257_009.wav,1.8082382566593325,1.5863411934677676,2.217827063108305,1.8965978622436523,3.042814016342163,2.531679630279541,1.010119939026416,1.1362500190734863,0.5757049309058777,4.506406936293847,6.2551531797889295,1.7082110187378088,5.414430046926081,3.706219028188272,0.8160670772102478,57.879809014980566
p257_010,/home/vpopescu/projects/ultra-low-power-se/datasets/datasets/voicebank-demand/16k/clean_test/p257_010.wav,/home/vpopescu/projects/ultra-low-power-se/datasets/datasets/voicebank-demand/16k/noisy_test/p257_010.wav,/tmp/exp_fc_base_full_eval_j8p2wsn0/p257_010.wav,2.6357300608380476,2.7789775951529605,3.589825034361539,3.868147134780884,2.413386106491089,3.0000617504119873,0.45798456075194277,1.9836485385894775,3.6653562333151113,-4.281938715847506,11.97197450193583,16.23457909307261,5.610269381283246,-10.624309711789365,0.9270632809873657,25.338769043796354
p257_011,/home/vpopescu/projects/ultra-low-power-se/datasets/datasets/voicebank-demand/16k/clean_test/p257_011.wav,/home/vpopescu/projects/ultra-low-power-se/datasets/datasets/voicebank-demand/16k/noisy_test/p257_011.wav,/tmp/exp_fc_base_full_eval_j8p2wsn0/p257_011.wav,2.618702666983096,2.7335852766332693,3.675156549082397,3.8980491161346436,2.522794246673584,3.2253963947296143,0.2957202977545034,1.7902703285217285,4.430587227398837,-1.8671262457787634,10.086314749155987,11.952013882435995,5.525119326584047,-6.426894555851948,0.9284262986318085,21.45336362520238
p257_012,/home/vpopescu/projects/ultra-low-power-se/datasets/datasets/voicebank-demand/16k/clean_test/p257_012.wav,/home/vpopescu/projects/ultra-low-power-se/datasets/datasets/voicebank-demand/16k/noisy_test/p257_012.wav,/tmp/exp_fc_base_full_eval_j8p2wsn0/p257_012.wav,2.4240493543834054,2.4127377736462132,3.221454510028612,3.8535478115081787,3.13042950630188,3.2921438217163086,0.6081953315129712,1.6174575090408325,2.9972091501413263,2.0668336433978096,8.791088041912666,6.768076807745288,5.533782962963913,-1.2342938447813756,0.9176889710794204,24.55993019957366
p257_013,/home/vpopescu/projects/ultra-low-power-se/datasets/datasets/voicebank-demand/16k/clean_test/p257_013.wav,/home/vpopescu/projects/ultra-low-power-se/datasets/datasets/voicebank-demand/16k/noisy_test/p257_013.wav,/tmp/exp_fc_base_full_eval_j8p2wsn0/p257_013.wav,1.8532649178301457,1.7705647413505312,2.555637338963301,2.4097461700439453,3.1414668560028076,3.133384943008423,0.7460346235344705,1.129186987876892,0.47578721056681994,3.0564942517366402,4.779830182747174,1.7877529352538724,4.90905707997699,3.121304144723118,0.8646510833521255,50.065865234388326
p257_014,/home/vpopescu/projects/ultra-low-power-se/datasets/datasets/voicebank-demand/16k/clean_test/p257_014.wav,/home/vpopescu/projects/ultra-low-power-se/datasets/datasets/voicebank-demand/16k/noisy_test/p257_014.wav,/tmp/exp_fc_base_full_eval_j8p2wsn0/p257_014.wav,2.687937233485841,2.8599321318707456,3.8242108329640017,3.9504573345184326,2.719700574874878,3.430438995361328,0.22325834861346094,1.8834517002105713,4.596595763394608,-6.068815987747268,10.458516370110251,16.515085327412415,5.315267340784521,-11.199817986627894,0.9457647294322841,19.4197446155246
p257_015,/home/vpopescu/projects/ultra-low-power-se/datasets/datasets/voicebank-demand/16k/clean_test/p257_015.wav,/home/vpopescu/projects/ultra-low-power-se/datasets/datasets/voicebank-demand/16k/noisy_test/p257_015.wav,/tmp/exp_fc_base_full_eval_j8p2wsn0/p257_015.wav,2.6489464479386537,2.8680126932751437,3.856164561203449,4.238529205322266,3.2284109592437744,3.6673853397369385,0.1887054819220332,1.8631850481033325,4.025048549987604,-1.5657237900670236,10.316333390600839,11.881852333299287,5.299188461142078,-6.582663872157209,0.9471979208506394,18.46200910056542
p257_016,/home/vpopescu/projects/ultra-low-power-se/datasets/datasets/voicebank-demand/16k/clean_test/p257_016.wav,/home/vpopescu/projects/ultra-low-power-se/datasets/datasets/voicebank-demand/16k/noisy_test/p257_016.wav,/tmp/exp_fc_base_full_eval_j8p2wsn0/p257_016.wav,2.5606600053952637,2.776645356040105,3.6750347972714468,3.9134018421173096,2.748708486557007,3.0024044513702393,0.34017951487945514,1.8805551528930664,2.9330836941731806,2.5769399904999784,9.553191985340435,6.989473946410257,5.348210465834491,-1.6412634805757662,0.9439728673690025,22.432804345790306
p257_017,/home/vpopescu/projects/ultra-low-power-se/datasets/datasets/voicebank-demand/16k/clean_test/p257_017.wav,/home/vpopescu/projects/ultra-low-power-se/datasets/datasets/voicebank-demand/16k/noisy_test/p257_017.wav,/tmp/exp_fc_base_full_eval_j8p2wsn0/p257_017.wav,2.254038836091288,2.4646529887250357,3.380193108724969,3.725733757019043,2.822411060333252,2.9066381454467773,0.39632070630587574,1.5863336324691772,1.0349324373819868,5.286535077829203,6.877832573825254,1.6226729832281195,5.2071010833944955,3.584428100166376,0.9165203179965856,29.06134054057767
p257_018,/home/vpopescu/projects/ultra-low-power-se/datasets/datasets/voicebank-demand/16k/clean_test/p257_018.wav,/home/vpopescu/projects/ultra-low-power-se/datasets/datasets/voicebank-demand/16k/noisy_test/p257_018.wav,/tmp/exp_fc_base_full_eval_j8p2wsn0/p257_018.wav,2.6700241516992587,2.888098767322284,3.8146877868352793,4.027971267700195,2.9426536560058594,3.6662251949310303,0.25160598902379105,1.9649989604949951,4.058059969502498,-6.554606883187876,10.278139301436653,16.834137256438446,5.362750746843771,-11.471386509594675,0.9375262526451187,22.700447070858022
p257_019,/home/vpopescu/projects/ultra-low-power-se/datasets/datasets/voicebank-demand/16k/clean_test/p257_019.wav,/home/vpopescu/projects/ultra-low-power-se/datasets/datasets/voicebank-demand/16k/noisy_test/p257_019.wav,/tmp/exp_fc_base_full_eval_j8p2wsn0/p257_019.wav,2.45474621709322,2.5858413167997374,3.573819637426406,3.915003776550293,3.166685104370117,3.5044643878936768,0.2670824607684438,1.6097074747085571,3.468778168408541,-2.532252458329962,9.522608472987379,12.048677190692551,5.6624427212023924,-6.386234469490159,0.9313384395058358,23.889568632458293
p257_020,/home/vpopescu/projects/ultra-low-power-se/datasets/datasets/voicebank-demand/16k/clean_test/p257_020.wav,/home/vpopescu/projects/ultra-low-power-se/datasets/datasets/voicebank-demand/16k/noisy_test/p257_020.wav,/tmp/exp_fc_base_full_eval_j8p2wsn0/p257_020.wav,2.188917190914622,2.253033769070492,3.17105647392914,3.435868740081787,3.0165603160858154,3.2892379760742188,0.4529298361499646,1.3920488357543945,1.8917986512227782,2.6535730095672543,9.031289307956639,6.381918155169675,5.828623982475023,-0.5532941726946525,0.9130670031836137,32.80935251471625
p257_022,/home/vpopescu/projects/ultra-low-power-se/datasets/datasets/voicebank-demand/16k/clean_test/p257_022.wav,/home/vpopescu/projects/ultra-low-power-se/datasets/datasets/voicebank-demand/16k/noisy_test/p257_022.wav,/tmp/exp_fc_base_full_eval_j8p2wsn0/p257_022.wav,2.106246935010284,2.2051152142997728,3.169478319303809,3.265522003173828,2.985726833343506,3.7329421043395996,0.393537036826004,1.3040542602539062,1.3661349358511887,4.830567434180798,6.670963985832309,1.889408092138507,5.2225745331687845,3.3331664410302775,0.893101260896127,33.87964319281542
p257_023,/home/vpopescu/projects/ultra-low-power-se/datasets/datasets/voicebank-demand/16k/clean_test/p257_023.wav,/home/vpopescu/projects/ultra-low-power-se/datasets/datasets/voicebank-demand/16k/noisy_test/p257_023.wav,/tmp/exp_fc_base_full_eval_j8p2wsn0/p257_023.wav,2.7028034653631954,2.900124761724242,3.861610090795034,3.71621036529541,3.0500171184539795,3.5017752647399902,0.20384855229569815,1.9331564903259277,4.610324082541823,-6.260993046138255,10.83795883505622,17.088028199179618,5.641486839288876,-11.446541359890741,0.9437464445512803,20.813679173247493
p257_024,/home/vpopescu/projects/ultra-low-power-se/datasets/datasets/voicebank-demand/16k/clean_test/p257_024.wav,/home/vpopescu/projects/ultra-low-power-se/datasets/datasets/voicebank-demand/16k/noisy_test/p257_024.wav,/tmp/exp_fc_base_full_eval_j8p2wsn0/p257_024.wav,2.622929628734866,2.7780807262599247,3.7477477785987485,3.7284555435180664,3.395312547683716,3.6576340198516846,0.23320760110432923,1.808306336402893,4.393060043067791,-1.6169974066556438,10.277842439818674,11.885313703843597,5.6765204264697005,-6.208793277373896,0.9403526959694274,21.74336896842681
p257_025,/home/vpopescu/projects/ultra-low-power-se/datasets/datasets/voicebank-demand/16k/clean_test/p257_025.wav,/home/vpopescu/projects/ultra-low-power-se/datasets/datasets/voicebank-demand/16k/noisy_test/p257_025.wav,/tmp/exp_fc_base_full_eval_j8p2wsn0/p257_025.wav,2.428625514413487,2.7429861294430746,3.6898456003337445,3.81048321723938,2.7355356216430664,3.4087986946105957,0.2514003766499859,1.8222790956497192,1.7905977206837782,3.325801166650681,9.405578962442275,6.097621788701147,5.349599220803806,-0.7480225678973413,0.925099504240454,27.033078530022323
p257_026,/home/vpopescu/projects/ultra-low-power-se/datasets/datasets/voicebank-demand/16k/clean_test/p257_026.wav,/home/vpopescu/projects/ultra-low-power-se/datasets/datasets/voicebank-demand/16k/noisy_test/p257_026.wav,/tmp/exp_fc_base_full_eval_j8p2wsn0/p257_026.wav,2.192864817566207,2.4988564521960126,3.4222009357503893,3.289315938949585,1.9945521354675293,2.6499850749969482,0.3418476854898268,1.637634515762329,0.22998154053468572,5.274095807578453,5.820161288332134,0.55179893059922,5.114191667030208,4.562392736430988,0.9082477604952142,34.05904543169593
p257_027,/home/vpopescu/projects/ultra-low-power-se/datasets/datasets/voicebank-demand/16k/clean_test/p257_027.wav,/home/vpopescu/projects/ultra-low-power-se/datasets/datasets/voicebank-demand/16k/noisy_test/p257_027.wav,/tmp/exp_fc_base_full_eval_j8p2wsn0/p257_027.wav,2.3229707533574455,2.303668075166179,3.3435790248502357,3.599957227706909,2.9748313426971436,3.1860835552215576,0.2772231377028423,1.294168472290039,4.135833684543725,-6.448727620735726,10.241829109369096,16.69119932389069,5.864090546505457,-10.827108777385233,0.9284100655024917,27.171328360492524
p257_028,/home/vpopescu/projects/ultra-low-power-se/datasets/datasets/voicebank-demand/16k/clean_test/p257_028.wav,/home/vpopescu/projects/ultra-low-power-se/datasets/datasets/voicebank-demand/16k/noisy_test/p257_028.wav,/tmp/exp_fc_base_full_eval_j8p2wsn0/p257_028.wav,2.20187030297205,2.082848450138685,2.7868111683425503,2.7719318866729736,2.4277408123016357,2.9301700592041016,0.8009039878778652,1.4763928651809692,2.4085631421281857,-2.3377701007482443,9.042052877948292,11.332108506231684,5.910550711855391,-5.421557794376293,0.8907720306398004,41.369280648361254
p257_029,/home/vpopescu/projects/ultra-low-power-se/datasets/datasets/voicebank-demand/16k/clean_test/p257_029.wav,/home/vpopescu/projects/ultra-low-power-se/datasets/datasets/voicebank-demand/16k/noisy_test/p257_029.wav,/tmp/exp_fc_base_full_eval_j8p2wsn0/p257_029.wav,2.007488486398399,2.00377925753071,2.7596399011172794,3.1343705654144287,2.6096625328063965,3.211639881134033,0.7187058090559179,1.3745014667510986,0.7173624485503005,1.4269811088445472,7.207764450255585,5.772567332994273,5.072599482170695,-0.6999678508235778,0.8675909017152268,46.95957842389928
p257_030,/home/vpopescu/projects/ultra-low-power-se/datasets/datasets/voicebank-demand/16k/clean_test/p257_030.wav,/home/vpopescu/projects/ultra-low-power-se/datasets/datasets/voicebank-demand/16k/noisy_test/p257_030.wav,/tmp/exp_fc_base_full_eval_j8p2wsn0/p257_030.wav,1.9744880820120494,2.0008151336420235,2.9339398743221574,3.8488872051239014,3.0463640689849854,3.598606586456299,0.49538267814171316,1.1538488864898682,0.9102476673596197,3.8807857618551873,5.30779109726094,1.4537304220360183,4.667691217579736,3.2139607955437177,0.8862642138283118,38.342469824823354
p257_031,/home/vpopescu/projects/ultra-low-power-se/datasets/datasets/voicebank-demand/16k/clean_test/p257_031.wav,/home/vpopescu/projects/ultra-low-power-se/datasets/datasets/voicebank-demand/16k/noisy_test/p257_031.wav,/tmp/exp_fc_base_full_eval_j8p2wsn0/p257_031.wav,2.36679308788053,2.458564544008818,3.1615776134479043,2.8659627437591553,2.600548028945923,2.6483020782470703,0.5883551796033201,1.9094761610031128,3.0379269295687314,-6.0726452983431365,9.090506053902962,15.149770609644664,6.235149734939896,-8.914620874704767,0.8170263326050331,53.04655909168404
p257_032,/home/vpopescu/projects/ultra-low-power-se/datasets/datasets/voicebank-demand/16k/clean_test/p257_032.wav,/home/vpopescu/projects/ultra-low-power-se/datasets/datasets/voicebank-demand/16k/noisy_test/p257_032.wav,/tmp/exp_fc_base_full_eval_j8p2wsn0/p257_032.wav,2.2320940273278795,2.4041268070395363,3.23744909356478,2.8748936653137207,2.3527679443359375,2.6361591815948486,0.4545754949860475,1.686631679534912,1.6944940644984718,-2.751947536410828,8.326597776796598,11.06786524945053,4.873217016738864,-6.194648232711667,0.9117774450728419,44.98129165045881
p257_033,/home/vpopescu/projects/ultra-low-power-se/datasets/datasets/voicebank-demand/16k/clean_test/p257_033.wav,/home/vpopescu/projects/ultra-low-power-se/datasets/datasets/voicebank-demand/16k/noisy_test/p257_033.wav,/tmp/exp_fc_base_full_eval_j8p2wsn0/p257_033.wav,1.9606529449379928,1.7977672682397074,2.4787451833529213,2.715306282043457,2.1382834911346436,2.4253852367401123,0.9205964655863899,1.2383403778076172,0.8964696803356379,1.561701425977759,7.167146221741312,5.760523449875382,5.847999148641608,0.08747569876622574,0.8703470287259142,45.96447793074185
p257_034,/home/vpopescu/projects/ultra-low-power-se/datasets/datasets/voicebank-demand/16k/clean_test/p257_034.wav,/home/vpopescu/projects/ultra-low-power-se/datasets/datasets/voicebank-demand/16k/noisy_test/p257_034.wav,/tmp/exp_fc_base_full_eval_j8p2wsn0/p257_034.wav,1.9409631763480386,1.989440179547607,2.680361217426632,2.8332595825195312,3.268828868865967,3.311096668243408,0.7862591443634662,1.4573712348937988,-0.22986176672049033,5.208542459228001,6.067417300268231,0.7892461080972015,5.404090411672722,4.61484430357552,0.855996937720746,53.59699751825803
p257_035,/home/vpopescu/projects/ultra-low-power-se/datasets/datasets/voicebank-demand/16k/clean_test/p257_035.wav,/home/vpopescu/projects/ultra-low-power-se/datasets/datasets/voicebank-demand/16k/noisy_test/p257_035.wav,/tmp/exp_fc_base_full_eval_j8p2wsn0/p257_035.wav,2.789182451390248,3.076982059078817,3.9844758305753802,3.9160053730010986,2.580963373184204,3.133155107498169,0.23911368624582216,2.144843816757202,3.9863192544948465,-5.377550144661766,11.03573021427775,16.406178896489823,5.360172568623465,-11.046006327866358,0.9523172579766161,17.313000864695717
p257_036,/home/vpopescu/projects/ultra-low-power-se/datasets/datasets/voicebank-demand/16k/clean_test/p257_036.wav,/home/vpopescu/projects/ultra-low-power-se/datasets/datasets/voicebank-demand/16k/noisy_test/p257_036.wav,/tmp/exp_fc_base_full_eval_j8p2wsn0/p257_036.wav,2.43307510070821,2.64909678604739,3.6301033517578047,3.8060014247894287,2.463414192199707,2.764840602874756,0.24771270991871477,1.6843032836914062,2.6653425547544156,1.13457262936471,11.201572594439106,10.082590469952867,5.967313998110147,-4.11527647184272,0.9432459526082054,24.84834997797287
p257_037,/home/vpopescu/projects/ultra-low-power-se/datasets/datasets/voicebank-demand/16k/clean_test/p257_037.wav,/home/vpopescu/projects/ultra-low-power-se/datasets/datasets/voicebank-demand/16k/noisy_test/p257_037.wav,/tmp/exp_fc_base_full_eval_j8p2wsn0/p257_037.wav,2.3105953598551707,2.441453538545348,3.290097668485414,3.7849373817443848,2.9581286907196045,2.953531265258789,0.49529376494685406,1.6409096717834473,1.7798234338130385,2.6945579685363015,8.200301957083084,5.49311872068187,5.722825720094099,0.2297069994122296,0.8898881446454364,31.412619941076873
p257_038,/home/vpopescu/projects/ultra-low-power-se/datasets/datasets/voicebank-demand/16k/clean_test/p257_038.wav,/home/vpopescu/projects/ultra-low-power-se/datasets/datasets/voicebank-demand/16k/noisy_test/p257_038.wav,/tmp/exp_fc_base_full_eval_j8p2wsn0/p257_038.wav,2.405079224925383,2.62615789833731,3.5983305142009523,3.651280403137207,2.3859503269195557,3.0580058097839355,0.2848637446184984,1.6577004194259644,2.1450654999316265,5.286145853058868,7.2957108095967165,2.030326943215697,5.440271550373773,3.409944607158076,0.9278994978807253,22.34867172227434
p257_039,/home/vpopescu/projects/ultra-low-power-se/datasets/datasets/voicebank-demand/16k/clean_test/p257_039.wav,/home/vpopescu/projects/ultra-low-power-se/datasets/datasets/voicebank-demand/16k/noisy_test/p257_039.wav,/tmp/exp_fc_base_full_eval_j8p2wsn0/p257_039.wav,2.5259166958702384,2.687726356516616,3.6753943373777465,3.719604253768921,3.097097873687744,3.323495388031006,0.2355441360346626,1.7048742771148682,3.7315179415942508,-5.40153292184635,10.89348237434874,16.313188215175927,5.537896393809522,-10.775291821366405,0.9372233742455965,22.585548415872303
p257_040,/home/vpopescu/projects/ultra-low-power-se/datasets/datasets/voicebank-demand/16k/clean_test/p257_040.wav,/home/vpopescu/projects/ultra-low-power-se/datasets/datasets/voicebank-demand/16k/noisy_test/p257_040.wav,/tmp/exp_fc_base_full_eval_j8p2wsn0/p257_040.wav,2.3221671896648237,2.37716682014524,3.2678827834439166,3.3363122940063477,2.6145646572113037,3.176809549331665,0.448143755697099,1.5414645671844482,2.8509473027298986,-1.9196581157776649,9.318930588029962,11.242683129044135,5.124683381692394,-6.117999747351741,0.9247054143740784,32.608936217332285
p257_041,/home/vpopescu/projects/ultra-low-power-se/datasets/datasets/voicebank-demand/16k/clean_test/p257_041.wav,/home/vpopescu/projects/ultra-low-power-se/datasets/datasets/voicebank-demand/16k/noisy_test/p257_041.wav,/tmp/exp_fc_base_full_eval_j8p2wsn0/p257_041.wav,2.0603739382668724,1.9058990833033853,2.709872445038207,3.6674892902374268,3.113269090652466,3.185924768447876,0.6934069065934434,1.2201037406921387,2.514673682444034,1.7510209341926632,9.093989837361327,7.203011096293933,5.77934947772815,-1.4236616185657827,0.8845439136747897,45.037155968277695
p257_042,/home/vpopescu/projects/ultra-low-power-se/datasets/datasets/voicebank-demand/16k/clean_test/p257_042.wav,/home/vpopescu/projects/ultra-low-power-se/datasets/datasets/voicebank-demand/16k/noisy_test/p257_042.wav,/tmp/exp_fc_base_full_eval_j8p2wsn0/p257_042.wav,1.6956994369848293,1.7682007241295947,2.571132917119557,2.9120118618011475,2.1414239406585693,2.8447017669677734,0.7085646769475202,1.1184360980987549,-1.739012661327025,5.96835045797777,5.302848334805628,-0.6957976213991858,5.294289466538798,5.990087087937984,0.7356796146096021,51.90788860611039
p257_043,/home/vpopescu/projects/ultra-low-power-se/datasets/datasets/voicebank-demand/16k/clean_test/p257_043.wav,/home/vpopescu/projects/ultra-low-power-se/datasets/datasets/voicebank-demand/16k/noisy_test/p257_043.wav,/tmp/exp_fc_base_full_eval_j8p2wsn0/p257_043.wav,2.3599439916693306,2.4023583196632,3.373011741095552,3.555971622467041,3.212979555130005,3.2703309059143066,0.300028176050561,1.5001883506774902,4.0402037545997285,-3.3806560064595956,12.302083982860232,15.678708605161397,6.743082727692425,-8.935625877468972,0.9348815669459595,35.0969823563275
p257_044,/home/vpopescu/projects/ultra-low-power-se/datasets/datasets/voicebank-demand/16k/clean_test/p257_044.wav,/home/vpopescu/projects/ultra-low-power-se/datasets/datasets/voicebank-demand/16k/noisy_test/p257_044.wav,/tmp/exp_fc_base_full_eval_j8p2wsn0/p257_044.wav,2.592454869199929,2.819667264223959,3.7208477634683494,3.9289114475250244,3.023146629333496,3.1944997310638428,0.2840062445609337,1.9507522583007812,3.575752321033775,0.41460383547369517,10.831601316269586,10.358640721942152,6.5236283651065445,-3.835012356835607,0.9343209683710637,28.46815807042458
p257_045,/home/vpopescu/projects/ultra-low-power-se/datasets/datasets/voicebank-demand/16k/clean_test/p257_045.wav,/home/vpopescu/projects/ultra-low-power-se/datasets/datasets/voicebank-demand/16k/noisy_test/p257_045.wav,/tmp/exp_fc_base_full_eval_j8p2wsn0/p257_045.wav,2.2674021364899315,2.6760284404373302,3.552672791128066,3.5954349040985107,2.3988428115844727,2.6582581996917725,0.3294220820486857,1.8735767602920532,-0.07350491017180834,2.632342894419022,7.428585366815696,4.72676897949567,4.568263054971872,-0.15850592452379786,0.9343494407348845,36.79096365554937
p257_046,/home/vpopescu/projects/ultra-low-power-se/datasets/datasets/voicebank-demand/16k/clean_test/p257_046.wav,/home/vpopescu/projects/ultra-low-power-se/datasets/datasets/voicebank-demand/16k/noisy_test/p257_046.wav,/tmp/exp_fc_base_full_eval_j8p2wsn0/p257_046.wav,2.4795986006566073,2.8246463661846715,3.7142910867084833,3.756232261657715,2.767333745956421,2.860830783843994,0.30552205097186613,1.962285041809082,1.59035163564938,4.569506262237948,6.679976840654966,2.2847097466727515,5.067263264732967,2.7825535180602152,0.8608928008918466,27.509400339149202
p257_047,/home/vpopescu/projects/ultra-low-power-se/datasets/datasets/voicebank-demand/16k/clean_test/p257_047.wav,/home/vpopescu/projects/ultra-low-power-se/datasets/datasets/voicebank-demand/16k/noisy_test/p257_047.wav,/tmp/exp_fc_base_full_eval_j8p2wsn0/p257_047.wav,2.388346328345734,2.4590665357461594,3.3160696302317056,3.4818501472473145,2.600193500518799,3.465118646621704,0.4361622356312623,1.6839518547058105,3.438364832462988,-5.356310278748044,10.760830696752716,16.108890830502048,5.108972594707382,-10.999918235794667,0.908508559792133,38.17137752125878
p257_048,/home/vpopescu/projects/ultra-low-power-se/datasets/datasets/voicebank-demand/16k/clean_test/p257_048.wav,/home/vpopescu/projects/ultra-low-power-se/datasets/datasets/voicebank-demand/16k/noisy_test/p257_048.wav,/tmp/exp_fc_base_full_eval_j8p2wsn0/p257_048.wav,2.29130792556401,2.36923985045448,3.250860897091743,3.2811059951782227,2.917686939239502,3.0061850547790527,0.4388761724972982,1.565227746963501,2.685602349967917,-2.0023231229431424,8.981312597822477,10.977729335089393,5.7328338521707725,-5.24489548291862,0.914912133546364,37.151983647503116
p257_049,/home/vpopescu/projects/ultra-low-power-se/datasets/datasets/voicebank-demand/16k/clean_test/p257_049.wav,/home/vpopescu/projects/ultra-low-power-se/datasets/datasets/voicebank-demand/16k/noisy_test/p257_049.wav,/tmp/exp_fc_base_full_eval_j8p2wsn0/p257_049.wav,2.189565266565675,2.135384112824721,3.0067378863191663,3.0362186431884766,2.694540500640869,3.198519229888916,0.5005559036345328,1.3813985586166382,3.327204122979584,2.280168081129024,9.134802331714518,6.828131444329067,5.9533498062073065,-0.8747816381217604,0.9053054446928445,44.90815774297025
p257_050,/home/vpopescu/projects/ultra-low-power-se/datasets/datasets/voicebank-demand/16k/clean_test/p257_050.wav,/home/vpopescu/projects/ultra-low-power-se/datasets/datasets/voicebank-demand/16k/noisy_test/p257_050.wav,/tmp/exp_fc_base_full_eval_j8p2wsn0/p257_050.wav,1.5220882264041549,1.1898477504415794,1.6033679841682376,2.8705453872680664,2.7321712970733643,3.120652675628662,1.4001090258607176,1.0439057350158691,-1.3215582528241643,5.121672805471372,5.307656503402888,0.30107734193010083,5.471099594486785,5.170022252556684,0.6614646044160969,75.37722071507258
p257_051,/home/vpopescu/projects/ultra-low-power-se/datasets/datasets/voicebank-demand/16k/clean_test/p257_051.wav,/home/vpopescu/projects/ultra-low-power-se/datasets/datasets/voicebank-demand/16k/noisy_test/p257_051.wav,/tmp/exp_fc_base_full_eval_j8p2wsn0/p257_051.wav,2.516474410353527,2.692885967841867,3.606198457766683,3.78253173828125,2.006183385848999,3.0195059776306152,0.29627158956350685,1.8282935619354248,3.646815609651235,-7.280540725732697,9.622356176538498,16.90014035531425,5.468791002243481,-11.431349353070768,0.9282053725084716,31.59989937994772
p257_052,/home/vpopescu/projects/ultra-low-power-se/datasets/datasets/voicebank-demand/16k/clean_test/p257_052.wav,/home/vpopescu/projects/ultra-low-power-se/datasets/datasets/voicebank-demand/16k/noisy_test/p257_052.wav,/tmp/exp_fc_base_full_eval_j8p2wsn0/p257_052.wav,2.3941774979557815,2.608109015242858,3.443602548138659,3.483315944671631,3.1606714725494385,3.1133241653442383,0.4026408099159259,1.8610814809799194,2.35698463994291,0.4365948314100372,11.133639106234972,10.721717850195125,6.674481796201648,-4.047236053993477,0.8920374254010889,39.70135460986046
p257_053,/home/vpopescu/projects/ultra-low-power-se/datasets/datasets/voicebank-demand/16k/clean_test/p257_053.wav,/home/vpopescu/projects/ultra-low-power-se/datasets/datasets/voicebank-demand/16k/noisy_test/p257_053.wav,/tmp/exp_fc_base_full_eval_j8p2wsn0/p257_053.wav,1.8768506650720909,1.8818040489204708,2.7628595155494917,3.2520911693573,2.8433337211608887,3.201390504837036,0.5743962870286268,1.1278642416000366,0.47249720946309726,0.21448584669201143,6.130027104256276,5.931468229285905,4.815019257177184,-1.1164489721087207,0.8645744790071044,46.57653808698593
p257_054,/home/vpopescu/projects/ultra-low-power-se/datasets/datasets/voicebank-demand/16k/clean_test/p257_054.wav,/home/vpopescu/projects/ultra-low-power-se/datasets/datasets/voicebank-demand/16k/noisy_test/p257_054.wav,/tmp/exp_fc_base_full_eval_j8p2wsn0/p257_054.wav,1.6615530308539739,1.5071086888817327,2.085916399905547,1.6861560344696045,2.456268548965454,1.8841127157211304,1.136009157634345,1.0977578163146973,-1.7178657270101172,4.529616422391192,5.500088201572259,1.0810915710151447,5.580902266619647,4.499810695604502,0.8104129553767642,55.564237791830536
p257_055,/home/vpopescu/projects/ultra-low-power-se/datasets/datasets/voicebank-demand/16k/clean_test/p257_055.wav,/home/vpopescu/projects/ultra-low-power-se/datasets/datasets/voicebank-demand/16k/noisy_test/p257_055.wav,/tmp/exp_fc_base_full_eval_j8p2wsn0/p257_055.wav,2.774831879423865,3.148646359182524,4.0475590694894,3.9251623153686523,2.4207518100738525,2.8799266815185547,0.20845236754119412,2.2384159564971924,3.355871838648133,-5.924639295057819,10.137852832608754,16.05998137871858,5.632873774579453,-10.427107604139126,0.9477545290568073,20.078696230946452
p257_056,/home/vpopescu/projects/ultra-low-power-se/datasets/datasets/voicebank-demand/16k/clean_test/p257_056.wav,/home/vpopescu/projects/ultra-low-power-se/datasets/datasets/voicebank-demand/16k/noisy_test/p257_056.wav,/tmp/exp_fc_base_full_eval_j8p2wsn0/p257_056.wav,2.5111908107896768,2.821853804111459,3.7075045467802834,3.662999391555786,2.858774185180664,2.8067517280578613,0.32681620125118777,1.951410174369812,1.9066387088339476,0.5714275758533205,10.66943242067071,10.121442691259418,5.336292896573917,-4.785149794685501,0.9399481563028759,25.10021303080452
p257_057,/home/vpopescu/projects/ultra-low-power-se/datasets/datasets/voicebank-demand/16k/clean_test/p257_057.wav,/home/vpopescu/projects/ultra-low-power-se/datasets/datasets/voicebank-demand/16k/noisy_test/p257_057.wav,/tmp/exp_fc_base_full_eval_j8p2wsn0/p257_057.wav,2.4393615312122336,2.750535475267168,3.672106127699564,3.9278101921081543,2.1081128120422363,2.958162784576416,0.3020124725433014,1.8423789739608765,1.5341840394936923,3.465968592489445,9.903173360781148,6.446841549605798,5.924918523510639,-0.5219230260951591,0.9264416093541543,24.56417326130971
p257_058,/home/vpopescu/projects/ultra-low-power-se/datasets/datasets/voicebank-demand/16k/clean_test/p257_058.wav,/home/vpopescu/projects/ultra-low-power-se/datasets/datasets/voicebank-demand/16k/noisy_test/p257_058.wav,/tmp/exp_fc_base_full_eval_j8p2wsn0/p257_058.wav,2.067378910758481,2.3180301976523303,3.1443090196355605,3.7141406536102295,3.6885435581207275,3.5875909328460693,0.5445686232975732,1.5687675476074219,-0.896562443723482,6.189585254768499,6.613248376871948,0.4199720875258962,5.4423160248541365,5.02234393732824,0.9217467584781885,37.14407757761248
p257_059,/home/vpopescu/projects/ultra-low-power-se/datasets/datasets/voicebank-demand/16k/clean_test/p257_059.wav,/home/vpopescu/projects/ultra-low-power-se/datasets/datasets/voicebank-demand/16k/noisy_test/p257_059.wav,/tmp/exp_fc_base_full_eval_j8p2wsn0/p257_059.wav,2.4754655443419216,2.6307543517638883,3.5385361705344325,3.413398265838623,2.2022864818573,3.0386338233947754,0.32423433936541635,1.776007890701294,3.483457001305764,-5.576696171484308,11.106686284604306,16.692862716194593,5.256197257068895,-11.436665459125699,0.9352736164619441,32.41771692793717
p257_060,/home/vpopescu/projects/ultra-low-power-se/datasets/datasets/voicebank-demand/16k/clean_test/p257_060.wav,/home/vpopescu/projects/ultra-low-power-se/datasets/datasets/voicebank-demand/16k/noisy_test/p257_060.wav,/tmp/exp_fc_base_full_eval_j8p2wsn0/p257_060.wav,2.3241789286695282,2.473805329966837,3.374049785720981,3.7214646339416504,3.338075876235962,3.5557548999786377,0.3743327904455409,1.6466619968414307,2.494820364471787,-0.6775962796049786,9.721775306982666,10.386915605924647,5.751715561913001,-4.635200044011646,0.9162208382833384,36.29988411177111
p257_061,/home/vpopescu/projects/ultra-low-power-se/datasets/datasets/voicebank-demand/16k/clean_test/p257_061.wav,/home/vpopescu/projects/ultra-low-power-se/datasets/datasets/voicebank-demand/16k/noisy_test/p257_061.wav,/tmp/exp_fc_base_full_eval_j8p2wsn0/p257_061.wav,1.997755922169948,2.1367186218033125,2.904633074698461,2.658874034881592,2.584200859069824,3.194101333618164,0.6283602975978285,1.5120506286621094,-0.09908914969750494,2.097540227737994,7.417810116169033,5.320090210094931,4.973510763104929,-0.34657944699000254,0.855543957391171,50.39452312851394
p257_062,/home/vpopescu/projects/ultra-low-power-se/datasets/datasets/voicebank-demand/16k/clean_test/p257_062.wav,/home/vpopescu/projects/ultra-low-power-se/datasets/datasets/voicebank-demand/16k/noisy_test/p257_062.wav,/tmp/exp_fc_base_full_eval_j8p2wsn0/p257_062.wav,1.8964966004992014,1.9626380777044912,2.800399684973485,3.2568161487579346,2.9831926822662354,3.5560314655303955,0.6075494947078021,1.2530932426452637,-0.11817981191560235,5.28144665473619,6.4200774185581455,1.1572591185410832,5.861756051806993,4.70449693326591,0.8544188728007203,47.005234476364485
p257_063,/home/vpopescu/projects/ultra-low-power-se/datasets/datasets/voicebank-demand/16k/clean_test/p257_063.wav,/home/vpopescu/projects/ultra-low-power-se/datasets/datasets/voicebank-demand/16k/noisy_test/p257_063.wav,/tmp/exp_fc_base_full_eval_j8p2wsn0/p257_063.wav,2.350282383908377,2.4134704106989973,3.2461488350657253,3.8814682960510254,2.7709670066833496,3.344280481338501,0.49629136314350164,1.6585038900375366,2.9371677352727255,-6.558428334314932,9.060711814356763,15.630214629457502,4.941556123476319,-10.688658505981183,0.8940806140937386,37.360577550249566
p257_064,/home/vpopescu/projects/ultra-low-power-se/datasets/datasets/voicebank-demand/16k/clean_test/p257_064.wav,/home/vpopescu/projects/ultra-low-power-se/datasets/datasets/voicebank-demand/16k/noisy_test/p257_064.wav,/tmp/exp_fc_base_full_eval_j8p2wsn0/p257_064.wav,2.4726888628811285,2.8399929601348277,3.715970491549692,3.5947442054748535,2.108995199203491,2.8918423652648926,0.28558273920583477,2.0211825370788574,1.7048290459952329,-0.6756156637244519,9.5123800629272,10.194385075927512,4.944318787736127,-5.250066288191385,0.9215038000092365,33.54865996289499
p257_065,/home/vpopescu/projects/ultra-low-power-se/datasets/datasets/voicebank-demand/16k/clean_test/p257_065.wav,/home/vpopescu/projects/ultra-low-power-se/datasets/datasets/voicebank-demand/16k/noisy_test/p257_065.wav,/tmp/exp_fc_base_full_eval_j8p2wsn0/p257_065.wav,2.173828175960821,2.280951849207991,3.2240311461605424,3.5291407108306885,3.009337902069092,3.2747082710266113,0.40540563928865153,1.3932939767837524,1.60183761659251,3.3931135508161985,9.506657219311215,6.126914302750927,6.081867213503721,-0.04504708924720546,0.9033274977935876,32.44030211244867
p257_066,/home/vpopescu/projects/ultra-low-power-se/datasets/datasets/voicebank-demand/16k/clean_test/p257_066.wav,/home/vpopescu/projects/ultra-low-power-se/datasets/datasets/voicebank-demand/16k/noisy_test/p257_066.wav,/tmp/exp_fc_base_full_eval_j8p2wsn0/p257_066.wav,2.0449737834634956,2.261894671505279,3.230976174783119,3.661959171295166,3.718374490737915,3.586764335632324,0.3529342384813121,1.3655272722244263,0.1413365059233768,6.114056697881343,6.8523465697724895,0.6554577465954138,5.743866856851759,5.088409110256345,0.8833298203464235,35.80749321899331
p257_067,/home/vpopescu/projects/ultra-low-power-se/datasets/datasets/voicebank-demand/16k/clean_test/p257_067.wav,/home/vpopescu/projects/ultra-low-power-se/datasets/datasets/voicebank-demand/16k/noisy_test/p257_067.wav,/tmp/exp_fc_base_full_eval_j8p2wsn0/p257_067.wav,2.071337629432707,1.8467916841260508,2.677593296071476,3.245671272277832,2.739028215408325,3.2701478004455566,0.6891275698481039,1.1225813627243042,3.155503732623411,-4.258043851618432,11.208749759160712,15.48016455223167,6.414046687398798,-9.066117864832872,0.8997677608148825,42.57899958639784
p257_068,/home/vpopescu/projects/ultra-low-power-se/datasets/datasets/voicebank-demand/16k/clean_test/p257_068.wav,/home/vpopescu/projects/ultra-low-power-se/datasets/datasets/voicebank-demand/16k/noisy_test/p257_068.wav,/tmp/exp_fc_base_full_eval_j8p2wsn0/p257_068.wav,2.2827440438560176,2.501844750165471,3.3938421937169623,3.9147896766662598,2.2226178646087646,3.086355686187744,0.36019862397801183,1.6964259147644043,1.7652201959010418,-0.26334510483371254,9.673004727394341,9.969663962933522,5.823108714863906,-4.146555248069616,0.909627742776794,39.05091653473329
p257_069,/home/vpopescu/projects/ultra-low-power-se/datasets/datasets/voicebank-demand/16k/clean_test/p257_069.wav,/home/vpopescu/projects/ultra-low-power-se/datasets/datasets/voicebank-demand/16k/noisy_test/p257_069.wav,/tmp/exp_fc_base_full_eval_j8p2wsn0/p257_069.wav,1.8861871841934157,1.5181795368852322,2.0012173834015896,2.5351057052612305,2.6004862785339355,3.273088216781616,1.2880719324515417,1.1962789297103882,0.9475877445760518,0.06341527390871882,6.8979368639681535,6.885413216248097,5.4267906033954265,-1.458622612852671,0.7682078746224327,54.19031030234871
p257_070,/home/vpopescu/projects/ultra-low-power-se/datasets/datasets/voicebank-demand/16k/clean_test/p257_070.wav,/home/vpopescu/projects/ultra-low-power-se/datasets/datasets/voicebank-demand/16k/noisy_test/p257_070.wav,/tmp/exp_fc_base_full_eval_j8p2wsn0/p257_070.wav,1.5868483839764338,1.26522546701116,1.635598683778125,1.8835420608520508,2.328991413116455,2.7073721885681152,1.4790904247529895,1.1258593797683716,-1.7065930686349038,2.580900228570246,4.162816967868837,1.5578404607909704,4.376059940183387,2.8182194793924165,0.7115844808464735,68.2567194612641
p257_071,/home/vpopescu/projects/ultra-low-power-se/datasets/datasets/voicebank-demand/16k/clean_test/p257_071.wav,/home/vpopescu/projects/ultra-low-power-se/datasets/datasets/voicebank-demand/16k/noisy_test/p257_071.wav,/tmp/exp_fc_base_full_eval_j8p2wsn0/p257_071.wav,2.4419843371918084,2.619902004970083,3.5734883298489515,3.661393880844116,1.7939717769622803,2.6309351921081543,0.25356680006557375,1.7234437465667725,3.4257497732616846,-7.48080913748424,9.244778325334138,16.707230079054092,5.556230857808016,-11.150999221246076,0.9192898529455793,33.09200134037072
p257_072,/home/vpopescu/projects/ultra-low-power-se/datasets/datasets/voicebank-demand/16k/clean_test/p257_072.wav,/home/vpopescu/projects/ultra-low-power-se/datasets/datasets/voicebank-demand/16k/noisy_test/p257_072.wav,/tmp/exp_fc_base_full_eval_j8p2wsn0/p257_072.wav,2.1795883801111557,2.1436983060650854,2.983835417402733,3.4109113216400146,3.4061741828918457,3.568676471710205,0.5383992881830462,1.4266834259033203,2.9643669645513686,-1.839207102420744,8.871419406084952,10.713110244769311,5.756498557335316,-4.956611687433995,0.8932341267234412,46.16020231962393
p257_073,/home/vpopescu/projects/ultra-low-power-se/datasets/datasets/voicebank-demand/16k/clean_test/p257_073.wav,/home/vpopescu/projects/ultra-low-power-se/datasets/datasets/voicebank-demand/16k/noisy_test/p257_073.wav,/tmp/exp_fc_base_full_eval_j8p2wsn0/p257_073.wav,2.276301496512423,2.304976143148485,3.1244270592674046,3.5056493282318115,3.2032222747802734,3.404019594192505,0.5779756791564793,1.547271490097046,2.2438029031357942,2.1559018586164314,8.394463781812613,6.2114293492389985,5.604381352455823,-0.6070479967831757,0.9002331075637907,34.093408378788574
p257_074,/home/vpopescu/projects/ultra-low-power-se/datasets/datasets/voicebank-demand/16k/clean_test/p257_074.wav,/home/vpopescu/projects/ultra-low-power-se/datasets/datasets/voicebank-demand/16k/noisy_test/p257_074.wav,/tmp/exp_fc_base_full_eval_j8p2wsn0/p257_074.wav,1.8842433173186612,2.0355376230841657,2.8089791483237336,1.694749116897583,2.143347978591919,1.5751721858978271,0.6198047747966535,1.4396796226501465,-0.600938315155451,4.328029863044379,4.968317979359557,0.5864688917037794,5.224902060851648,4.638433169147869,0.8755197885752128,57.15206120761647
p257_075,/home/vpopescu/projects/ultra-low-power-se/datasets/datasets/voicebank-demand/16k/clean_test/p257_075.wav,/home/vpopescu/projects/ultra-low-power-se/datasets/datasets/voicebank-demand/16k/noisy_test/p257_075.wav,/tmp/exp_fc_base_full_eval_j8p2wsn0/p257_075.wav,2.611671618274717,2.9148442070186733,3.8804636903465966,3.914552927017212,2.7405855655670166,2.7724668979644775,0.18065230492211498,1.9532272815704346,3.2228373366579834,-3.3839554713140583,11.9566034816296,15.340357664998198,5.177219899533609,-10.163137765464588,0.9354103410166703,22.715682075057664
p257_076,/home/vpopescu/projects/ultra-low-power-se/datasets/datasets/voicebank-demand/16k/clean_test/p257_076.wav,/home/vpopescu/projects/ultra-low-power-se/datasets/datasets/voicebank-demand/16k/noisy_test/p257_076.wav,/tmp/exp_fc_base_full_eval_j8p2wsn0/p257_076.wav,2.540407647522352,2.708803971371757,3.597584221016138,3.8716893196105957,2.6492013931274414,2.887979745864868,0.37908127507721595,1.8245470523834229,3.0816023720704684,-0.38180198123805553,10.270701352535077,10.65584222024432,6.100674810212146,-4.555167410032174,0.9148139473697249,22.83811327962339
p257_077,/home/vpopescu/projects/ultra-low-power-se/datasets/datasets/voicebank-demand/16k/clean_test/p257_077.wav,/home/vpopescu/projects/ultra-low-power-se/datasets/datasets/voicebank-demand/16k/noisy_test/p257_077.wav,/tmp/exp_fc_base_full_eval_j8p2wsn0/p257_077.wav,2.2147297655552416,2.347100081357552,3.310566143828757,3.5900511741638184,2.5452234745025635,2.900763988494873,0.36244773657712437,1.4267148971557617,1.7236859434942324,3.5195023923397493,9.102154978383718,5.549965407846662,5.507210439849958,-0.04275496799670364,0.9201509289779082,29.97602424647844
p257_078,/home/vpopescu/projects/ultra-low-power-se/datasets/datasets/voicebank-demand/16k/clean_test/p257_078.wav,/home/vpopescu/projects/ultra-low-power-se/datasets/datasets/voicebank-demand/16k/noisy_test/p257_078.wav,/tmp/exp_fc_base_full_eval_j8p2wsn0/p257_078.wav,2.0507240131456466,2.0667602736864787,3.0152440804144733,3.8186328411102295,2.252758264541626,3.247249126434326,0.4998111418416639,1.1581097841262817,1.0597195911988955,5.399755575744249,6.8170687152451634,1.4244846941069227,5.272806671686938,3.8483219775800155,0.9359211233869607,29.08782827317805
p257_079,/home/vpopescu/projects/ultra-low-power-se/datasets/datasets/voicebank-demand/16k/clean_test/p257_079.wav,/home/vpopescu/projects/ultra-low-power-se/datasets/datasets/voicebank-demand/16k/noisy_test/p257_079.wav,/tmp/exp_fc_base_full_eval_j8p2wsn0/p257_079.wav,2.4588961216454064,2.6042747700287396,3.5366556730794647,3.8578312397003174,3.586165428161621,3.7954556941986084,0.3065171618210195,1.7167563438415527,3.477204590484015,-5.452836284235865,10.909850299970909,16.371575609112544,5.71825485810725,-10.653320751005293,0.930133309158452,30.682471415906956
p257_080,/home/vpopescu/projects/ultra-low-power-se/datasets/datasets/voicebank-demand/16k/clean_test/p257_080.wav,/home/vpopescu/projects/ultra-low-power-se/datasets/datasets/voicebank-demand/16k/noisy_test/p257_080.wav,/tmp/exp_fc_base_full_eval_j8p2wsn0/p257_080.wav,2.2416951325100523,2.254412111036163,3.218140514126877,3.6700446605682373,1.9227957725524902,2.726900339126587,0.3735528822768299,1.355276346206665,3.1618938247259094,-1.549550518102226,9.983569759718794,11.547054182090319,5.597725336639248,-5.949328845451071,0.9330046899709049,34.189467419209365
p257_081,/home/vpopescu/projects/ultra-low-power-se/datasets/datasets/voicebank-demand/16k/clean_test/p257_081.wav,/home/vpopescu/projects/ultra-low-power-se/datasets/datasets/voicebank-demand/16k/noisy_test/p257_081.wav,/tmp/exp_fc_base_full_eval_j8p2wsn0/p257_081.wav,1.8337354342481804,1.719826340209987,2.44854132630696,3.206444263458252,3.147088050842285,3.1031336784362793,0.839119183238151,1.1462081670761108,0.3030181405420404,3.360218865231742,8.396800060714085,5.0450514327102125,5.878488435898599,0.8334370031883864,0.7819977173933179,52.46317320976414
p257_082,/home/vpopescu/projects/ultra-low-power-se/datasets/datasets/voicebank-demand/16k/clean_test/p257_082.wav,/home/vpopescu/projects/ultra-low-power-se/datasets/datasets/voicebank-demand/16k/noisy_test/p257_082.wav,/tmp/exp_fc_base_full_eval_j8p2wsn0/p257_082.wav,1.9582696107909918,2.033463398659118,2.89980823512235,3.3326306343078613,2.82037091255188,3.3285491466522217,0.5644982467496547,1.270714282989502,0.17947111640664523,4.990828615747745,5.951518303580102,0.9299811988731137,5.012894319574764,4.082913120701651,0.8748131092638285,42.062642401658344
p257_083,/home/vpopescu/projects/ultra-low-power-se/datasets/datasets/voicebank-demand/16k/clean_test/p257_083.wav,/home/vpopescu/projects/ultra-low-power-se/datasets/datasets/voicebank-demand/16k/noisy_test/p257_083.wav,/tmp/exp_fc_base_full_eval_j8p2wsn0/p257_083.wav,2.7490941646276235,3.1151877320963357,4.076979681450971,3.5368127822875977,1.5543277263641357,2.1346323490142822,0.1402780290783311,2.1292362213134766,3.465782952582375,-5.96112407406568,10.094139275800021,16.04323873768566,5.557987674839885,-10.485251062845773,0.9297625356311451,17.289296453272527
p257_084,/home/vpopescu/projects/ultra-low-power-se/datasets/datasets/voicebank-demand/16k/clean_test/p257_084.wav,/home/vpopescu/projects/ultra-low-power-se/datasets/datasets/voicebank-demand/16k/noisy_test/p257_084.wav,/tmp/exp_fc_base_full_eval_j8p2wsn0/p257_084.wav,2.6210586048751177,2.8699412108684745,3.789635742379217,4.065932273864746,2.883854389190674,3.390997886657715,0.2586103328129259,1.9629387855529785,3.5014267695595196,-1.3180205980805582,10.036796526664878,11.291936076784019,5.434467810815828,-5.8574682659681905,0.9390411735469857,24.54514587163651
p257_085,/home/vpopescu/projects/ultra-low-power-se/datasets/datasets/voicebank-demand/16k/clean_test/p257_085.wav,/home/vpopescu/projects/ultra-low-power-se/datasets/datasets/voicebank-demand/16k/noisy_test/p257_085.wav,/tmp/exp_fc_base_full_eval_j8p2wsn0/p257_085.wav,2.314635786298889,2.3434117616892616,3.263312338183429,3.782864809036255,3.7805492877960205,3.6802053451538086,0.44927859979402446,1.4506089687347412,2.7863891157356724,2.5815142879920163,9.285767111548928,6.7619271433372665,5.356696303499071,-1.4052308398381959,0.9154323893750357,26.89968786395209
p257_086,/home/vpopescu/projects/ultra-low-power-se/datasets/datasets/voicebank-demand/16k/clean_test/p257_086.wav,/home/vpopescu/projects/ultra-low-power-se/datasets/datasets/voicebank-demand/16k/noisy_test/p257_086.wav,/tmp/exp_fc_base_full_eval_j8p2wsn0/p257_086.wav,2.072893633750941,2.2722020212738196,3.3291617838003478,3.6194510459899902,2.7475104331970215,3.2549331188201904,0.24635466928842695,1.260382056236267,0.7413167331858209,5.3126368174210725,6.663059267854125,1.4113717611278593,5.146539959638874,3.7351681985110146,0.8828632205542793,30.038849045814448
p257_087,/home/vpopescu/projects/ultra-low-power-se/datasets/datasets/voicebank-demand/16k/clean_test/p257_087.wav,/home/vpopescu/projects/ultra-low-power-se/datasets/datasets/voicebank-demand/16k/noisy_test/p257_087.wav,/tmp/exp_fc_base_full_eval_j8p2wsn0/p257_087.wav,2.272581375894008,2.167707599221489,2.8576732841416828,2.991046667098999,1.4576044082641602,2.519867181777954,0.774086779447934,1.5879299640655518,2.9808641880097264,-5.555374007357374,10.517259304674713,16.054699412262078,5.202454170465201,-10.852245241796876,0.8576980755392701,44.0347986819912
p257_088,/home/vpopescu/projects/ultra-low-power-se/datasets/datasets/voicebank-demand/16k/clean_test/p257_088.wav,/home/vpopescu/projects/ultra-low-power-se/datasets/datasets/voicebank-demand/16k/noisy_test/p257_088.wav,/tmp/exp_fc_base_full_eval_j8p2wsn0/p257_088.wav,2.2621267421130877,2.238649387485477,3.1323611363582655,3.5308237075805664,2.479891061782837,3.4507980346679688,0.4932151422378261,1.4042404890060425,3.0180609794733346,-2.887982063207648,8.755207058975769,11.638959825648062,5.194757522409016,-6.444202303239046,0.9070336411606027,33.319721905517255
p257_089,/home/vpopescu/projects/ultra-low-power-se/datasets/datasets/voicebank-demand/16k/clean_test/p257_089.wav,/home/vpopescu/projects/ultra-low-power-se/datasets/datasets/voicebank-demand/16k/noisy_test/p257_089.wav,/tmp/exp_fc_base_full_eval_j8p2wsn0/p257_089.wav,2.139083672424574,2.1181369697627233,2.965103955719802,2.984119415283203,3.1603944301605225,3.423064708709717,0.565683942784997,1.370553970336914,2.214090035811161,1.7510620449198022,8.210045358732973,6.449294381814154,5.855849178952598,-0.593445202861556,0.8927433477962551,41.36125680751061
p257_090,/home/vpopescu/projects/ultra-low-power-se/datasets/datasets/voicebank-demand/16k/clean_test/p257_090.wav,/home/vpopescu/projects/ultra-low-power-se/datasets/datasets/voicebank-demand/16k/noisy_test/p257_090.wav,/tmp/exp_fc_base_full_eval_j8p2wsn0/p257_090.wav,1.5182533452159441,1.0,1.0,1.9721488952636719,2.068333387374878,2.8812177181243896,2.1278959390153336,1.0844342708587646,-2.6461924354612556,3.0323340052247802,3.2181374355110446,0.2532696262433188,4.212102313072965,3.9588326868296457,0.6555979264171126,66.77087326006944
p257_091,/home/vpopescu/projects/ultra-low-power-se/datasets/datasets/voicebank-demand/16k/clean_test/p257_091.wav,/home/vpopescu/projects/ultra-low-power-se/datasets/datasets/voicebank-demand/16k/noisy_test/p257_091.wav,/tmp/exp_fc_base_full_eval_j8p2wsn0/p257_091.wav,2.342310781741559,2.148899884204651,2.8791857667945258,3.810556411743164,2.6276347637176514,3.0227530002593994,0.8105965684518185,1.45082688331604,3.3778705608559005,-5.427462939833447,10.390091145062264,15.793267360578177,6.1659084470910654,-9.627358913487111,0.8834774034390965,28.28433054534718
p257_092,/home/vpopescu/projects/ultra-low-power-se/datasets/datasets/voicebank-demand/16k/clean_test/p257_092.wav,/home/vpopescu/projects/ultra-low-power-se/datasets/datasets/voicebank-demand/16k/noisy_test/p257_092.wav,/tmp/exp_fc_base_full_eval_j8p2wsn0/p257_092.wav,2.0579527902282844,2.074479199397424,2.8666373182350164,3.4667770862579346,2.8589253425598145,3.2246193885803223,0.5977939049483639,1.4409974813461304,1.7239569507536925,-0.1383659421056418,9.49592662006528,9.689875013599895,5.60373000301359,-4.086145010586305,0.7762414532821746,53.35047053609263
p257_093,/home/vpopescu/projects/ultra-low-power-se/datasets/datasets/voicebank-demand/16k/clean_test/p257_093.wav,/home/vpopescu/projects/ultra-low-power-se/datasets/datasets/voicebank-demand/16k/noisy_test/p257_093.wav,/tmp/exp_fc_base_full_eval_j8p2wsn0/p257_093.wav,1.7854410033938264,1.9356499128871594,2.6236695552201095,2.1453816890716553,2.592026472091675,2.1633830070495605,0.737270992756338,1.470550298690796,-1.3781223827410667,4.092270762012647,8.67233300148189,4.622517846222111,6.68071445002095,2.058196603798839,0.8611164188720953,66.38004703824096
p257_094,/home/vpopescu/projects/ultra-low-power-se/datasets/datasets/voicebank-demand/16k/clean_test/p257_094.wav,/home/vpopescu/projects/ultra-low-power-se/datasets/datasets/voicebank-demand/16k/noisy_test/p257_094.wav,/tmp/exp_fc_base_full_eval_j8p2wsn0/p257_094.wav,1.5628353429593127,1.6480690645588112,2.390012606418733,2.8001694679260254,3.215369939804077,3.5281336307525635,0.7895714840429514,1.1106466054916382,-2.639887006884505,5.3293322153893925,4.6547758269812896,-0.6116947510201645,4.923525991743824,5.535220742763988,0.7200704744490645,62.24869329028091
p257_095,/home/vpopescu/projects/ultra-low-power-se/datasets/datasets/voicebank-demand/16k/clean_test/p257_095.wav,/home/vpopescu/projects/ultra-low-power-se/datasets/datasets/voicebank-demand/16k/noisy_test/p257_095.wav,/tmp/exp_fc_base_full_eval_j8p2wsn0/p257_095.wav,2.751370771194911,2.9669950932929976,3.925393455873094,4.238623142242432,3.0317676067352295,3.547657012939453,0.1995767184733739,1.988194465637207,4.640190290585924,-5.508760975589791,11.038876869723593,16.54909012602453,5.614793095985952,-10.934297030038579,0.9412997899797797,17.90259595522668
p257_096,/home/vpopescu/projects/ultra-low-power-se/datasets/datasets/voicebank-demand/16k/clean_test/p257_096.wav,/home/vpopescu/projects/ultra-low-power-se/datasets/datasets/voicebank-demand/16k/noisy_test/p257_096.wav,/tmp/exp_fc_base_full_eval_j8p2wsn0/p257_096.wav,2.4659459653431246,2.740583750776151,3.7258136159894297,4.0943379402160645,3.1364448070526123,3.3035013675689697,0.20630236796066964,1.7705700397491455,2.5192350026838297,-1.0226067669490995,9.194675659163043,10.227755228172146,5.050877038445158,-5.176878189726988,0.8949838349183583,24.728331260864024
p257_097,/home/vpopescu/projects/ultra-low-power-se/datasets/datasets/voicebank-demand/16k/clean_test/p257_097.wav,/home/vpopescu/projects/ultra-low-power-se/datasets/datasets/voicebank-demand/16k/noisy_test/p257_097.wav,/tmp/exp_fc_base_full_eval_j8p2wsn0/p257_097.wav,2.458540892780204,2.7137562056928872,3.632795654917783,4.184651851654053,2.8900465965270996,3.4921388626098633,0.31237426041477817,1.8150215148925781,2.196207954362285,3.1331343444161766,9.132482751301282,5.997909218035726,5.330329243441917,-0.6675799745938091,0.9349224250298052,25.914356066181686
p257_098,/home/vpopescu/projects/ultra-low-power-se/datasets/datasets/voicebank-demand/16k/clean_test/p257_098.wav,/home/vpopescu/projects/ultra-low-power-se/datasets/datasets/voicebank-demand/16k/noisy_test/p257_098.wav,/tmp/exp_fc_base_full_eval_j8p2wsn0/p257_098.wav,1.8361757689372529,1.970316758268762,2.882148994995543,3.6203389167785645,2.2354984283447266,2.983102321624756,0.5576884650194401,1.1294994354248047,-1.4338280640881111,6.697196225963825,5.9718289742451836,-0.7459430426239043,5.282220488623982,6.028163531247886,0.7509784873052735,35.341970451178945
p257_099,/home/vpopescu/projects/ultra-low-power-se/datasets/datasets/voicebank-demand/16k/clean_test/p257_099.wav,/home/vpopescu/projects/ultra-low-power-se/datasets/datasets/voicebank-demand/16k/noisy_test/p257_099.wav,/tmp/exp_fc_base_full_eval_j8p2wsn0/p257_099.wav,2.5833464024753727,2.805576328315874,3.69968018192463,3.954014778137207,2.5370256900787354,3.406745195388794,0.31435399405297626,1.9317715167999268,3.3096843682214505,-5.582237722061029,10.218119922440142,15.800267952610579,5.691285311868546,-10.108982640742033,0.9315177554216723,26.078642536134826
p257_100,/home/vpopescu/projects/ultra-low-power-se/datasets/datasets/voicebank-demand/16k/clean_test/p257_100.wav,/home/vpopescu/projects/ultra-low-power-se/datasets/datasets/voicebank-demand/16k/noisy_test/p257_100.wav,/tmp/exp_fc_base_full_eval_j8p2wsn0/p257_100.wav,2.175763662590826,2.150706457651492,3.0956638127199945,3.486297369003296,3.1998684406280518,3.0407679080963135,0.41319519154637485,1.2961210012435913,3.1322672107023073,1.4978218034796793,11.598941007139105,10.119147754160522,6.201190063965231,-3.9179576901952915,0.8396765218657927,39.302144325407944
p257_101,/home/vpopescu/projects/ultra-low-power-se/datasets/datasets/voicebank-demand/16k/clean_test/p257_101.wav,/home/vpopescu/projects/ultra-low-power-se/datasets/datasets/voicebank-demand/16k/noisy_test/p257_101.wav,/tmp/exp_fc_base_full_eval_j8p2wsn0/p257_101.wav,2.0886549688520493,2.092002726587036,3.0131057316712693,3.5716187953948975,2.8062901496887207,3.098778486251831,0.4569202009480418,1.2749922275543213,2.21637393317268,2.3460376322846637,8.78144529907463,6.41262384819027,5.429832708992409,-0.982791139197861,0.8951300317907382,42.060410529827905
p257_102,/home/vpopescu/projects/ultra-low-power-se/datasets/datasets/voicebank-demand/16k/clean_test/p257_102.wav,/home/vpopescu/projects/ultra-low-power-se/datasets/datasets/voicebank-demand/16k/noisy_test/p257_102.wav,/tmp/exp_fc_base_full_eval_j8p2wsn0/p257_102.wav,1.817690452336017,1.7513084515478836,2.5167282404712092,3.1283531188964844,3.384922504425049,3.6329801082611084,0.7705479225533893,1.1409082412719727,0.0783882434402074,5.563427859765588,6.78057786863811,1.257331057753652,5.802747983697312,4.54541692594366,0.8603361956831836,52.371735189816995
p257_103,/home/vpopescu/projects/ultra-low-power-se/datasets/datasets/voicebank-demand/16k/clean_test/p257_103.wav,/home/vpopescu/projects/ultra-low-power-se/datasets/datasets/voicebank-demand/16k/noisy_test/p257_103.wav,/tmp/exp_fc_base_full_eval_j8p2wsn0/p257_103.wav,2.5153255248347266,2.676201503115158,3.5301737805290423,4.052319049835205,2.713200569152832,3.1298060417175293,0.3822789434128594,1.880814552307129,3.4670406555018385,-4.75574964549063,11.117788886994685,15.863824507024235,5.450116235708409,-10.413708271315826,0.9447205970944731,33.73248463781384
p257_104,/home/vpopescu/projects/ultra-low-power-se/datasets/datasets/voicebank-demand/16k/clean_test/p257_104.wav,/home/vpopescu/projects/ultra-low-power-se/datasets/datasets/voicebank-demand/16k/noisy_test/p257_104.wav,/tmp/exp_fc_base_full_eval_j8p2wsn0/p257_104.wav,2.6280701878578774,2.9463821759379063,3.8803509427823646,4.204145431518555,3.0707058906555176,3.378999948501587,0.2082316188752218,2.023684501647949,3.124099287218062,-0.6473790846742506,10.296163844974648,10.967301678097288,5.4350599846040994,-5.532241693493188,0.9030931615438818,24.295608432082854
p257_105,/home/vpopescu/projects/ultra-low-power-se/datasets/datasets/voicebank-demand/16k/clean_test/p257_105.wav,/home/vpopescu/projects/ultra-low-power-se/datasets/datasets/voicebank-demand/16k/noisy_test/p257_105.wav,/tmp/exp_fc_base_full_eval_j8p2wsn0/p257_105.wav,2.263275362633335,2.318321072730353,3.1851674672860932,3.8114748001098633,2.254495143890381,2.723113536834717,0.4853447648398786,1.5258755683898926,2.466969542356504,3.387198549807657,9.223716411418335,5.894684292710415,6.149061992079897,0.2543776993694822,0.8545840996447726,36.501748603641886
p257_106,/home/vpopescu/projects/ultra-low-power-se/datasets/datasets/voicebank-demand/16k/clean_test/p257_106.wav,/home/vpopescu/projects/ultra-low-power-se/datasets/datasets/voicebank-demand/16k/noisy_test/p257_106.wav,/tmp/exp_fc_base_full_eval_j8p2wsn0/p257_106.wav,2.2701937541948443,2.4279199734456767,3.347477633670424,3.6071994304656982,2.706491470336914,3.30130934715271,0.3683404559599492,1.5767502784729004,2.052076323147813,6.2120121797572025,7.731123532677211,1.448505064641607,6.188641713056404,4.740136648414797,0.9055858888365842,35.253383896216334
p257_107,/home/vpopescu/projects/ultra-low-power-se/datasets/datasets/voicebank-demand/16k/clean_test/p257_107.wav,/home/vpopescu/projects/ultra-low-power-se/datasets/datasets/voicebank-demand/16k/noisy_test/p257_107.wav,/tmp/exp_fc_base_full_eval_j8p2wsn0/p257_107.wav,2.3325037459097686,2.230200028179053,3.0389429549164526,3.4962055683135986,3.2727527618408203,3.4988536834716797,0.5899823989829884,1.5123000144958496,4.043727526850298,-4.429563029848881,11.386391508724385,15.811793913464951,6.359246456033683,-9.452547457431269,0.9023328031895245,39.87578503011658
p257_108,/home/vpopescu/projects/ultra-low-power-se/datasets/datasets/voicebank-demand/16k/clean_test/p257_108.wav,/home/vpopescu/projects/ultra-low-power-se/datasets/datasets/voicebank-demand/16k/noisy_test/p257_108.wav,/tmp/exp_fc_base_full_eval_j8p2wsn0/p257_108.wav,2.0003995335043356,1.8579591765655397,2.7084613491482257,3.505187511444092,1.649998426437378,2.6250112056732178,0.637744572158526,1.1284576654434204,2.300330041168721,-2.8383936145600623,7.855275571131646,10.706650299504524,5.109482701156102,-5.597167598348422,0.9020105307959138,45.417717595892654
p257_109,/home/vpopescu/projects/ultra-low-power-se/datasets/datasets/voicebank-demand/16k/clean_test/p257_109.wav,/home/vpopescu/projects/ultra-low-power-se/datasets/datasets/voicebank-demand/16k/noisy_test/p257_109.wav,/tmp/exp_fc_base_full_eval_j8p2wsn0/p257_109.wav,2.1144781633670395,1.9829347534030242,2.77656906044312,2.757150173187256,1.548468828201294,2.6511402130126953,0.7086296867989951,1.2819230556488037,2.3478388812712594,1.2453179232396216,7.736843446996586,6.411222092464312,5.528788699295597,-0.8824333931687152,0.8944978531544112,40.02784382188253
p257_110,/home/vpopescu/projects/ultra-low-power-se/datasets/datasets/voicebank-demand/16k/clean_test/p257_110.wav,/home/vpopescu/projects/ultra-low-power-se/datasets/datasets/voicebank-demand/16k/noisy_test/p257_110.wav,/tmp/exp_fc_base_full_eval_j8p2wsn0/p257_110.wav,1.8927761950339,1.559139029724459,2.1515627469119702,3.1224098205566406,2.3437466621398926,3.1286778450012207,1.0711369680759033,1.1563199758529663,1.9576455517221985,4.938326827546555,7.194567668440973,2.036787507127085,5.984174556848907,3.9473870497218218,0.7762847615168651,59.61091759747378
p257_111,/home/vpopescu/projects/ultra-low-power-se/datasets/datasets/voicebank-demand/16k/clean_test/p257_111.wav,/home/vpopescu/projects/ultra-low-power-se/datasets/datasets/voicebank-demand/16k/noisy_test/p257_111.wav,/tmp/exp_fc_base_full_eval_j8p2wsn0/p257_111.wav,2.343238357376933,2.094538299247858,2.677855281386766,3.3842568397521973,3.2823846340179443,3.5198700428009033,1.01420469129751,1.5803560018539429,3.27307410779348,-6.032013615970225,10.662462549615688,16.687954310550573,6.026668361305799,-10.661285949244775,0.9139145720726171,36.053640042891516
p257_112,/home/vpopescu/projects/ultra-low-power-se/datasets/datasets/voicebank-demand/16k/clean_test/p257_112.wav,/home/vpopescu/projects/ultra-low-power-se/datasets/datasets/voicebank-demand/16k/noisy_test/p257_112.wav,/tmp/exp_fc_base_full_eval_j8p2wsn0/p257_112.wav,2.3280960678272953,2.184498511891076,2.9264100799794783,3.8320395946502686,3.0153141021728516,3.4774887561798096,0.7472618677327951,1.5018093585968018,3.366526030447344,-0.656480791550285,10.35464789310012,11.005293819617407,6.324639385702435,-4.680654433914972,0.9061237925893123,33.69427792859408
p257_113,/home/vpopescu/projects/ultra-low-power-se/datasets/datasets/voicebank-demand/16k/clean_test/p257_113.wav,/home/vpopescu/projects/ultra-low-power-se/datasets/datasets/voicebank-demand/16k/noisy_test/p257_113.wav,/tmp/exp_fc_base_full_eval_j8p2wsn0/p257_113.wav,2.1771084877089253,2.1468185135945133,2.909511077192301,2.9128499031066895,2.7461233139038086,2.8427529335021973,0.679114695073814,1.4872640371322632,2.0463268314106293,2.0485810556022734,7.8702552161192685,5.739294111984616,5.705222610191596,-0.03407150179302043,0.859737318518343,42.38890177416659
p257_114,/home/vpopescu/projects/ultra-low-power-se/datasets/datasets/voicebank-demand/16k/clean_test/p257_114.wav,/home/vpopescu/projects/ultra-low-power-se/datasets/datasets/voicebank-demand/16k/noisy_test/p257_114.wav,/tmp/exp_fc_base_full_eval_j8p2wsn0/p257_114.wav,1.58075135961285,1.2092826730461603,1.5695168188704924,2.152646780014038,2.4755008220672607,2.176823616027832,1.5497921491637012,1.0516586303710938,-1.8751193916472588,4.158739028484579,4.992825395108707,0.9208355731994913,5.406411289099595,4.485575715900104,0.7858867735977764,62.544134861536484
p257_115,/home/vpopescu/projects/ultra-low-power-se/datasets/datasets/voicebank-demand/16k/clean_test/p257_115.wav,/home/vpopescu/projects/ultra-low-power-se/datasets/datasets/voicebank-demand/16k/noisy_test/p257_115.wav,/tmp/exp_fc_base_full_eval_j8p2wsn0/p257_115.wav,2.7262943569996536,3.052721295118503,3.9603673069587106,4.0579304695129395,2.831052780151367,3.0235466957092285,0.2377787734900287,2.129591464996338,3.3048688715564847,-5.5075551071992646,10.62623620549196,16.136903157864847,5.3054862982270725,-10.831416859637773,0.952356423075252,19.12244316809343
p257_116,/home/vpopescu/projects/ultra-low-power-se/datasets/datasets/voicebank-demand/16k/clean_test/p257_116.wav,/home/vpopescu/projects/ultra-low-power-se/datasets/datasets/voicebank-demand/16k/noisy_test/p257_116.wav,/tmp/exp_fc_base_full_eval_j8p2wsn0/p257_116.wav,2.4442855356600104,2.5217959112724797,3.5673114182441723,4.138709545135498,2.9173476696014404,3.1591274738311768,0.23643609682662134,1.4604601860046387,3.7937273592986944,-2.3345695787417906,9.41195804606809,11.735696221595347,4.891490513289993,-6.8442057083053545,0.9427554759218894,18.117036698003503
p257_117,/home/vpopescu/projects/ultra-low-power-se/datasets/datasets/voicebank-demand/16k/clean_test/p257_117.wav,/home/vpopescu/projects/ultra-low-power-se/datasets/datasets/voicebank-demand/16k/noisy_test/p257_117.wav,/tmp/exp_fc_base_full_eval_j8p2wsn0/p257_117.wav,2.3599952203669385,2.504020057823906,3.464091347961998,3.6465837955474854,2.7206432819366455,3.231478214263916,0.34403783853734454,1.554154396057129,2.3497821701999,3.0192075165084225,9.482577783550282,6.441988815302691,5.521280467139585,-0.9207083481631066,0.9261624164362556,23.560979667280343
p257_118,/home/vpopescu/projects/ultra-low-power-se/datasets/datasets/voicebank-demand/16k/clean_test/p257_118.wav,/home/vpopescu/projects/ultra-low-power-se/datasets/datasets/voicebank-demand/16k/noisy_test/p257_118.wav,/tmp/exp_fc_base_full_eval_j8p2wsn0/p257_118.wav,2.3492697518846968,2.558891396463313,3.437572705058839,3.8217904567718506,2.832141399383545,3.076174020767212,0.4104542061479703,1.721853494644165,1.6392364225756426,6.024878575700132,7.700376198383787,1.663079522883225,6.2238707957242125,4.560791272840987,0.9332694880084351,30.149730453925628
p257_119,/home/vpopescu/projects/ultra-low-power-se/datasets/datasets/voicebank-demand/16k/clean_test/p257_119.wav,/home/vpopescu/projects/ultra-low-power-se/datasets/datasets/voicebank-demand/16k/noisy_test/p257_119.wav,/tmp/exp_fc_base_full_eval_j8p2wsn0/p257_119.wav,2.533131530531598,2.7340453325662897,3.6465317880268313,3.8228368759155273,1.8515560626983643,3.025223970413208,0.31196487611800483,1.8439605236053467,3.2116709938387,-5.765316875216655,10.473376976811215,16.255075965516717,5.449292502186566,-10.805783463330151,0.893178445949384,26.37383890908508
p257_120,/home/vpopescu/projects/ultra-low-power-se/datasets/datasets/voicebank-demand/16k/clean_test/p257_120.wav,/home/vpopescu/projects/ultra-low-power-se/datasets/datasets/voicebank-demand/16k/noisy_test/p257_120.wav,/tmp/exp_fc_base_full_eval_j8p2wsn0/p257_120.wav,1.9751741488870218,1.9145758482015285,2.7741408409749977,2.7801074981689453,2.983689308166504,2.9548757076263428,0.553637579243719,1.2170989513397217,2.1448764635047404,-0.12367563813414506,9.89902830354332,10.055267069379934,6.271359631984314,-3.7839074373956194,0.8358546566947438,53.675195293451935
p257_121,/home/vpopescu/projects/ultra-low-power-se/datasets/datasets/voicebank-demand/16k/clean_test/p257_121.wav,/home/vpopescu/projects/ultra-low-power-se/datasets/datasets/voicebank-demand/16k/noisy_test/p257_121.wav,/tmp/exp_fc_base_full_eval_j8p2wsn0/p257_121.wav,2.2276022837217564,2.3149708516088943,3.2014169487971857,3.4678919315338135,2.172013998031616,2.826775312423706,0.46542069310393214,1.4953876733779907,1.9575842291786107,2.160719832175431,8.721050220458405,6.593076111629756,5.581574994390647,-1.011501117239109,0.8987046593924697,34.93154722731076
p257_122,/home/vpopescu/projects/ultra-low-power-se/datasets/datasets/voicebank-demand/16k/clean_test/p257_122.wav,/home/vpopescu/projects/ultra-low-power-se/datasets/datasets/voicebank-demand/16k/noisy_test/p257_122.wav,/tmp/exp_fc_base_full_eval_j8p2wsn0/p257_122.wav,1.8827746859600898,1.819003345011851,2.5400557165295385,2.967514753341675,2.7375504970550537,3.1506447792053223,0.8493026595152694,1.2208001613616943,-0.1884121898143618,6.635453946815792,6.992666214679844,0.18432994676832998,6.395413804198181,6.211083857429851,0.8477819039373032,46.1282604589279
p257_123,/home/vpopescu/projects/ultra-low-power-se/datasets/datasets/voicebank-demand/16k/clean_test/p257_123.wav,/home/vpopescu/projects/ultra-low-power-se/datasets/datasets/voicebank-demand/16k/noisy_test/p257_123.wav,/tmp/exp_fc_base_full_eval_j8p2wsn0/p257_123.wav,2.5991068741410466,2.8738483921903435,3.8519332602580123,3.892073392868042,2.2380318641662598,3.033262252807617,0.16578468552308034,1.9100170135498047,3.570671212597969,-5.072687694209318,10.631655787444764,15.696693777789857,5.313291390943769,-10.383402386846088,0.9384162765701021,24.690506389918873
p257_124,/home/vpopescu/projects/ultra-low-power-se/datasets/datasets/voicebank-demand/16k/clean_test/p257_124.wav,/home/vpopescu/projects/ultra-low-power-se/datasets/datasets/voicebank-demand/16k/noisy_test/p257_124.wav,/tmp/exp_fc_base_full_eval_j8p2wsn0/p257_124.wav,2.4702616781623186,2.7131718315636197,3.585394011632308,3.9315264225006104,2.8053622245788574,3.039707660675049,0.34850901127536577,1.8919998407363892,2.497415567404949,-0.4881210053544702,9.779236124080454,10.25207141127873,5.339694652141073,-4.912376759137656,0.9174049351695855,32.20734663659813
p257_125,/home/vpopescu/projects/ultra-low-power-se/datasets/datasets/voicebank-demand/16k/clean_test/p257_125.wav,/home/vpopescu/projects/ultra-low-power-se/datasets/datasets/voicebank-demand/16k/noisy_test/p257_125.wav,/tmp/exp_fc_base_full_eval_j8p2wsn0/p257_125.wav,2.0474765081525255,2.057407212056968,2.9340020703994325,3.5090346336364746,2.872285842895508,3.1078948974609375,0.5669809801952599,1.2606927156448364,1.1431992420864445,5.063474831480879,9.973461432831417,5.0055585410270345,6.5113772798516205,1.505818738824586,0.8198643084210315,37.308023168164596
p257_126,/home/vpopescu/projects/ultra-low-power-se/datasets/datasets/voicebank-demand/16k/clean_test/p257_126.wav,/home/vpopescu/projects/ultra-low-power-se/datasets/datasets/voicebank-demand/16k/noisy_test/p257_126.wav,/tmp/exp_fc_base_full_eval_j8p2wsn0/p257_126.wav,1.974998086934576,2.2568450825313495,3.232467215101536,3.8518803119659424,2.1477210521698,2.95147442817688,0.3415015797798323,1.3568580150604248,-0.8413211669728264,5.320876449410731,5.573427771769501,0.21743543726817538,5.107452958645729,4.890017521377554,0.8530194714160138,36.36811582071696
p257_127,/home/vpopescu/projects/ultra-low-power-se/datasets/datasets/voicebank-demand/16k/clean_test/p257_127.wav,/home/vpopescu/projects/ultra-low-power-se/datasets/datasets/voicebank-demand/16k/noisy_test/p257_127.wav,/tmp/exp_fc_base_full_eval_j8p2wsn0/p257_127.wav,2.4476449452786553,2.5697143991628772,3.483029616317575,3.4478893280029297,2.984886884689331,3.648601770401001,0.32892557251873034,1.71880304813385,3.6757023766025028,-6.0375054580507275,10.309679622796919,16.335203142716296,5.80030163383701,-10.534901508879287,0.9122668176723695,34.216023065040325
p257_128,/home/vpopescu/projects/ultra-low-power-se/datasets/datasets/voicebank-demand/16k/clean_test/p257_128.wav,/home/vpopescu/projects/ultra-low-power-se/datasets/datasets/voicebank-demand/16k/noisy_test/p257_128.wav,/tmp/exp_fc_base_full_eval_j8p2wsn0/p257_128.wav,2.3722217275448445,2.410430619657632,3.248824570077934,3.3219988346099854,3.0349018573760986,2.915621042251587,0.5026028591533847,1.6378469467163086,3.175149136141469,-1.9261049980679026,9.385421720603887,11.344019577423163,5.547063254797246,-5.796956322625917,0.9232300056465736,34.95764408035192
p257_129,/home/vpopescu/projects/ultra-low-power-se/datasets/datasets/voicebank-demand/16k/clean_test/p257_129.wav,/home/vpopescu/projects/ultra-low-power-se/datasets/datasets/voicebank-demand/16k/noisy_test/p257_129.wav,/tmp/exp_fc_base_full_eval_j8p2wsn0/p257_129.wav,1.9519106960367565,1.7918749645393366,2.4795602257843345,2.845695972442627,3.5214712619781494,3.1258156299591064,0.8399234456288147,1.2881454229354858,1.7653727084979587,1.4891409002854266,7.860397008912818,6.357197189127089,5.600552742499325,-0.7566444466277646,0.7544371467076633,58.43447096596814
p257_130,/home/vpopescu/projects/ultra-low-power-se/datasets/datasets/voicebank-demand/16k/clean_test/p257_130.wav,/home/vpopescu/projects/ultra-low-power-se/datasets/datasets/voicebank-demand/16k/noisy_test/p257_130.wav,/tmp/exp_fc_base_full_eval_j8p2wsn0/p257_130.wav,1.7106620271809982,1.443678366281188,1.9392343328649764,2.926314353942871,2.576333999633789,3.5069057941436768,1.2628534279117283,1.139669418334961,-0.7448475300866962,3.6494483443738526,4.822939105550022,1.2131709691935235,4.816442373021843,3.6032714038283196,0.7637622002355651,60.16779434109298
p257_131,/home/vpopescu/projects/ultra-low-power-se/datasets/datasets/voicebank-demand/16k/clean_test/p257_131.wav,/home/vpopescu/projects/ultra-low-power-se/datasets/datasets/voicebank-demand/16k/noisy_test/p257_131.wav,/tmp/exp_fc_base_full_eval_j8p2wsn0/p257_131.wav,2.286435137038117,2.3721457742185184,3.1957410949471408,3.483597755432129,2.819300889968872,3.2447853088378906,0.4553471072774185,1.6873341798782349,3.0620622335514778,-3.5549412477100244,11.641721137361971,15.198846535970706,6.601132225084952,-8.597714310885753,0.9193338199994261,49.57436023677461
p257_132,/home/vpopescu/projects/ultra-low-power-se/datasets/datasets/voicebank-demand/16k/clean_test/p257_132.wav,/home/vpopescu/projects/ultra-low-power-se/datasets/datasets/voicebank-demand/16k/noisy_test/p257_132.wav,/tmp/exp_fc_base_full_eval_j8p2wsn0/p257_132.wav,2.390573974116059,2.306757943688236,3.021837314463515,3.785951852798462,2.027212381362915,2.640807628631592,0.7728008053771369,1.6228644847869873,2.8383921365091185,-1.6861693819182566,9.994041188013394,11.676557667911533,5.50807131070072,-6.168486357210813,0.9018984623077,28.281993458884973
p257_133,/home/vpopescu/projects/ultra-low-power-se/datasets/datasets/voicebank-demand/16k/clean_test/p257_133.wav,/home/vpopescu/projects/ultra-low-power-se/datasets/datasets/voicebank-demand/16k/noisy_test/p257_133.wav,/tmp/exp_fc_base_full_eval_j8p2wsn0/p257_133.wav,1.9997860619855692,2.127972839025283,2.9171462374394257,3.4094247817993164,3.2966911792755127,3.2288103103637695,0.5685041987685516,1.508420467376709,0.5395645400471795,2.204729359387838,8.006809321918173,5.80046953792166,5.731414211625917,-0.06905532629574296,0.8783014409547031,55.60449820621002
p257_135,/home/vpopescu/projects/ultra-low-power-se/datasets/datasets/voicebank-demand/16k/clean_test/p257_135.wav,/home/vpopescu/projects/ultra-low-power-se/datasets/datasets/voicebank-demand/16k/noisy_test/p257_135.wav,/tmp/exp_fc_base_full_eval_j8p2wsn0/p257_135.wav,1.8977896214758425,1.949137645404089,2.8013392236500625,3.1668946743011475,3.226999521255493,3.406473159790039,0.5999150331524838,1.217289924621582,-0.007154215096196169,3.6632579804739813,5.242401760704565,1.5799385355807165,5.239825881354676,3.6598873457739596,0.8777169390377084,45.37489242031616
p257_136,/home/vpopescu/projects/ultra-low-power-se/datasets/datasets/voicebank-demand/16k/clean_test/p257_136.wav,/home/vpopescu/projects/ultra-low-power-se/datasets/datasets/voicebank-demand/16k/noisy_test/p257_136.wav,/tmp/exp_fc_base_full_eval_j8p2wsn0/p257_136.wav,2.7283463559443644,3.0033376128430387,3.941915332236619,4.263607501983643,2.8191018104553223,3.6187479496002197,0.18585088307709566,2.069890260696411,4.23344771767587,-5.902303652780528,10.125341379586567,16.03110359778839,5.753673086685916,-10.277430511102475,0.9459659064903142,23.109770697442812
p257_137,/home/vpopescu/projects/ultra-low-power-se/datasets/datasets/voicebank-demand/16k/clean_test/p257_137.wav,/home/vpopescu/projects/ultra-low-power-se/datasets/datasets/voicebank-demand/16k/noisy_test/p257_137.wav,/tmp/exp_fc_base_full_eval_j8p2wsn0/p257_137.wav,2.4067410537755722,2.5207801736032796,3.452995575093963,3.7470247745513916,3.0929086208343506,3.2776458263397217,0.36354635631803656,1.6129794120788574,2.9725303728134063,-0.5289185798281668,10.347742397625709,10.876658237539354,5.864241342151001,-5.012416895388354,0.9171366849312111,26.504645526480882
p257_138,/home/vpopescu/projects/ultra-low-power-se/datasets/datasets/voicebank-demand/16k/clean_test/p257_138.wav,/home/vpopescu/projects/ultra-low-power-se/datasets/datasets/voicebank-demand/16k/noisy_test/p257_138.wav,/tmp/exp_fc_base_full_eval_j8p2wsn0/p257_138.wav,2.373885611701008,2.632731743974577,3.5587406096653154,3.728005886077881,2.652644395828247,3.022024393081665,0.31925285055864355,1.7393982410430908,1.6901529057380351,3.8852568572092467,9.619334594301487,5.732577984826165,6.131510760908027,0.3989327760818622,0.9019133083870012,28.289482939869377
p257_139,/home/vpopescu/projects/ultra-low-power-se/datasets/datasets/voicebank-demand/16k/clean_test/p257_139.wav,/home/vpopescu/projects/ultra-low-power-se/datasets/datasets/voicebank-demand/16k/noisy_test/p257_139.wav,/tmp/exp_fc_base_full_eval_j8p2wsn0/p257_139.wav,2.0578815172419715,2.2199132468817897,3.0187899987158904,3.6214592456817627,3.489065647125244,3.0783915519714355,0.6187913424270569,1.503612995147705,-0.43129281824081167,6.095211261706748,6.233510504582982,0.09799598092048872,4.984969522812103,4.8869735418916145,0.80355737353637,38.23914955563716
p257_140,/home/vpopescu/projects/ultra-low-power-se/datasets/datasets/voicebank-demand/16k/clean_test/p257_140.wav,/home/vpopescu/projects/ultra-low-power-se/datasets/datasets/voicebank-demand/16k/noisy_test/p257_140.wav,/tmp/exp_fc_base_full_eval_j8p2wsn0/p257_140.wav,2.19931777335467,2.1186882024451337,2.906931233825075,3.456833839416504,2.997046947479248,3.2008309364318848,0.6597588118435348,1.4261246919631958,2.6853306907557437,-5.356635804324458,10.157085480944323,15.50191362055623,5.6357599428876535,-9.866153677668578,0.8298694352226376,40.792237560192774
p257_141,/home/vpopescu/projects/ultra-low-power-se/datasets/datasets/voicebank-demand/16k/clean_test/p257_141.wav,/home/vpopescu/projects/ultra-low-power-se/datasets/datasets/voicebank-demand/16k/noisy_test/p257_141.wav,/tmp/exp_fc_base_full_eval_j8p2wsn0/p257_141.wav,2.1303613072468695,2.1481342263509693,3.0979066076704354,3.7037429809570312,2.0150094032287598,3.2022948265075684,0.41667070313797494,1.2802914381027222,2.342015573791224,-0.4914842102519845,10.445250547689543,10.959145377883424,5.614979937664333,-5.344165440219091,0.9013014637858684,37.59499733072553
p257_142,/home/vpopescu/projects/ultra-low-power-se/datasets/datasets/voicebank-demand/16k/clean_test/p257_142.wav,/home/vpopescu/projects/ultra-low-power-se/datasets/datasets/voicebank-demand/16k/noisy_test/p257_142.wav,/tmp/exp_fc_base_full_eval_j8p2wsn0/p257_142.wav,2.1431218959693994,2.119455494037132,3.0179447742023173,3.415738582611084,2.596386432647705,3.3608005046844482,0.5058788322204446,1.3034822940826416,2.395161111117842,2.3484210954345075,8.814808723503052,6.468697311454976,5.602196883729654,-0.8665004277253221,0.8853484824747984,37.833970086075304
p257_143,/home/vpopescu/projects/ultra-low-power-se/datasets/datasets/voicebank-demand/16k/clean_test/p257_143.wav,/home/vpopescu/projects/ultra-low-power-se/datasets/datasets/voicebank-demand/16k/noisy_test/p257_143.wav,/tmp/exp_fc_base_full_eval_j8p2wsn0/p257_143.wav,1.7385296804236556,1.6393595461155994,2.3924160589864227,2.647655963897705,3.3356926441192627,3.4681220054626465,0.7812660579553378,1.0862890481948853,0.22822906975636903,4.981627303699921,6.28661301630879,1.2811274627992617,5.5695224851239775,4.288395022324716,0.7733480419776414,61.29927371545008
p257_144,/home/vpopescu/projects/ultra-low-power-se/datasets/datasets/voicebank-demand/16k/clean_test/p257_144.wav,/home/vpopescu/projects/ultra-low-power-se/datasets/datasets/voicebank-demand/16k/noisy_test/p257_144.wav,/tmp/exp_fc_base_full_eval_j8p2wsn0/p257_144.wav,2.72309020567885,2.995921306720286,3.89922993217226,3.780954360961914,2.500441312789917,3.024517774581909,0.24912940212299403,2.092325210571289,3.8699204591810097,-6.694293344416643,10.378137829043641,17.053043071392686,5.7059448218604345,-11.347098249532252,0.9424498935266151,22.120890557518468
p257_145,/home/vpopescu/projects/ultra-low-power-se/datasets/datasets/voicebank-demand/16k/clean_test/p257_145.wav,/home/vpopescu/projects/ultra-low-power-se/datasets/datasets/voicebank-demand/16k/noisy_test/p257_145.wav,/tmp/exp_fc_base_full_eval_j8p2wsn0/p257_145.wav,2.5546392635465565,2.7957355155756516,3.720302584930571,3.624617576599121,2.0301122665405273,2.6224679946899414,0.24489007437130134,1.914355754852295,3.4843549480872906,-3.2346242976800106,8.763107536866295,11.973111924446542,5.638274408657697,-6.334837515788845,0.9103517221278242,30.56244985747712
p257_146,/home/vpopescu/projects/ultra-low-power-se/datasets/datasets/voicebank-demand/16k/clean_test/p257_146.wav,/home/vpopescu/projects/ultra-low-power-se/datasets/datasets/voicebank-demand/16k/noisy_test/p257_146.wav,/tmp/exp_fc_base_full_eval_j8p2wsn0/p257_146.wav,2.3695395900793526,2.591086618290119,3.470851027625282,3.5627195835113525,1.8611524105072021,2.709228992462158,0.3880097151222171,1.7598998546600342,1.829829366991896,3.0487198991294893,9.122858981775698,6.1126079705775,5.731625286746844,-0.3809826838306556,0.9136822491740002,31.56739865266189
p257_147,/home/vpopescu/projects/ultra-low-power-se/datasets/datasets/voicebank-demand/16k/clean_test/p257_147.wav,/home/vpopescu/projects/ultra-low-power-se/datasets/datasets/voicebank-demand/16k/noisy_test/p257_147.wav,/tmp/exp_fc_base_full_eval_j8p2wsn0/p257_147.wav,2.282597409982174,2.375423393954973,3.252124472730392,3.3478360176086426,2.8495638370513916,2.784813404083252,0.4666949030827863,1.5568339824676514,2.179538697075181,5.161151145523675,6.889348051535393,1.7448385006650615,5.394089875237738,3.649251374572677,0.9009820164851385,33.268595936157155
p257_148,/home/vpopescu/projects/ultra-low-power-se/datasets/datasets/voicebank-demand/16k/clean_test/p257_148.wav,/home/vpopescu/projects/ultra-low-power-se/datasets/datasets/voicebank-demand/16k/noisy_test/p257_148.wav,/tmp/exp_fc_base_full_eval_j8p2wsn0/p257_148.wav,2.374426362654204,2.502607444419446,3.4931765508065364,3.6388964653015137,2.0444445610046387,2.9972329139709473,0.2613220906437615,1.5536046028137207,3.270646237226025,-6.608210134841453,9.844857846441442,16.438003432420707,5.549018395227795,-10.888985037192914,0.9333399500447893,29.74962149085625
p257_149,/home/vpopescu/projects/ultra-low-power-se/datasets/datasets/voicebank-demand/16k/clean_test/p257_149.wav,/home/vpopescu/projects/ultra-low-power-se/datasets/datasets/voicebank-demand/16k/noisy_test/p257_149.wav,/tmp/exp_fc_base_full_eval_j8p2wsn0/p257_149.wav,2.1727844683225985,2.1808681314431952,2.9189996219818775,3.190009355545044,2.051929473876953,2.6820571422576904,0.6740555893086669,1.570979356765747,1.9128591240597725,-1.3451186443062753,9.84454632847398,11.192821883185534,5.612032899528954,-5.58078898365658,0.8808102558192646,47.52196986102772
p257_150,/home/vpopescu/projects/ultra-low-power-se/datasets/datasets/voicebank-demand/16k/clean_test/p257_150.wav,/home/vpopescu/projects/ultra-low-power-se/datasets/datasets/voicebank-demand/16k/noisy_test/p257_150.wav,/tmp/exp_fc_base_full_eval_j8p2wsn0/p257_150.wav,1.7213000141166497,1.3242380826826605,1.842268707033983,2.5437064170837402,2.4940483570098877,3.0564534664154053,1.1772932592312666,1.0820720195770264,1.7162751287185507,2.024645782422832,8.045958042341278,6.00889726808203,6.426446238998842,0.41754897091681276,0.810778042144763,76.86510633577674
p257_151,/home/vpopescu/projects/ultra-low-power-se/datasets/datasets/voicebank-demand/16k/clean_test/p257_151.wav,/home/vpopescu/projects/ultra-low-power-se/datasets/datasets/voicebank-demand/16k/noisy_test/p257_151.wav,/tmp/exp_fc_base_full_eval_j8p2wsn0/p257_151.wav,1.5013202586943424,1.1014218932706776,1.3935638537886912,2.0817577838897705,2.73732590675354,2.951435089111328,1.6417073992438602,1.0590672492980957,-2.132394166170066,2.3528040220987045,3.4928170177833753,1.2611979177883854,4.158103245875605,2.8969053280872195,0.6709828755821945,72.08186485734763
p257_152,/home/vpopescu/projects/ultra-low-power-se/datasets/datasets/voicebank-demand/16k/clean_test/p257_152.wav,/home/vpopescu/projects/ultra-low-power-se/datasets/datasets/voicebank-demand/16k/noisy_test/p257_152.wav,/tmp/exp_fc_base_full_eval_j8p2wsn0/p257_152.wav,2.1930711037921577,2.147752658998201,3.1103764100781217,3.2327516078948975,2.594428539276123,2.653566360473633,0.36943849090867925,1.290822148323059,3.781980634132608,-5.737222556925715,9.855583866311177,15.575015759342104,5.801337916898747,-9.773677842443357,0.8718210207808158,42.31523757951691
p257_153,/home/vpopescu/projects/ultra-low-power-se/datasets/datasets/voicebank-demand/16k/clean_test/p257_153.wav,/home/vpopescu/projects/ultra-low-power-se/datasets/datasets/voicebank-demand/16k/noisy_test/p257_153.wav,/tmp/exp_fc_base_full_eval_j8p2wsn0/p257_153.wav,2.246934962422239,2.2511575899381118,3.0419921378158006,3.2826316356658936,3.2828879356384277,3.4158124923706055,0.6198424403336229,1.5419914722442627,2.2642738802727966,-2.0230225165162246,8.923664928519356,10.959143919636753,5.423161369448099,-5.535982550188654,0.8942862999415266,38.11231653824355
p257_154,/home/vpopescu/projects/ultra-low-power-se/datasets/datasets/voicebank-demand/16k/clean_test/p257_154.wav,/home/vpopescu/projects/ultra-low-power-se/datasets/datasets/voicebank-demand/16k/noisy_test/p257_154.wav,/tmp/exp_fc_base_full_eval_j8p2wsn0/p257_154.wav,1.9775275566574464,1.4939844338580275,1.9231473456931032,2.650526285171509,2.582839250564575,2.888695240020752,1.4070962694023268,1.2028484344482422,1.8482741417460813,0.40512461965485613,7.563260088861778,7.171719038539485,5.309417721698702,-1.8623013168407825,0.8473845941589193,49.696466562688045
p257_155,/home/vpopescu/projects/ultra-low-power-se/datasets/datasets/voicebank-demand/16k/clean_test/p257_155.wav,/home/vpopescu/projects/ultra-low-power-se/datasets/datasets/voicebank-demand/16k/noisy_test/p257_155.wav,/tmp/exp_fc_base_full_eval_j8p2wsn0/p257_155.wav,1.6471425467150378,1.6982999269808774,2.4555433633842227,2.737544298171997,2.260235548019409,2.6046483516693115,0.7821472746704947,1.1148226261138916,-2.016980732664929,3.6128371683973817,4.420987459744728,0.7689703174612429,4.956613333931243,4.18764301647,0.8496183763138897,56.09612605850167
p257_156,/home/vpopescu/projects/ultra-low-power-se/datasets/datasets/voicebank-demand/16k/clean_test/p257_156.wav,/home/vpopescu/projects/ultra-low-power-se/datasets/datasets/voicebank-demand/16k/noisy_test/p257_156.wav,/tmp/exp_fc_base_full_eval_j8p2wsn0/p257_156.wav,2.649207838400565,2.88293803933183,3.8783698791550076,4.157190322875977,2.7282230854034424,3.0139849185943604,0.16883804341127867,1.8732534646987915,4.006009584105802,-6.768709595187389,9.12092224171148,15.88151902186851,4.7606159587266115,-11.120903063141899,0.94165236282559,18.940845932017513
p257_157,/home/vpopescu/projects/ultra-low-power-se/datasets/datasets/voicebank-demand/16k/clean_test/p257_157.wav,/home/vpopescu/projects/ultra-low-power-se/datasets/datasets/voicebank-demand/16k/noisy_test/p257_157.wav,/tmp/exp_fc_base_full_eval_j8p2wsn0/p257_157.wav,2.5829483167318315,2.7669837723385067,3.710544934734795,4.2455010414123535,3.4927175045013428,3.87849497795105,0.26019147537808274,1.8382415771484375,3.870658805195001,-0.16238760172806188,11.387254678433747,11.546078783065754,5.677033929577487,-5.869044853488267,0.9425514321717221,24.797523124629553
p257_158,/home/vpopescu/projects/ultra-low-power-se/datasets/datasets/voicebank-demand/16k/clean_test/p257_158.wav,/home/vpopescu/projects/ultra-low-power-se/datasets/datasets/voicebank-demand/16k/noisy_test/p257_158.wav,/tmp/exp_fc_base_full_eval_j8p2wsn0/p257_158.wav,2.346681618147624,2.590007410474708,3.5569394299836854,3.656886100769043,2.469810962677002,2.240013360977173,0.2521388014833191,1.6740047931671143,2.1425191853826013,4.509226862399963,9.516247249739516,4.953846668277805,5.787781094897992,0.8339344266201874,0.8919781584930041,31.781625952194325
p257_159,/home/vpopescu/projects/ultra-low-power-se/datasets/datasets/voicebank-demand/16k/clean_test/p257_159.wav,/home/vpopescu/projects/ultra-low-power-se/datasets/datasets/voicebank-demand/16k/noisy_test/p257_159.wav,/tmp/exp_fc_base_full_eval_j8p2wsn0/p257_159.wav,2.0670181165490273,2.1515743485577756,3.0194764584049416,3.5747313499450684,2.747093439102173,2.975355863571167,0.5286511757767648,1.3759868144989014,0.8686040370585661,6.759669985104399,7.231699656337223,0.4766796065798401,5.9729324268737045,5.496252820293864,0.8779444293137478,39.91794787373385
p257_160,/home/vpopescu/projects/ultra-low-power-se/datasets/datasets/voicebank-demand/16k/clean_test/p257_160.wav,/home/vpopescu/projects/ultra-low-power-se/datasets/datasets/voicebank-demand/16k/noisy_test/p257_160.wav,/tmp/exp_fc_base_full_eval_j8p2wsn0/p257_160.wav,2.1964332988499136,2.167504168103287,3.148300997725267,3.7917683124542236,2.7541940212249756,2.91670298576355,0.38555986048757634,1.247983694076538,3.168462700635168,-5.5392243753125125,11.008754022633786,16.554911257255927,5.408267449863862,-11.146643807392065,0.9406477915267808,33.38800815124103
p257_161,/home/vpopescu/projects/ultra-low-power-se/datasets/datasets/voicebank-demand/16k/clean_test/p257_161.wav,/home/vpopescu/projects/ultra-low-power-se/datasets/datasets/voicebank-demand/16k/noisy_test/p257_161.wav,/tmp/exp_fc_base_full_eval_j8p2wsn0/p257_161.wav,2.4195905072102417,2.5368661653352103,3.50138957870936,3.6725895404815674,2.5797059535980225,3.2125439643859863,0.2786907517426098,1.6216487884521484,3.655775092169332,-0.736539945885264,9.910964302576389,10.64255613163324,5.79497635175966,-4.8475797798735805,0.9267291667417918,31.410206353793352
p257_162,/home/vpopescu/projects/ultra-low-power-se/datasets/datasets/voicebank-demand/16k/clean_test/p257_162.wav,/home/vpopescu/projects/ultra-low-power-se/datasets/datasets/voicebank-demand/16k/noisy_test/p257_162.wav,/tmp/exp_fc_base_full_eval_j8p2wsn0/p257_162.wav,2.1137030157940164,2.0931768409821685,2.9463754204517874,3.5233564376831055,2.5403378009796143,3.467914342880249,0.5583134567605802,1.3459458351135254,2.1395868735325982,2.1873359353289326,8.66080193722062,6.483187519804924,5.638003276326105,-0.8451842434788182,0.900376597021032,42.63615234611459
p257_163,/home/vpopescu/projects/ultra-low-power-se/datasets/datasets/voicebank-demand/16k/clean_test/p257_163.wav,/home/vpopescu/projects/ultra-low-power-se/datasets/datasets/voicebank-demand/16k/noisy_test/p257_163.wav,/tmp/exp_fc_base_full_eval_j8p2wsn0/p257_163.wav,1.7812042983197864,1.7466493200602347,2.4997039212180785,3.0340378284454346,3.5277318954467773,3.790705680847168,0.7925609679092197,1.1475597620010376,-0.5711777005655443,5.424517147113305,6.405185208142441,0.9921749999507066,5.111550071304172,4.119375071353465,0.8406828972286227,52.19215325444001
p257_164,/home/vpopescu/projects/ultra-low-power-se/datasets/datasets/voicebank-demand/16k/clean_test/p257_164.wav,/home/vpopescu/projects/ultra-low-power-se/datasets/datasets/voicebank-demand/16k/noisy_test/p257_164.wav,/tmp/exp_fc_base_full_eval_j8p2wsn0/p257_164.wav,2.735433742361149,3.012156387056902,3.9070260606074814,4.016964435577393,2.7068707942962646,3.285524845123291,0.24621725789415258,2.125096321105957,4.001914543874435,-5.971052970095064,10.573175998644036,16.538494314535676,4.893338773045533,-11.645155541490142,0.9410381007936611,23.783273627369674
p257_165,/home/vpopescu/projects/ultra-low-power-se/datasets/datasets/voicebank-demand/16k/clean_test/p257_165.wav,/home/vpopescu/projects/ultra-low-power-se/datasets/datasets/voicebank-demand/16k/noisy_test/p257_165.wav,/tmp/exp_fc_base_full_eval_j8p2wsn0/p257_165.wav,2.6175118265559685,2.9119886480770405,3.7720417269138307,3.931795597076416,3.0771641731262207,3.1920077800750732,0.30076130807523593,2.0926356315612793,3.1083371470626338,0.6519437005807678,10.796832778924191,10.088987060125934,6.011120143845168,-4.077866916280766,0.9431194542885841,30.370463656467
p257_166,/home/vpopescu/projects/ultra-low-power-se/datasets/datasets/voicebank-demand/16k/clean_test/p257_166.wav,/home/vpopescu/projects/ultra-low-power-se/datasets/datasets/voicebank-demand/16k/noisy_test/p257_166.wav,/tmp/exp_fc_base_full_eval_j8p2wsn0/p257_166.wav,1.9372660568064228,1.910756469143823,2.7144884239049745,3.4853382110595703,3.6990177631378174,3.8200151920318604,0.6826274605049102,1.2331253290176392,0.6386715948072116,3.323582103043309,8.5255655143737,5.220396050733543,5.972270588320539,0.7518745375869962,0.8705001310694469,46.62916584812325
p257_167,/home/vpopescu/projects/ultra-low-power-se/datasets/datasets/voicebank-demand/16k/clean_test/p257_167.wav,/home/vpopescu/projects/ultra-low-power-se/datasets/datasets/voicebank-demand/16k/noisy_test/p257_167.wav,/tmp/exp_fc_base_full_eval_j8p2wsn0/p257_167.wav,2.111864528024196,2.2282791651905076,3.103641243746118,3.3870368003845215,3.1235902309417725,3.4518797397613525,0.47180099695051714,1.458234190940857,1.251838616391814,5.375692697923169,6.808610426386923,1.4283527421588935,5.405897745433475,3.9775450032745816,0.881594720528875,42.57674972545961
p257_168,/home/vpopescu/projects/ultra-low-power-se/datasets/datasets/voicebank-demand/16k/clean_test/p257_168.wav,/home/vpopescu/projects/ultra-low-power-se/datasets/datasets/voicebank-demand/16k/noisy_test/p257_168.wav,/tmp/exp_fc_base_full_eval_j8p2wsn0/p257_168.wav,2.20696459096006,2.1381550558000706,3.1183310046466457,3.7607345581054688,2.5531859397888184,3.1720874309539795,0.4072668224095849,1.2113826274871826,3.435095893247478,-5.53432587320852,10.847537477097077,16.38564229936756,5.950086038248506,-10.435556261119054,0.9267895348497,31.783906607629156
p257_169,/home/vpopescu/projects/ultra-low-power-se/datasets/datasets/voicebank-demand/16k/clean_test/p257_169.wav,/home/vpopescu/projects/ultra-low-power-se/datasets/datasets/voicebank-demand/16k/noisy_test/p257_169.wav,/tmp/exp_fc_base_full_eval_j8p2wsn0/p257_169.wav,2.2072169881221457,2.1844668765973654,3.0290089116052257,2.917125701904297,2.124650716781616,2.8745651245117188,0.5452247887492324,1.4375929832458496,2.7569511937550275,-1.5700085149783725,9.702456550331181,11.26265933783519,5.221152201910133,-6.041507135925057,0.906314329097427,41.09148329656239
p257_170,/home/vpopescu/projects/ultra-low-power-se/datasets/datasets/voicebank-demand/16k/clean_test/p257_170.wav,/home/vpopescu/projects/ultra-low-power-se/datasets/datasets/voicebank-demand/16k/noisy_test/p257_170.wav,/tmp/exp_fc_base_full_eval_j8p2wsn0/p257_170.wav,1.8943581405775372,1.6853089942721713,2.4075047152269162,3.0515213012695312,2.9116106033325195,3.0275654792785645,0.8375101952690527,1.1398508548736572,1.7932564424015425,2.4095854438924524,8.143524229704314,5.7550517272316535,5.199101266619214,-0.5559504606124399,0.8785104381385473,56.780817703338286
p257_171,/home/vpopescu/projects/ultra-low-power-se/datasets/datasets/voicebank-demand/16k/clean_test/p257_171.wav,/home/vpopescu/projects/ultra-low-power-se/datasets/datasets/voicebank-demand/16k/noisy_test/p257_171.wav,/tmp/exp_fc_base_full_eval_j8p2wsn0/p257_171.wav,1.493886860948239,1.265864739795541,1.7533902708887663,2.868420124053955,3.1125144958496094,3.56085205078125,1.2540667825123444,1.0481969118118286,-1.7666616084310194,3.600905483502692,4.597643650030913,0.8868824011596611,5.124147765906076,4.237265364746415,0.7717158136582538,75.69308308095157
p257_172,/home/vpopescu/projects/ultra-low-power-se/datasets/datasets/voicebank-demand/16k/clean_test/p257_172.wav,/home/vpopescu/projects/ultra-low-power-se/datasets/datasets/voicebank-demand/16k/noisy_test/p257_172.wav,/tmp/exp_fc_base_full_eval_j8p2wsn0/p257_172.wav,2.294963073914234,2.0223797597426714,2.718612618838521,3.5036542415618896,3.0874886512756348,3.576124668121338,0.898204232617869,1.370796799659729,3.507195246983259,-6.86406908389881,9.993425764069046,16.862112951788248,5.670603878479415,-11.191509073308833,0.9074393989020324,30.747299554723096
p257_173,/home/vpopescu/projects/ultra-low-power-se/datasets/datasets/voicebank-demand/16k/clean_test/p257_173.wav,/home/vpopescu/projects/ultra-low-power-se/datasets/datasets/voicebank-demand/16k/noisy_test/p257_173.wav,/tmp/exp_fc_base_full_eval_j8p2wsn0/p257_173.wav,2.0958240746223153,1.8551646739158612,2.6666639482135173,3.1216492652893066,2.875924587249756,3.58718204498291,0.7293315618843637,1.1382999420166016,3.1661225723982387,-1.4307965923199983,9.919998371823722,11.343018545917207,5.672679544753983,-5.670339001163224,0.881516894307086,40.24985996038705
p257_174,/home/vpopescu/projects/ultra-low-power-se/datasets/datasets/voicebank-demand/16k/clean_test/p257_174.wav,/home/vpopescu/projects/ultra-low-power-se/datasets/datasets/voicebank-demand/16k/noisy_test/p257_174.wav,/tmp/exp_fc_base_full_eval_j8p2wsn0/p257_174.wav,2.057379176261912,1.9779306645169474,2.7929900970283863,3.4515435695648193,2.728818655014038,3.028916120529175,0.7178279929693004,1.2211248874664307,1.1306098023207232,2.793868249516872,8.172012300701919,5.347183235627119,5.242067025677296,-0.10511620994982263,0.8945870410572991,33.07813392760681
p257_175,/home/vpopescu/projects/ultra-low-power-se/datasets/datasets/voicebank-demand/16k/clean_test/p257_175.wav,/home/vpopescu/projects/ultra-low-power-se/datasets/datasets/voicebank-demand/16k/noisy_test/p257_175.wav,/tmp/exp_fc_base_full_eval_j8p2wsn0/p257_175.wav,1.6053271003946432,1.59854331839171,2.2876416817856766,1.9285084009170532,2.1102120876312256,2.236398935317993,0.8869615105691319,1.1166445016860962,-1.9396469739223547,3.9867634923033077,5.430524191463274,1.4438788940162888,4.794961699110496,3.3510828050942076,0.820522441516447,62.890173150600326
p257_176,/home/vpopescu/projects/ultra-low-power-se/datasets/datasets/voicebank-demand/16k/clean_test/p257_176.wav,/home/vpopescu/projects/ultra-low-power-se/datasets/datasets/voicebank-demand/16k/noisy_test/p257_176.wav,/tmp/exp_fc_base_full_eval_j8p2wsn0/p257_176.wav,2.719762179762939,3.116467258802621,4.020570107325045,3.740816354751587,2.45906138420105,2.5151069164276123,0.18090867988376697,2.228755474090576,3.1662336013880594,-6.100752577862934,9.225407424202123,15.324216897488832,4.646236809418721,-10.677980088070111,0.9397558582382652,25.579379105686304
p257_177,/home/vpopescu/projects/ultra-low-power-se/datasets/datasets/voicebank-demand/16k/clean_test/p257_177.wav,/home/vpopescu/projects/ultra-low-power-se/datasets/datasets/voicebank-demand/16k/noisy_test/p257_177.wav,/tmp/exp_fc_base_full_eval_j8p2wsn0/p257_177.wav,2.5854759393666606,2.759737302973867,3.72532503584497,4.137513160705566,3.044088125228882,3.233403444290161,0.24463153255694503,1.795814037322998,3.9320393956866324,-1.2883863904050052,10.31100108879603,11.598712698723379,5.4438144170511755,-6.154898281672203,0.9418455653038095,22.09166462885576
p257_178,/home/vpopescu/projects/ultra-low-power-se/datasets/datasets/voicebank-demand/16k/clean_test/p257_178.wav,/home/vpopescu/projects/ultra-low-power-se/datasets/datasets/voicebank-demand/16k/noisy_test/p257_178.wav,/tmp/exp_fc_base_full_eval_j8p2wsn0/p257_178.wav,2.5376797303311114,2.844526447476371,3.780508895203373,4.116952419281006,2.358515501022339,3.265481948852539,0.25025065670985264,1.915600299835205,2.403591185165207,1.3442163669060117,7.923536599506785,6.581235874894289,4.976543069265121,-1.6046928056291678,0.9385680840730998,23.343351093646376
p257_179,/home/vpopescu/projects/ultra-low-power-se/datasets/datasets/voicebank-demand/16k/clean_test/p257_179.wav,/home/vpopescu/projects/ultra-low-power-se/datasets/datasets/voicebank-demand/16k/noisy_test/p257_179.wav,/tmp/exp_fc_base_full_eval_j8p2wsn0/p257_179.wav,2.059185403194576,2.332780438525211,3.1382468384251783,3.7795565128326416,2.5821566581726074,2.8512609004974365,0.5761404768895878,1.599606990814209,-1.3572614841564634,5.564487636963057,5.632292535708539,0.0012068858826785936,4.776369617868953,4.775162731986274,0.8905061155034557,36.27418070182269
p257_180,/home/vpopescu/projects/ultra-low-power-se/datasets/datasets/voicebank-demand/16k/clean_test/p257_180.wav,/home/vpopescu/projects/ultra-low-power-se/datasets/datasets/voicebank-demand/16k/noisy_test/p257_180.wav,/tmp/exp_fc_base_full_eval_j8p2wsn0/p257_180.wav,2.216075468276694,2.2343521563226343,3.1133132731732753,3.3049416542053223,2.643502712249756,2.5047543048858643,0.4775954483182457,1.4489471912384033,2.7142884753980376,-3.5885750070351126,11.84869787425795,15.432410256653217,5.683327925422104,-9.749082331231113,0.7960266388706356,40.21735186933415
p257_181,/home/vpopescu/projects/ultra-low-power-se/datasets/datasets/voicebank-demand/16k/clean_test/p257_181.wav,/home/vpopescu/projects/ultra-low-power-se/datasets/datasets/voicebank-demand/16k/noisy_test/p257_181.wav,/tmp/exp_fc_base_full_eval_j8p2wsn0/p257_181.wav,2.1105310153125934,2.1265431631535,3.1380684782588824,3.627981185913086,3.3241071701049805,3.626114845275879,0.3364228588575017,1.191928505897522,2.563491584960985,-0.3058214704201845,10.443394282661068,10.749288700220305,5.42422892690864,-5.325059773311665,0.9184058947120487,36.38725433699488
p257_182,/home/vpopescu/projects/ultra-low-power-se/datasets/datasets/voicebank-demand/16k/clean_test/p257_182.wav,/home/vpopescu/projects/ultra-low-power-se/datasets/datasets/voicebank-demand/16k/noisy_test/p257_182.wav,/tmp/exp_fc_base_full_eval_j8p2wsn0/p257_182.wav,2.222973868044233,2.370953991310663,3.273131378638401,3.4525792598724365,1.8904459476470947,2.988893985748291,0.3940918586610227,1.5572082996368408,1.8960628425456083,3.2303743802013205,9.25205297263315,5.989585978843501,5.564432102586992,-0.425153876256509,0.9055896956381619,39.260522608935744
p257_183,/home/vpopescu/projects/ultra-low-power-se/datasets/datasets/voicebank-demand/16k/clean_test/p257_183.wav,/home/vpopescu/projects/ultra-low-power-se/datasets/datasets/voicebank-demand/16k/noisy_test/p257_183.wav,/tmp/exp_fc_base_full_eval_j8p2wsn0/p257_183.wav,1.6764246959374345,1.7265820128696612,2.536819469181203,2.9001927375793457,3.0457873344421387,3.1194682121276855,0.7007930316551361,1.0806692838668823,-1.5172141796061216,6.089270793167589,6.372709677390647,0.1804941490178996,6.247444513493148,6.0669503644752485,0.8138997565683412,54.07867549082134
p257_184,/home/vpopescu/projects/ultra-low-power-se/datasets/datasets/voicebank-demand/16k/clean_test/p257_184.wav,/home/vpopescu/projects/ultra-low-power-se/datasets/datasets/voicebank-demand/16k/noisy_test/p257_184.wav,/tmp/exp_fc_base_full_eval_j8p2wsn0/p257_184.wav,2.664355118533065,2.9196040649078134,3.863258377053089,3.4288153648376465,2.076385736465454,3.0578739643096924,0.22743863888383553,1.9670716524124146,3.6751571564379018,-5.356317710086596,11.028858912746989,16.38357208577142,5.509061667114665,-10.874510418656754,0.9478064598595377,20.20571888223667
p257_185,/home/vpopescu/projects/ultra-low-power-se/datasets/datasets/voicebank-demand/16k/clean_test/p257_185.wav,/home/vpopescu/projects/ultra-low-power-se/datasets/datasets/voicebank-demand/16k/noisy_test/p257_185.wav,/tmp/exp_fc_base_full_eval_j8p2wsn0/p257_185.wav,2.63467538015535,2.995760953775754,3.919305711850126,3.8453590869903564,3.18432354927063,3.276456832885742,0.20213465829697988,2.0857040882110596,2.816614574231096,-0.7866066102836751,10.0712294486566,10.872836183671783,5.858177671233243,-5.01465851243854,0.9442736596116824,24.819698883727916
p257_186,/home/vpopescu/projects/ultra-low-power-se/datasets/datasets/voicebank-demand/16k/clean_test/p257_186.wav,/home/vpopescu/projects/ultra-low-power-se/datasets/datasets/voicebank-demand/16k/noisy_test/p257_186.wav,/tmp/exp_fc_base_full_eval_j8p2wsn0/p257_186.wav,2.414106321103569,2.6099914935532507,3.6049246103487564,3.968579053878784,3.0517568588256836,3.233903169631958,0.23055596822008534,1.640925407409668,2.89925047689836,2.3104410323485007,9.065441305146699,6.710207327386945,5.623654770126816,-1.086552557260129,0.9288710413518104,26.70125766897838
p257_187,/home/vpopescu/projects/ultra-low-power-se/datasets/datasets/voicebank-demand/16k/clean_test/p257_187.wav,/home/vpopescu/projects/ultra-low-power-se/datasets/datasets/voicebank-demand/16k/noisy_test/p257_187.wav,/tmp/exp_fc_base_full_eval_j8p2wsn0/p257_187.wav,2.153527516533215,2.5312490455019665,3.4860693456397245,3.6677935123443604,2.988126754760742,2.8647024631500244,0.2681969648195071,1.649399757385254,-0.24896276652955493,5.521040536306718,5.7862121110400615,0.363353237786701,4.895117822403603,4.531764584616902,0.9333805000613359,36.17155902936786
p257_188,/home/vpopescu/projects/ultra-low-power-se/datasets/datasets/voicebank-demand/16k/clean_test/p257_188.wav,/home/vpopescu/projects/ultra-low-power-se/datasets/datasets/voicebank-demand/16k/noisy_test/p257_188.wav,/tmp/exp_fc_base_full_eval_j8p2wsn0/p257_188.wav,2.248585620691945,2.1971508090964544,3.0079886715557618,3.212982416152954,2.8304343223571777,3.0376174449920654,0.5950265507102093,1.4812641143798828,3.034199730699762,-6.24874803987602,9.972884229643995,16.234770026028137,5.373897759941425,-10.860872266086712,0.9032892142791785,40.65902985938914
p257_189,/home/vpopescu/projects/ultra-low-power-se/datasets/datasets/voicebank-demand/16k/clean_test/p257_189.wav,/home/vpopescu/projects/ultra-low-power-se/datasets/datasets/voicebank-demand/16k/noisy_test/p257_189.wav,/tmp/exp_fc_base_full_eval_j8p2wsn0/p257_189.wav,2.210456435832281,2.2061998612627187,3.01208425472394,3.1881043910980225,2.0234873294830322,3.14274263381958,0.5993914753544086,1.4949696063995361,2.3210031822341883,-1.5677929606336054,9.146856995255927,10.728115253861727,5.193309824858544,-5.534805429003183,0.9016755200738975,40.62317664392153
p257_190,/home/vpopescu/projects/ultra-low-power-se/datasets/datasets/voicebank-demand/16k/clean_test/p257_190.wav,/home/vpopescu/projects/ultra-low-power-se/datasets/datasets/voicebank-demand/16k/noisy_test/p257_190.wav,/tmp/exp_fc_base_full_eval_j8p2wsn0/p257_190.wav,1.896093654864314,1.6460259834948139,2.2443731161195686,2.6222572326660156,2.252920150756836,3.3627161979675293,1.035299279378025,1.2308268547058105,1.3091241558214517,0.5759694401510433,7.039552863608105,6.438122749274634,5.557187549260543,-0.8809352000140915,0.8174328424252948,58.38805764311643
p257_191,/home/vpopescu/projects/ultra-low-power-se/datasets/datasets/voicebank-demand/16k/clean_test/p257_191.wav,/home/vpopescu/projects/ultra-low-power-se/datasets/datasets/voicebank-demand/16k/noisy_test/p257_191.wav,/tmp/exp_fc_base_full_eval_j8p2wsn0/p257_191.wav,1.8391427446406303,1.6388301214764969,2.3343339105823886,2.626856565475464,3.3407163619995117,3.394291877746582,0.9157417219291257,1.103764533996582,0.8314899071952989,4.420350490580801,6.03234265026333,1.6280798505434446,5.390851164032564,3.7627713134891194,0.8241313322928301,53.54865239471999
p257_192,/home/vpopescu/projects/ultra-low-power-se/datasets/datasets/voicebank-demand/16k/clean_test/p257_192.wav,/home/vpopescu/projects/ultra-low-power-se/datasets/datasets/voicebank-demand/16k/noisy_test/p257_192.wav,/tmp/exp_fc_base_full_eval_j8p2wsn0/p257_192.wav,2.2515527112769855,2.4433554480800477,3.243835817130251,3.776780128479004,1.8398122787475586,2.4428293704986572,0.4587648228006478,1.7850044965744019,1.857240385759305,-3.6502391054729006,10.638577288481565,14.3141161786225,5.427972338497382,-8.886143840125118,0.8835413287484023,50.38365462691636
p257_193,/home/vpopescu/projects/ultra-low-power-se/datasets/datasets/voicebank-demand/16k/clean_test/p257_193.wav,/home/vpopescu/projects/ultra-low-power-se/datasets/datasets/voicebank-demand/16k/noisy_test/p257_193.wav,/tmp/exp_fc_base_full_eval_j8p2wsn0/p257_193.wav,2.0519263106799905,1.8163674830631549,2.45373933949532,3.3469655513763428,2.2233333587646484,2.992604970932007,0.9633558746401707,1.3148887157440186,2.099829045227972,-1.587722884457353,10.018529520639003,11.594339081455951,6.1776827773483936,-5.4166563041075575,0.8847223202835401,48.98281789928749
p257_194,/home/vpopescu/projects/ultra-low-power-se/datasets/datasets/voicebank-demand/16k/clean_test/p257_194.wav,/home/vpopescu/projects/ultra-low-power-se/datasets/datasets/voicebank-demand/16k/noisy_test/p257_194.wav,/tmp/exp_fc_base_full_eval_j8p2wsn0/p257_194.wav,2.2550084402903092,2.2372407447547897,3.020716667623285,3.4596188068389893,2.4617364406585693,3.197148323059082,0.6143256925240027,1.5545551776885986,2.723372762974644,1.3276571961830763,8.341521422223611,7.044924814905973,5.671181255078082,-1.3737435598278909,0.9066439628984396,41.94877410174904
p257_195,/home/vpopescu/projects/ultra-low-power-se/datasets/datasets/voicebank-demand/16k/clean_test/p257_195.wav,/home/vpopescu/projects/ultra-low-power-se/datasets/datasets/voicebank-demand/16k/noisy_test/p257_195.wav,/tmp/exp_fc_base_full_eval_j8p2wsn0/p257_195.wav,1.6648668761407965,1.735310083957789,2.49331850533829,2.995124578475952,3.338834524154663,3.1282858848571777,0.7557505414627924,1.1601814031600952,-1.8731454954379525,3.7525313434750505,4.144412509838679,0.5004705462153098,4.606633476409501,4.106162930194191,0.8475256658510046,57.955952622448265
p257_196,/home/vpopescu/projects/ultra-low-power-se/datasets/datasets/voicebank-demand/16k/clean_test/p257_196.wav,/home/vpopescu/projects/ultra-low-power-se/datasets/datasets/voicebank-demand/16k/noisy_test/p257_196.wav,/tmp/exp_fc_base_full_eval_j8p2wsn0/p257_196.wav,2.5366279446463382,2.6543197749402316,3.67120249653739,4.08012580871582,2.8192100524902344,3.125067949295044,0.2239281391170352,1.6251213550567627,4.112248342567398,-5.906733100358165,10.605942872300705,16.514334090223706,4.89744877844838,-11.616885311775325,0.9509604532297732,19.03595837893434
p257_197,/home/vpopescu/projects/ultra-low-power-se/datasets/datasets/voicebank-demand/16k/clean_test/p257_197.wav,/home/vpopescu/projects/ultra-low-power-se/datasets/datasets/voicebank-demand/16k/noisy_test/p257_197.wav,/tmp/exp_fc_base_full_eval_j8p2wsn0/p257_197.wav,2.422272735377794,2.6511172678476784,3.5534019550458,3.8012824058532715,2.6298940181732178,2.5183234214782715,0.3559700862454867,1.7749667167663574,2.0525857103972314,6.513699095123116e-05,10.454926328390586,10.430184238406754,6.045829481146686,-4.384354757260068,0.9331521069623573,27.06775071307862
p257_198,/home/vpopescu/projects/ultra-low-power-se/datasets/datasets/voicebank-demand/16k/clean_test/p257_198.wav,/home/vpopescu/projects/ultra-low-power-se/datasets/datasets/voicebank-demand/16k/noisy_test/p257_198.wav,/tmp/exp_fc_base_full_eval_j8p2wsn0/p257_198.wav,2.5379615379907188,2.7878465599175057,3.7405342204592387,4.0458197593688965,3.3455090522766113,3.3787691593170166,0.25101229880546333,1.8387905359268188,2.9028759735378773,2.5467584906125484,8.992157832077298,6.450217133152965,5.6747830698556125,-0.7754340632973529,0.9378519900531815,22.551646359312322
p257_199,/home/vpopescu/projects/ultra-low-power-se/datasets/datasets/voicebank-demand/16k/clean_test/p257_199.wav,/home/vpopescu/projects/ultra-low-power-se/datasets/datasets/voicebank-demand/16k/noisy_test/p257_199.wav,/tmp/exp_fc_base_full_eval_j8p2wsn0/p257_199.wav,1.555463282557566,1.9950194746287386,2.915796117820455,3.506397247314453,3.0158910751342773,3.0200233459472656,0.448703302584383,1.2186565399169922,-4.933199911770156,7.838104788158608,4.716804710185297,-3.088532570697999,5.0473570017970655,8.135889572495064,0.54037785359483,50.03756415446231
p257_200,/home/vpopescu/projects/ultra-low-power-se/datasets/datasets/voicebank-demand/16k/clean_test/p257_200.wav,/home/vpopescu/projects/ultra-low-power-se/datasets/datasets/voicebank-demand/16k/noisy_test/p257_200.wav,/tmp/exp_fc_base_full_eval_j8p2wsn0/p257_200.wav,2.448246900851346,2.5973201720529273,3.522495522480075,4.110522270202637,3.1701362133026123,3.5038933753967285,0.2995883705398844,1.734782099723816,3.568432217328353,-4.553988146745153,11.090836867711396,15.65076210133531,5.974666577586464,-9.676095523748845,0.9299731707140291,34.255738929760575
p257_201,/home/vpopescu/projects/ultra-low-power-se/datasets/datasets/voicebank-demand/16k/clean_test/p257_201.wav,/home/vpopescu/projects/ultra-low-power-se/datasets/datasets/voicebank-demand/16k/noisy_test/p257_201.wav,/tmp/exp_fc_base_full_eval_j8p2wsn0/p257_201.wav,2.213693321278835,2.4131863365408437,3.208101506492596,3.754253625869751,3.5178380012512207,3.3230786323547363,0.5312842938042796,1.7157022953033447,0.7860964583237097,0.28501596996736467,10.157872497429167,9.880277494498335,5.518977008894773,-4.361300485603562,0.881901232651268,41.419493250079675
p257_202,/home/vpopescu/projects/ultra-low-power-se/datasets/datasets/voicebank-demand/16k/clean_test/p257_202.wav,/home/vpopescu/projects/ultra-low-power-se/datasets/datasets/voicebank-demand/16k/noisy_test/p257_202.wav,/tmp/exp_fc_base_full_eval_j8p2wsn0/p257_202.wav,2.3185039543700245,2.561136762998748,3.48653460471977,3.638838052749634,1.774817705154419,2.860898971557617,0.32399844565901004,1.6893891096115112,1.649368667251237,2.884556627465784,8.5732375830336,5.641483272737751,5.692128980272324,0.050645707534573425,0.8808110931747479,32.41918086587221
p257_203,/home/vpopescu/projects/ultra-low-power-se/datasets/datasets/voicebank-demand/16k/clean_test/p257_203.wav,/home/vpopescu/projects/ultra-low-power-se/datasets/datasets/voicebank-demand/16k/noisy_test/p257_203.wav,/tmp/exp_fc_base_full_eval_j8p2wsn0/p257_203.wav,1.7413831231931651,1.7329089711599566,2.5157743073143557,3.1344428062438965,2.8212578296661377,3.4246604442596436,0.7285120512468047,1.1244285106658936,-0.5846967494826663,4.586901502151204,5.419384984126138,0.8275092120472092,5.017627977887181,4.190118765839972,0.8547309717586854,56.179687098246234
p257_204,/home/vpopescu/projects/ultra-low-power-se/datasets/datasets/voicebank-demand/16k/clean_test/p257_204.wav,/home/vpopescu/projects/ultra-low-power-se/datasets/datasets/voicebank-demand/16k/noisy_test/p257_204.wav,/tmp/exp_fc_base_full_eval_j8p2wsn0/p257_204.wav,2.552668006808347,2.839893055265008,3.8152128948653257,3.7769627571105957,2.186292886734009,2.6319074630737305,0.16906223103588566,1.8911477327346802,3.247942823130258,-3.3139553470971066,11.787405623759426,15.081711217380283,6.18246293681144,-8.899248280568843,0.9292477122854266,27.13157247086231
p257_205,/home/vpopescu/projects/ultra-low-power-se/datasets/datasets/voicebank-demand/16k/clean_test/p257_205.wav,/home/vpopescu/projects/ultra-low-power-se/datasets/datasets/voicebank-demand/16k/noisy_test/p257_205.wav,/tmp/exp_fc_base_full_eval_j8p2wsn0/p257_205.wav,2.5932282108834874,2.9476470583052565,3.884038061660616,3.813387632369995,2.5846481323242188,3.4102978706359863,0.18892503215758188,2.0354816913604736,2.7691118918797453,-0.545630249049772,9.793558125882543,10.336641655603305,5.557357186662361,-4.779284468940944,0.8741888439639084,26.88372668217754
p257_206,/home/vpopescu/projects/ultra-low-power-se/datasets/datasets/voicebank-demand/16k/clean_test/p257_206.wav,/home/vpopescu/projects/ultra-low-power-se/datasets/datasets/voicebank-demand/16k/noisy_test/p257_206.wav,/tmp/exp_fc_base_full_eval_j8p2wsn0/p257_206.wav,2.3712094981527776,2.5123155727334905,3.417898794452023,3.739773750305176,2.0592739582061768,3.4215567111968994,0.36891602308977584,1.664421796798706,2.7662674468333153,2.912142151983754,9.321069857198982,6.476847905548655,5.536117416708426,-0.940730488840229,0.8907203126174562,33.23699569535752
p257_207,/home/vpopescu/projects/ultra-low-power-se/datasets/datasets/voicebank-demand/16k/clean_test/p257_207.wav,/home/vpopescu/projects/ultra-low-power-se/datasets/datasets/voicebank-demand/16k/noisy_test/p257_207.wav,/tmp/exp_fc_base_full_eval_j8p2wsn0/p257_207.wav,2.087508435639121,2.23324983453206,3.1686171882153102,3.5134127140045166,2.754467487335205,3.3986024856567383,0.42098644131574264,1.366226315498352,0.7217388622438412,5.78071413333014,7.295640110426909,1.5884782360149172,5.778663952397479,4.190185716382562,0.9051162143895043,35.00247021292185
p257_208,/home/vpopescu/projects/ultra-low-power-se/datasets/datasets/voicebank-demand/16k/clean_test/p257_208.wav,/home/vpopescu/projects/ultra-low-power-se/datasets/datasets/voicebank-demand/16k/noisy_test/p257_208.wav,/tmp/exp_fc_base_full_eval_j8p2wsn0/p257_208.wav,2.0461226958206584,1.7576630652543948,2.5395315090417467,3.604210376739502,2.233267307281494,2.849963665008545,0.7724793279552331,1.1053780317306519,3.4033147782398054,-5.730558611794452,9.90462786628268,15.609557364687296,5.564869924214866,-10.04468744047243,0.8229898544076117,47.23669062510013
p257_209,/home/vpopescu/projects/ultra-low-power-se/datasets/datasets/voicebank-demand/16k/clean_test/p257_209.wav,/home/vpopescu/projects/ultra-low-power-se/datasets/datasets/voicebank-demand/16k/noisy_test/p257_209.wav,/tmp/exp_fc_base_full_eval_j8p2wsn0/p257_209.wav,2.1986116298154297,2.1570520441402117,2.8921702338873514,2.9435603618621826,3.1930389404296875,2.98380708694458,0.6418939152927627,1.5898022651672363,3.0599244723017427,-0.2512770754246727,10.26492230204912,10.499781203060099,6.458728909826409,-4.04105229323369,0.8390631140249557,55.44129924135991
p257_210,/home/vpopescu/projects/ultra-low-power-se/datasets/datasets/voicebank-demand/16k/clean_test/p257_210.wav,/home/vpopescu/projects/ultra-low-power-se/datasets/datasets/voicebank-demand/16k/noisy_test/p257_210.wav,/tmp/exp_fc_base_full_eval_j8p2wsn0/p257_210.wav,1.9356465074707505,1.8021354680181854,2.5159750981463547,3.176222085952759,2.869391441345215,3.0911452770233154,0.8574675187040515,1.2193337678909302,0.8446001901019926,2.0176605676004034,7.849982147368733,5.782991034622232,5.647563766735759,-0.13542726788647297,0.8080469346503604,47.77212079393416
p257_211,/home/vpopescu/projects/ultra-low-power-se/datasets/datasets/voicebank-demand/16k/clean_test/p257_211.wav,/home/vpopescu/projects/ultra-low-power-se/datasets/datasets/voicebank-demand/16k/noisy_test/p257_211.wav,/tmp/exp_fc_base_full_eval_j8p2wsn0/p257_211.wav,1.5144200604969176,1.1627247846355617,1.4580875059112697,2.4491169452667236,2.7131752967834473,3.2273223400115967,1.6133305704992442,1.1165071725845337,-2.3687639809383207,2.5668564533309084,3.6882442858239575,0.9876301470071279,4.48310320880867,3.4954730618015417,0.7913416808081907,72.00546245705358
p257_212,/home/vpopescu/projects/ultra-low-power-se/datasets/datasets/voicebank-demand/16k/clean_test/p257_212.wav,/home/vpopescu/projects/ultra-low-power-se/datasets/datasets/voicebank-demand/16k/noisy_test/p257_212.wav,/tmp/exp_fc_base_full_eval_j8p2wsn0/p257_212.wav,2.2562460760254774,2.1457161056395684,2.9119722729119877,3.8259780406951904,2.484157085418701,2.8497447967529297,0.6543235471564932,1.499559998512268,3.5852767262745524,-5.72628149552455,11.109721407976616,16.832649285769282,5.1454304141762535,-11.687218871593029,0.9226558458785925,45.773719574097626
p257_213,/home/vpopescu/projects/ultra-low-power-se/datasets/datasets/voicebank-demand/16k/clean_test/p257_213.wav,/home/vpopescu/projects/ultra-low-power-se/datasets/datasets/voicebank-demand/16k/noisy_test/p257_213.wav,/tmp/exp_fc_base_full_eval_j8p2wsn0/p257_213.wav,1.9255306529115548,1.814012341488723,2.464997224572386,2.6447792053222656,2.569990634918213,2.6745052337646484,0.8692381102234551,1.362585186958313,1.143392938472877,-1.5836257333103898,8.036609305361646,9.57298354888799,4.993146565749923,-4.579836983138067,0.8874713696747856,61.68840308261574
p257_214,/home/vpopescu/projects/ultra-low-power-se/datasets/datasets/voicebank-demand/16k/clean_test/p257_214.wav,/home/vpopescu/projects/ultra-low-power-se/datasets/datasets/voicebank-demand/16k/noisy_test/p257_214.wav,/tmp/exp_fc_base_full_eval_j8p2wsn0/p257_214.wav,1.7689030466122742,1.1027768795650805,1.3177843990146691,2.7510695457458496,1.5689029693603516,2.3627126216888428,1.8609836628103764,1.0503467321395874,0.26612560472898805,0.8698048713824438,6.923711377579988,6.107096342880068,4.944209133390974,-1.162887209489094,0.7872130851657307,54.846943492625
p257_215,/home/vpopescu/projects/ultra-low-power-se/datasets/datasets/voicebank-demand/16k/clean_test/p257_215.wav,/home/vpopescu/projects/ultra-low-power-se/datasets/datasets/voicebank-demand/16k/noisy_test/p257_215.wav,/tmp/exp_fc_base_full_eval_j8p2wsn0/p257_215.wav,1.9428902931137852,1.9414704402807401,2.669356287696426,3.1897804737091064,3.1096861362457275,3.1796772480010986,0.7922534650083718,1.3349345922470093,-0.12206840613442817,3.565285630594848,5.096551340441602,1.4540318582977105,4.8435781181539,3.389546259856189,0.8328728636044836,45.93116177054514
p257_216,/home/vpopescu/projects/ultra-low-power-se/datasets/datasets/voicebank-demand/16k/clean_test/p257_216.wav,/home/vpopescu/projects/ultra-low-power-se/datasets/datasets/voicebank-demand/16k/noisy_test/p257_216.wav,/tmp/exp_fc_base_full_eval_j8p2wsn0/p257_216.wav,2.5535697052745223,2.7058631229923717,3.6898116085873456,4.179467678070068,3.4329051971435547,3.5425150394439697,0.23441565978175227,1.7264478206634521,4.0037174893784515,-6.208694607850209,10.1755343899406,16.37945698252723,5.0894088813997715,-11.290048101127459,0.9427447033424022,22.55807926192145
p257_217,/home/vpopescu/projects/ultra-low-power-se/datasets/datasets/voicebank-demand/16k/clean_test/p257_217.wav,/home/vpopescu/projects/ultra-low-power-se/datasets/datasets/voicebank-demand/16k/noisy_test/p257_217.wav,/tmp/exp_fc_base_full_eval_j8p2wsn0/p257_217.wav,2.54172386375303,2.6779480704367353,3.6264854481139936,4.015782833099365,2.9864752292633057,3.422215461730957,0.3024612671021103,1.7315633296966553,3.732330688425733,-1.3541452612761589,10.097985547871655,11.44942933008058,5.43104303885425,-6.01838629122633,0.9436268831044365,22.157177316113113
p257_218,/home/vpopescu/projects/ultra-low-power-se/datasets/datasets/voicebank-demand/16k/clean_test/p257_218.wav,/home/vpopescu/projects/ultra-low-power-se/datasets/datasets/voicebank-demand/16k/noisy_test/p257_218.wav,/tmp/exp_fc_base_full_eval_j8p2wsn0/p257_218.wav,2.30209246423649,2.3900672920608486,3.26505848982546,3.859506607055664,3.067918300628662,3.2865164279937744,0.48231987424693135,1.5570688247680664,2.1307762263550964,3.7022860359286796,9.709402958709807,6.02343224261412,5.618841751198431,-0.40459049141568837,0.8897994106303801,30.060762323288028
p257_219,/home/vpopescu/projects/ultra-low-power-se/datasets/datasets/voicebank-demand/16k/clean_test/p257_219.wav,/home/vpopescu/projects/ultra-low-power-se/datasets/datasets/voicebank-demand/16k/noisy_test/p257_219.wav,/tmp/exp_fc_base_full_eval_j8p2wsn0/p257_219.wav,2.293972833542683,2.36958407989433,3.2874799432279467,3.97297739982605,2.3661468029022217,3.319239377975464,0.4409177919002613,1.479733943939209,2.2620927597387417,4.764870369756093,6.876444024629411,2.152492319597774,5.37403879082619,3.221546471228416,0.9045683931401975,27.121690789114183
p257_220,/home/vpopescu/projects/ultra-low-power-se/datasets/datasets/voicebank-demand/16k/clean_test/p257_220.wav,/home/vpopescu/projects/ultra-low-power-se/datasets/datasets/voicebank-demand/16k/noisy_test/p257_220.wav,/tmp/exp_fc_base_full_eval_j8p2wsn0/p257_220.wav,2.3856133856642843,2.61499457347413,3.4648862702918444,3.7854549884796143,1.3649327754974365,1.9443119764328003,0.4062528682165176,1.8292067050933838,1.9169513687116542,-5.395655828000708,9.546543923215967,14.968121221685184,4.974412712915307,-9.993708508769878,0.9065704411842277,34.78790794274108
p257_221,/home/vpopescu/projects/ultra-low-power-se/datasets/datasets/voicebank-demand/16k/clean_test/p257_221.wav,/home/vpopescu/projects/ultra-low-power-se/datasets/datasets/voicebank-demand/16k/noisy_test/p257_221.wav,/tmp/exp_fc_base_full_eval_j8p2wsn0/p257_221.wav,2.3908674292678858,2.498689513727909,3.4112045382923637,3.6105079650878906,3.3762073516845703,3.357618808746338,0.35904183298071524,1.6478374004364014,3.288751222167529,-1.5278047987623644,9.990601186442245,11.525888132539237,5.625886005363469,-5.900002127175767,0.8990694947503685,33.99859644818115
p257_222,/home/vpopescu/projects/ultra-low-power-se/datasets/datasets/voicebank-demand/16k/clean_test/p257_222.wav,/home/vpopescu/projects/ultra-low-power-se/datasets/datasets/voicebank-demand/16k/noisy_test/p257_222.wav,/tmp/exp_fc_base_full_eval_j8p2wsn0/p257_222.wav,2.1084545367465832,2.206530314113886,3.0858573583183375,3.555359363555908,1.7401669025421143,2.4434595108032227,0.4657940875141493,1.4398266077041626,1.4962055642018195,2.380424021122014,8.1849515411039,5.817946116994619,5.313665566983703,-0.5042805500109164,0.8497952073746041,44.00621889724584
p257_223,/home/vpopescu/projects/ultra-low-power-se/datasets/datasets/voicebank-demand/16k/clean_test/p257_223.wav,/home/vpopescu/projects/ultra-low-power-se/datasets/datasets/voicebank-demand/16k/noisy_test/p257_223.wav,/tmp/exp_fc_base_full_eval_j8p2wsn0/p257_223.wav,2.1673525485065577,2.247355860385871,3.184696743344247,3.677065849304199,3.5466220378875732,3.627612590789795,0.41832943568926545,1.373267412185669,1.823340648134872,5.759017954813039,7.501631501629227,1.6682543890464405,5.724678185365631,4.056423796319191,0.8840798852529755,33.99139076438412
p257_224,/home/vpopescu/projects/ultra-low-power-se/datasets/datasets/voicebank-demand/16k/clean_test/p257_224.wav,/home/vpopescu/projects/ultra-low-power-se/datasets/datasets/voicebank-demand/16k/noisy_test/p257_224.wav,/tmp/exp_fc_base_full_eval_j8p2wsn0/p257_224.wav,2.7242713169543107,3.002747044377608,3.945768345983211,3.767021417617798,1.671431064605713,2.7225189208984375,0.21313436399537247,2.0358006954193115,3.779465168463281,-7.111851695075865,9.677302437880604,16.77421035495466,5.281625283266379,-11.492585071688282,0.9464732902944158,17.27824586704388
p257_225,/home/vpopescu/projects/ultra-low-power-se/datasets/datasets/voicebank-demand/16k/clean_test/p257_225.wav,/home/vpopescu/projects/ultra-low-power-se/datasets/datasets/voicebank-demand/16k/noisy_test/p257_225.wav,/tmp/exp_fc_base_full_eval_j8p2wsn0/p257_225.wav,2.6727345539583216,2.931719008565454,3.8776829842936076,4.036459922790527,2.660038948059082,3.2002081871032715,0.2186785150572739,1.97725510597229,3.7399137354997194,-2.2700045156049153,9.260073921943288,11.480840717186378,5.5236240701017705,-5.957216647084608,0.9351886193911176,20.286850290416517
p257_226,/home/vpopescu/projects/ultra-low-power-se/datasets/datasets/voicebank-demand/16k/clean_test/p257_226.wav,/home/vpopescu/projects/ultra-low-power-se/datasets/datasets/voicebank-demand/16k/noisy_test/p257_226.wav,/tmp/exp_fc_base_full_eval_j8p2wsn0/p257_226.wav,2.489929437757089,2.9091867622127827,3.7271512963241906,3.7822296619415283,2.3805456161499023,2.683422803878784,0.35349486742597713,2.1429572105407715,0.9603224010958523,3.4544403521601508,9.200868818862435,5.755172594356309,5.481369706012132,-0.27380288834417676,0.9296288203536544,32.700631450062616
p257_227,/home/vpopescu/projects/ultra-low-power-se/datasets/datasets/voicebank-demand/16k/clean_test/p257_227.wav,/home/vpopescu/projects/ultra-low-power-se/datasets/datasets/voicebank-demand/16k/noisy_test/p257_227.wav,/tmp/exp_fc_base_full_eval_j8p2wsn0/p257_227.wav,2.2752317666803696,2.6721886252183147,3.6182584695951894,4.06533670425415,3.3893635272979736,3.5160655975341797,0.23593199617557076,1.7905571460723877,0.44060549501323354,6.295032479993969,6.933504418364384,0.6847722862169269,5.509847148186938,4.825074861970011,0.7861804772566777,34.63038504686646
p257_228,/home/vpopescu/projects/ultra-low-power-se/datasets/datasets/voicebank-demand/16k/clean_test/p257_228.wav,/home/vpopescu/projects/ultra-low-power-se/datasets/datasets/voicebank-demand/16k/noisy_test/p257_228.wav,/tmp/exp_fc_base_full_eval_j8p2wsn0/p257_228.wav,2.499138605773331,2.6743536703818203,3.5507548112702025,3.776522397994995,2.639075994491577,2.910303831100464,0.35917623868708237,1.8474990129470825,3.254267911387637,-6.6219352965680045,9.221805455938046,15.8427825567022,5.429168516775091,-10.41361403992711,0.827126138614343,31.854971547542203
p257_229,/home/vpopescu/projects/ultra-low-power-se/datasets/datasets/voicebank-demand/16k/clean_test/p257_229.wav,/home/vpopescu/projects/ultra-low-power-se/datasets/datasets/voicebank-demand/16k/noisy_test/p257_229.wav,/tmp/exp_fc_base_full_eval_j8p2wsn0/p257_229.wav,1.9208254110269558,1.637158923008637,2.3179579019165546,2.884608268737793,3.216481924057007,3.301110029220581,0.9176770053907523,1.1350374221801758,2.3011602906535074,-1.1836851559956632,9.572435037860172,10.730316950016396,5.783280437518119,-4.947036512498277,0.8386578819035706,57.24222501233418
p257_230,/home/vpopescu/projects/ultra-low-power-se/datasets/datasets/voicebank-demand/16k/clean_test/p257_230.wav,/home/vpopescu/projects/ultra-low-power-se/datasets/datasets/voicebank-demand/16k/noisy_test/p257_230.wav,/tmp/exp_fc_base_full_eval_j8p2wsn0/p257_230.wav,1.9368953116650478,1.8140719744008067,2.479933916815794,2.7375571727752686,3.379742383956909,3.0967626571655273,0.8715878871963431,1.326170563697815,1.1147319579190331,0.9334476657655015,7.242769774784991,6.287131388430323,5.114094835838009,-1.1730365525923139,0.8349811575686297,57.3203330187724
p257_231,/home/vpopescu/projects/ultra-low-power-se/datasets/datasets/voicebank-demand/16k/clean_test/p257_231.wav,/home/vpopescu/projects/ultra-low-power-se/datasets/datasets/voicebank-demand/16k/noisy_test/p257_231.wav,/tmp/exp_fc_base_full_eval_j8p2wsn0/p257_231.wav,1.5613169611623319,1.3525454229098628,1.895024797049834,2.4605307579040527,3.166464328765869,3.148303747177124,1.1396918490558343,1.0764665603637695,-0.995970209923257,2.1900338991370005,3.7296679666303447,1.5619164403702541,4.283338666404073,2.721422226033819,0.7806452072538819,74.92684735234066
p257_232,/home/vpopescu/projects/ultra-low-power-se/datasets/datasets/voicebank-demand/16k/clean_test/p257_232.wav,/home/vpopescu/projects/ultra-low-power-se/datasets/datasets/voicebank-demand/16k/noisy_test/p257_232.wav,/tmp/exp_fc_base_full_eval_j8p2wsn0/p257_232.wav,2.4292722291806745,2.424353096936834,3.2416020031533517,3.6051061153411865,2.8011133670806885,3.25954532623291,0.5340197415629471,1.6690418720245361,3.766312963740236,-6.7314383968976195,10.083909539322748,16.81582751448437,5.668529304202014,-11.147298210282354,0.9288946375084242,34.258214623241265
p257_233,/home/vpopescu/projects/ultra-low-power-se/datasets/datasets/voicebank-demand/16k/clean_test/p257_233.wav,/home/vpopescu/projects/ultra-low-power-se/datasets/datasets/voicebank-demand/16k/noisy_test/p257_233.wav,/tmp/exp_fc_base_full_eval_j8p2wsn0/p257_233.wav,2.3165921472622664,2.52676254335125,3.3888193938421085,3.2850892543792725,2.0432162284851074,3.1597788333892822,0.37241594645036896,1.771728754043579,2.1985387603282245,-1.8281239490415278,8.895571223040239,10.725515655457666,5.516911056144004,-5.208604599313663,0.8607072858223667,43.257448438748916
p257_234,/home/vpopescu/projects/ultra-low-power-se/datasets/datasets/voicebank-demand/16k/clean_test/p257_234.wav,/home/vpopescu/projects/ultra-low-power-se/datasets/datasets/voicebank-demand/16k/noisy_test/p257_234.wav,/tmp/exp_fc_base_full_eval_j8p2wsn0/p257_234.wav,1.9679387691227694,1.8431022870990088,2.618178751855344,3.531189203262329,2.8153011798858643,3.480346441268921,0.7014595104636071,1.238552212715149,2.0745362892737735,0.10710420271766363,7.053289696359705,6.972455700891005,5.468761538108539,-1.503694162782466,0.8782972641953886,55.54071068275992
p257_235,/home/vpopescu/projects/ultra-low-power-se/datasets/datasets/voicebank-demand/16k/clean_test/p257_235.wav,/home/vpopescu/projects/ultra-low-power-se/datasets/datasets/voicebank-demand/16k/noisy_test/p257_235.wav,/tmp/exp_fc_base_full_eval_j8p2wsn0/p257_235.wav,1.7638488662432346,1.6869210758771414,2.4257696483586706,3.077347755432129,3.02624773979187,3.2981417179107666,0.8393863431563617,1.1007587909698486,-0.5220617886162426,4.585881511899182,5.503534479465394,0.9453649690596089,5.224537971913536,4.279173002853927,0.8496777490359348,51.91770616536135
p257_236,/home/vpopescu/projects/ultra-low-power-se/datasets/datasets/voicebank-demand/16k/clean_test/p257_236.wav,/home/vpopescu/projects/ultra-low-power-se/datasets/datasets/voicebank-demand/16k/noisy_test/p257_236.wav,/tmp/exp_fc_base_full_eval_j8p2wsn0/p257_236.wav,2.595293998787042,2.8135477063935417,3.820956970194727,3.873584508895874,2.348371744155884,3.328545331954956,0.18080536585515256,1.789365291595459,3.718990403609162,-6.109710965178458,10.304553566417692,16.40696037813552,5.091440243188941,-11.315520134946578,0.9073283100279834,18.331286574709214
p257_237,/home/vpopescu/projects/ultra-low-power-se/datasets/datasets/voicebank-demand/16k/clean_test/p257_237.wav,/home/vpopescu/projects/ultra-low-power-se/datasets/datasets/voicebank-demand/16k/noisy_test/p257_237.wav,/tmp/exp_fc_base_full_eval_j8p2wsn0/p257_237.wav,2.47521085702143,2.620101978237585,3.6148067428817123,3.8764891624450684,2.464751720428467,3.054513931274414,0.2463946057007418,1.6345491409301758,3.5468636468132266,-1.3032362787863399,10.258242154275276,11.570564368002088,5.1541142355015594,-6.416450132500529,0.9347601080310016,23.3651488703467
p257_238,/home/vpopescu/projects/ultra-low-power-se/datasets/datasets/voicebank-demand/16k/clean_test/p257_238.wav,/home/vpopescu/projects/ultra-low-power-se/datasets/datasets/voicebank-demand/16k/noisy_test/p257_238.wav,/tmp/exp_fc_base_full_eval_j8p2wsn0/p257_238.wav,2.470146085073083,2.7873469530059376,3.6612902399455787,3.8295185565948486,3.0781335830688477,3.3864567279815674,0.33630900626215915,1.947542667388916,1.7056408428110437,3.878372673440863,9.47917603641353,5.58239602152372,5.593782766285145,0.011386744761424872,0.9243478915194488,28.890669005130686
p257_239,/home/vpopescu/projects/ultra-low-power-se/datasets/datasets/voicebank-demand/16k/clean_test/p257_239.wav,/home/vpopescu/projects/ultra-low-power-se/datasets/datasets/voicebank-demand/16k/noisy_test/p257_239.wav,/tmp/exp_fc_base_full_eval_j8p2wsn0/p257_239.wav,1.9932294677188476,2.096174868878633,3.070532671766964,3.450024127960205,3.495025873184204,3.5561609268188477,0.4298455438516579,1.1777102947235107,0.35055471051990383,5.850245626066092,6.688894021340015,0.8614324973076964,5.220226286143811,4.358793788836115,0.8892204860872588,32.25728570310636
p257_240,/home/vpopescu/projects/ultra-low-power-se/datasets/datasets/voicebank-demand/16k/clean_test/p257_240.wav,/home/vpopescu/projects/ultra-low-power-se/datasets/datasets/voicebank-demand/16k/noisy_test/p257_240.wav,/tmp/exp_fc_base_full_eval_j8p2wsn0/p257_240.wav,2.3430261110822412,2.340089193576398,3.1516371718827974,2.892540216445923,2.488290786743164,3.0034945011138916,0.5452506196504755,1.6168707609176636,3.3727831597599387,-7.025752996577271,9.684723893863712,16.695403352388027,5.3102875075673515,-11.385115844820675,0.8435258219630282,39.47477881446833
p257_241,/home/vpopescu/projects/ultra-low-power-se/datasets/datasets/voicebank-demand/16k/clean_test/p257_241.wav,/home/vpopescu/projects/ultra-low-power-se/datasets/datasets/voicebank-demand/16k/noisy_test/p257_241.wav,/tmp/exp_fc_base_full_eval_j8p2wsn0/p257_241.wav,2.1480540645771247,2.1519883104878015,3.1967101814262944,3.9141933917999268,2.411179542541504,2.927722454071045,0.32656713920391345,1.1403709650039673,2.567693402749476,-1.70036357774217,8.679349423241543,10.411521374492459,5.461263516025976,-4.9502578584664825,0.9173470445137467,27.543991581141228
p257_242,/home/vpopescu/projects/ultra-low-power-se/datasets/datasets/voicebank-demand/16k/clean_test/p257_242.wav,/home/vpopescu/projects/ultra-low-power-se/datasets/datasets/voicebank-demand/16k/noisy_test/p257_242.wav,/tmp/exp_fc_base_full_eval_j8p2wsn0/p257_242.wav,2.0564268057316384,2.0391025891023267,2.9050769497240223,3.4488651752471924,2.8351221084594727,3.3612380027770996,0.5688945824648222,1.2715288400650024,1.616509858866321,1.488617684361981,8.000717326614641,6.49167079195573,5.324266178423315,-1.1674046135324154,0.886774266900336,41.02915727543017
p257_243,/home/vpopescu/projects/ultra-low-power-se/datasets/datasets/voicebank-demand/16k/clean_test/p257_243.wav,/home/vpopescu/projects/ultra-low-power-se/datasets/datasets/voicebank-demand/16k/noisy_test/p257_243.wav,/tmp/exp_fc_base_full_eval_j8p2wsn0/p257_243.wav,2.1010232269121567,2.1504743329555565,3.054020654559486,3.571589946746826,2.3013558387756348,2.8973004817962646,0.504933805319164,1.3131022453308105,1.2921780929581559,5.310749594131384,6.551464011965883,1.2415090837433134,5.279908876068401,4.038399792325087,0.8861831329929929,34.57812374461921
p257_244,/home/vpopescu/projects/ultra-low-power-se/datasets/datasets/voicebank-demand/16k/clean_test/p257_244.wav,/home/vpopescu/projects/ultra-low-power-se/datasets/datasets/voicebank-demand/16k/noisy_test/p257_244.wav,/tmp/exp_fc_base_full_eval_j8p2wsn0/p257_244.wav,2.779555803597269,3.16927925707307,4.0792646468514535,4.042060852050781,2.2715892791748047,3.118351459503174,0.1881982601303574,2.24381160736084,3.295959253086527,-5.016772438331321,11.269918549574623,16.26946655315249,5.344364233900309,-10.925102319252183,0.9469528700673306,19.23308252366618
p257_245,/home/vpopescu/projects/ultra-low-power-se/datasets/datasets/voicebank-demand/16k/clean_test/p257_245.wav,/home/vpopescu/projects/ultra-low-power-se/datasets/datasets/voicebank-demand/16k/noisy_test/p257_245.wav,/tmp/exp_fc_base_full_eval_j8p2wsn0/p257_245.wav,2.2476486103990583,2.3068606894058155,3.3513868796591275,3.5391368865966797,2.0715384483337402,2.6779890060424805,0.2521529215007434,1.3071101903915405,3.160486626077716,-1.2981106824439,10.121063475111814,11.42875643198257,5.336271475014288,-6.092484956968282,0.9337283008064595,30.037245435856274
p257_246,/home/vpopescu/projects/ultra-low-power-se/datasets/datasets/voicebank-demand/16k/clean_test/p257_246.wav,/home/vpopescu/projects/ultra-low-power-se/datasets/datasets/voicebank-demand/16k/noisy_test/p257_246.wav,/tmp/exp_fc_base_full_eval_j8p2wsn0/p257_246.wav,2.2184454858897604,2.295355052683328,3.2483396474454724,3.386458396911621,3.141439437866211,3.448519468307495,0.3685497094243556,1.4115183353424072,2.4755472640973055,3.193470302663079,9.502535399613821,6.318919398898339,5.692770029630433,-0.6261493692679068,0.9117713332022221,35.17425086314857
p257_247,/home/vpopescu/projects/ultra-low-power-se/datasets/datasets/voicebank-demand/16k/clean_test/p257_247.wav,/home/vpopescu/projects/ultra-low-power-se/datasets/datasets/voicebank-demand/16k/noisy_test/p257_247.wav,/tmp/exp_fc_base_full_eval_j8p2wsn0/p257_247.wav,2.059588324578816,2.113316855557667,2.9113103967688687,2.9569625854492188,2.641207695007324,3.3763391971588135,0.592582093307897,1.4576482772827148,1.2622289510945024,5.065830694024245,6.42563923199976,1.4150433153061823,5.3122090965994335,3.897165781293251,0.8540663088845759,50.09828226875357
p257_248,/home/vpopescu/projects/ultra-low-power-se/datasets/datasets/voicebank-demand/16k/clean_test/p257_248.wav,/home/vpopescu/projects/ultra-low-power-se/datasets/datasets/voicebank-demand/16k/noisy_test/p257_248.wav,/tmp/exp_fc_base_full_eval_j8p2wsn0/p257_248.wav,2.567083930219673,2.7429831230840285,3.62959148692226,4.123227119445801,3.6348395347595215,3.554314136505127,0.32836479396549867,1.8957014083862305,3.744006240755666,-5.305520643639129,11.127543789014867,16.42815468011114,5.251269882152173,-11.17688479795897,0.938491985272763,29.847676593793175
p257_249,/home/vpopescu/projects/ultra-low-power-se/datasets/datasets/voicebank-demand/16k/clean_test/p257_249.wav,/home/vpopescu/projects/ultra-low-power-se/datasets/datasets/voicebank-demand/16k/noisy_test/p257_249.wav,/tmp/exp_fc_base_full_eval_j8p2wsn0/p257_249.wav,2.1881712858330773,2.1747416235762453,2.990245901440321,3.4830968379974365,3.322819471359253,3.18264102935791,0.5673480280863143,1.4793932437896729,2.646175596759728,-1.4195375105532992,8.992315002979014,10.379069685304135,6.103797197491335,-4.275272487812799,0.9105447603663053,45.669678184892696
p257_250,/home/vpopescu/projects/ultra-low-power-se/datasets/datasets/voicebank-demand/16k/clean_test/p257_250.wav,/home/vpopescu/projects/ultra-low-power-se/datasets/datasets/voicebank-demand/16k/noisy_test/p257_250.wav,/tmp/exp_fc_base_full_eval_j8p2wsn0/p257_250.wav,2.1174419483687323,2.1249191513677026,2.973941042307985,3.3544042110443115,3.253164052963257,3.563122034072876,0.5483770572342251,1.3851344585418701,1.979249391115843,3.077629782014763,9.154355428180574,6.075848455886223,5.758535002580141,-0.31731345330608196,0.9107427433995509,43.33500492208281
p257_251,/home/vpopescu/projects/ultra-low-power-se/datasets/datasets/voicebank-demand/16k/clean_test/p257_251.wav,/home/vpopescu/projects/ultra-low-power-se/datasets/datasets/voicebank-demand/16k/noisy_test/p257_251.wav,/tmp/exp_fc_base_full_eval_j8p2wsn0/p257_251.wav,1.9794141108253722,1.830420702477506,2.599562585170698,3.0944085121154785,3.1643826961517334,3.520738363265991,0.7479422198219631,1.2040139436721802,1.900945259997208,5.227827318755853,6.927992160723359,1.7922169965193502,5.803783065096617,4.011566068577267,0.868740959601566,49.98058651853628
p257_252,/home/vpopescu/projects/ultra-low-power-se/datasets/datasets/voicebank-demand/16k/clean_test/p257_252.wav,/home/vpopescu/projects/ultra-low-power-se/datasets/datasets/voicebank-demand/16k/noisy_test/p257_252.wav,/tmp/exp_fc_base_full_eval_j8p2wsn0/p257_252.wav,2.0657490148194855,1.8305141415467219,2.60901921622876,3.2087349891662598,3.447300910949707,3.384389877319336,0.7621431547853763,1.170215368270874,2.9790159277337627,-5.401932272918604,10.36421589603773,15.746648729857771,6.146997416052442,-9.599651313805328,0.8617084176790409,45.041704951602775
p257_253,/home/vpopescu/projects/ultra-low-power-se/datasets/datasets/voicebank-demand/16k/clean_test/p257_253.wav,/home/vpopescu/projects/ultra-low-power-se/datasets/datasets/voicebank-demand/16k/noisy_test/p257_253.wav,/tmp/exp_fc_base_full_eval_j8p2wsn0/p257_253.wav,2.1773915064748603,2.1257751842330093,2.886656830693805,3.132214307785034,1.3251174688339233,2.3677613735198975,0.6659050604942252,1.488874077796936,2.500551662038191,-2.36099106630218,8.901975102866144,11.271023682507204,5.371896920400422,-5.899126762106782,0.8908600533529728,46.54643677435438
p257_254,/home/vpopescu/projects/ultra-low-power-se/datasets/datasets/voicebank-demand/16k/clean_test/p257_254.wav,/home/vpopescu/projects/ultra-low-power-se/datasets/datasets/voicebank-demand/16k/noisy_test/p257_254.wav,/tmp/exp_fc_base_full_eval_j8p2wsn0/p257_254.wav,2.0239625215421357,1.9113255937549083,2.613168284531713,2.4228997230529785,1.978729009628296,2.188709020614624,0.7774236463449158,1.3880085945129395,2.0392830359422516,0.3123083619664442,7.069313706789378,6.758292510351451,4.846367113402284,-1.911925396949167,0.8656874585789305,57.42577398563012
p257_255,/home/vpopescu/projects/ultra-low-power-se/datasets/datasets/voicebank-demand/16k/clean_test/p257_255.wav,/home/vpopescu/projects/ultra-low-power-se/datasets/datasets/voicebank-demand/16k/noisy_test/p257_255.wav,/tmp/exp_fc_base_full_eval_j8p2wsn0/p257_255.wav,1.7674542693153434,1.7626803630369008,2.39537696117588,2.6095950603485107,2.9873130321502686,2.7831287384033203,0.9125285014747185,1.3338204622268677,-1.052085640133759,4.395750726805762,5.439591626534105,1.1292705933636762,5.185134972671436,4.05586437930776,0.8209452417051935,62.547216614381746
p257_256,/home/vpopescu/projects/ultra-low-power-se/datasets/datasets/voicebank-demand/16k/clean_test/p257_256.wav,/home/vpopescu/projects/ultra-low-power-se/datasets/datasets/voicebank-demand/16k/noisy_test/p257_256.wav,/tmp/exp_fc_base_full_eval_j8p2wsn0/p257_256.wav,2.642880058578082,2.859854838911855,3.8183453673392735,4.210049629211426,3.2275216579437256,3.3596842288970947,0.2121333895040214,1.9063458442687988,4.091873258985159,-5.675744845882335,10.743295811187386,16.413040027160687,5.5917655257386745,-10.821274501422012,0.9489373136290717,22.877324328352685
p257_257,/home/vpopescu/projects/ultra-low-power-se/datasets/datasets/voicebank-demand/16k/clean_test/p257_257.wav,/home/vpopescu/projects/ultra-low-power-se/datasets/datasets/voicebank-demand/16k/noisy_test/p257_257.wav,/tmp/exp_fc_base_full_eval_j8p2wsn0/p257_257.wav,2.400696255161041,2.583619210858919,3.4774834303494626,4.027310371398926,2.575545072555542,2.9185566902160645,0.39566090187836733,1.715756893157959,2.151605819096044,-1.658863325186232,8.991147662736282,10.68056270029257,5.0937706723245535,-5.586792027968017,0.933287760383183,26.99810091021628
p257_258,/home/vpopescu/projects/ultra-low-power-se/datasets/datasets/voicebank-demand/16k/clean_test/p257_258.wav,/home/vpopescu/projects/ultra-low-power-se/datasets/datasets/voicebank-demand/16k/noisy_test/p257_258.wav,/tmp/exp_fc_base_full_eval_j8p2wsn0/p257_258.wav,2.523126371366757,2.7305991862003065,3.6372254846589818,4.029256343841553,2.8000402450561523,3.1211459636688232,0.335702363901788,1.834876537322998,2.867495278624685,2.753144175261581,9.317658688277794,6.5765328236553,5.451592710397932,-1.1249401132573675,0.9132196316443765,24.08525943242734
p257_259,/home/vpopescu/projects/ultra-low-power-se/datasets/datasets/voicebank-demand/16k/clean_test/p257_259.wav,/home/vpopescu/projects/ultra-low-power-se/datasets/datasets/voicebank-demand/16k/noisy_test/p257_259.wav,/tmp/exp_fc_base_full_eval_j8p2wsn0/p257_259.wav,2.0841284815064562,2.3136705031687166,3.095243999040678,3.705726146697998,3.4321696758270264,3.20497465133667,0.6185432577442669,1.6058884859085083,-0.9700100751625861,6.360480799418222,6.354673835246328,-0.011015841774111943,4.949289854875671,4.960305696649783,0.9109830813466324,36.62508286036683
p257_260,/home/vpopescu/projects/ultra-low-power-se/datasets/datasets/voicebank-demand/16k/clean_test/p257_260.wav,/home/vpopescu/projects/ultra-low-power-se/datasets/datasets/voicebank-demand/16k/noisy_test/p257_260.wav,/tmp/exp_fc_base_full_eval_j8p2wsn0/p257_260.wav,2.235034791740509,2.1822738016482726,2.9640747632762525,3.3484060764312744,3.331960439682007,3.7748589515686035,0.6068279066780882,1.528512716293335,3.2045834936662843,-5.7069559174408635,9.958280253908185,15.661023621544498,5.5589736504082214,-10.102049971136276,0.8176757509158193,47.35472096409729
p257_261,/home/vpopescu/projects/ultra-low-power-se/datasets/datasets/voicebank-demand/16k/clean_test/p257_261.wav,/home/vpopescu/projects/ultra-low-power-se/datasets/datasets/voicebank-demand/16k/noisy_test/p257_261.wav,/tmp/exp_fc_base_full_eval_j8p2wsn0/p257_261.wav,2.3467387346847017,2.3428280920035416,3.284442049211087,3.5734341144561768,2.665391683578491,3.143965721130371,0.3737881630147439,1.4647414684295654,3.992088307842536,-1.2079808283510456,10.185260635467074,11.382097597403597,5.733866282474435,-5.648231314929162,0.914758972447424,34.12989294552995
p257_262,/home/vpopescu/projects/ultra-low-power-se/datasets/datasets/voicebank-demand/16k/clean_test/p257_262.wav,/home/vpopescu/projects/ultra-low-power-se/datasets/datasets/voicebank-demand/16k/noisy_test/p257_262.wav,/tmp/exp_fc_base_full_eval_j8p2wsn0/p257_262.wav,2.115260221440064,2.0349701294051754,2.92421362166955,3.11850643157959,2.9199421405792236,3.4999051094055176,0.5219543867938311,1.2552130222320557,2.9127635597830133,1.9955198058714494,8.900437345820809,6.914491978634533,5.560469253199216,-1.3540227254353177,0.9220028847553844,43.17652963616971
p257_263,/home/vpopescu/projects/ultra-low-power-se/datasets/datasets/voicebank-demand/16k/clean_test/p257_263.wav,/home/vpopescu/projects/ultra-low-power-se/datasets/datasets/voicebank-demand/16k/noisy_test/p257_263.wav,/tmp/exp_fc_base_full_eval_j8p2wsn0/p257_263.wav,1.5021959270126426,1.409750696918935,1.9721717162309322,2.7610085010528564,3.2665815353393555,3.4527587890625,1.1090446987858666,1.094438910484314,-2.500065586607709,4.220815120400857,4.6299833939563015,0.44159127004079723,4.7756129397078535,4.334021669667056,0.8009242322455296,71.06310574893914
p257_264,/home/vpopescu/projects/ultra-low-power-se/datasets/datasets/voicebank-demand/16k/clean_test/p257_264.wav,/home/vpopescu/projects/ultra-low-power-se/datasets/datasets/voicebank-demand/16k/noisy_test/p257_264.wav,/tmp/exp_fc_base_full_eval_j8p2wsn0/p257_264.wav,2.541533637039495,2.823288550524432,3.6516233108607543,3.5333290100097656,2.7959611415863037,3.017756700515747,0.3750760082944864,2.04362154006958,2.4519113312863383,-2.8305959080449803,11.736661253560644,14.568032214770794,6.09656721247359,-8.471465002297204,0.8650551930649345,31.96969614068621
p257_265,/home/vpopescu/projects/ultra-low-power-se/datasets/datasets/voicebank-demand/16k/clean_test/p257_265.wav,/home/vpopescu/projects/ultra-low-power-se/datasets/datasets/voicebank-demand/16k/noisy_test/p257_265.wav,/tmp/exp_fc_base_full_eval_j8p2wsn0/p257_265.wav,2.5439969451855373,2.7321726245590376,3.692753240671698,4.016593933105469,2.531351089477539,3.0783934593200684,0.25083932420608857,1.7838468551635742,3.598611242404311,-0.9121941278781751,10.409973031628928,11.331286849862977,5.612501520797228,-5.718785329065748,0.9333100365998169,24.199194264874645
p257_266,/home/vpopescu/projects/ultra-low-power-se/datasets/datasets/voicebank-demand/16k/clean_test/p257_266.wav,/home/vpopescu/projects/ultra-low-power-se/datasets/datasets/voicebank-demand/16k/noisy_test/p257_266.wav,/tmp/exp_fc_base_full_eval_j8p2wsn0/p257_266.wav,2.172444348750972,2.244090970256699,3.1223030522732627,3.5716307163238525,1.9238197803497314,2.749739646911621,0.5065626352665091,1.4322643280029297,1.5451388015044303,2.1319250587539225,8.160139085673283,6.033807748271331,5.331665270663432,-0.7021424776078984,0.9095211415795782,34.78882064702958
p257_267,/home/vpopescu/projects/ultra-low-power-se/datasets/datasets/voicebank-demand/16k/clean_test/p257_267.wav,/home/vpopescu/projects/ultra-low-power-se/datasets/datasets/voicebank-demand/16k/noisy_test/p257_267.wav,/tmp/exp_fc_base_full_eval_j8p2wsn0/p257_267.wav,1.6546159926724688,1.7715664907811672,2.583877277509455,2.892970085144043,3.088242769241333,3.2129130363464355,0.6792828542396594,1.1240801811218262,-2.1772873055962987,6.865552743201933,7.359283986328984,0.42231808550049266,6.0401502924473345,5.617832206946842,0.8584368691963897,54.21789052159958
p257_268,/home/vpopescu/projects/ultra-low-power-se/datasets/datasets/voicebank-demand/16k/clean_test/p257_268.wav,/home/vpopescu/projects/ultra-low-power-se/datasets/datasets/voicebank-demand/16k/noisy_test/p257_268.wav,/tmp/exp_fc_base_full_eval_j8p2wsn0/p257_268.wav,2.131050028633141,2.0136119869201385,2.925014712049836,3.523336887359619,2.9707467555999756,3.0440757274627686,0.5057326573183927,1.2037131786346436,3.366938580627204,-5.505310019003243,10.481802272969968,15.975329898243473,5.779968373972628,-10.195361524270844,0.8479852474234193,41.49171447624755
p257_269,/home/vpopescu/projects/ultra-low-power-se/datasets/datasets/voicebank-demand/16k/clean_test/p257_269.wav,/home/vpopescu/projects/ultra-low-power-se/datasets/datasets/voicebank-demand/16k/noisy_test/p257_269.wav,/tmp/exp_fc_base_full_eval_j8p2wsn0/p257_269.wav,2.205098801659928,2.207276891730318,3.0945730459131755,3.4351537227630615,3.0321826934814453,3.235729932785034,0.4663256190845406,1.421417236328125,2.9185179244067045,-0.6463222269472588,10.097328561336647,10.77786116257865,5.7408625149138075,-5.036998647664843,0.8979641182261536,41.74360950607685
p257_270,/home/vpopescu/projects/ultra-low-power-se/datasets/datasets/voicebank-demand/16k/clean_test/p257_270.wav,/home/vpopescu/projects/ultra-low-power-se/datasets/datasets/voicebank-demand/16k/noisy_test/p257_270.wav,/tmp/exp_fc_base_full_eval_j8p2wsn0/p257_270.wav,1.912261083310554,1.5430446515511043,2.039654238605418,2.5690953731536865,2.4816524982452393,2.555981159210205,1.211623298999386,1.2469112873077393,1.850877676530079,1.6764280855272542,7.8110557870815,6.133536226171134,6.349832249855332,0.21629602368419842,0.7565759413825748,62.052543663420074
p257_271,/home/vpopescu/projects/ultra-low-power-se/datasets/datasets/voicebank-demand/16k/clean_test/p257_271.wav,/home/vpopescu/projects/ultra-low-power-se/datasets/datasets/voicebank-demand/16k/noisy_test/p257_271.wav,/tmp/exp_fc_base_full_eval_j8p2wsn0/p257_271.wav,1.6625594508271793,1.1289144413510384,1.3352834251999368,2.4030299186706543,3.1527581214904785,3.422220230102539,1.8053345230961826,1.1353845596313477,-0.943103418248476,3.5474144689368527,5.283004994931292,1.6807517455832972,5.197703200886043,3.5169514553027454,0.8165788717083866,64.96269333242157
p257_272,/home/vpopescu/projects/ultra-low-power-se/datasets/datasets/voicebank-demand/16k/clean_test/p257_272.wav,/home/vpopescu/projects/ultra-low-power-se/datasets/datasets/voicebank-demand/16k/noisy_test/p257_272.wav,/tmp/exp_fc_base_full_eval_j8p2wsn0/p257_272.wav,2.307217217457388,2.400086368281575,3.1465574736472517,3.300826072692871,2.246002197265625,2.711885452270508,0.5986874556330143,1.761336326599121,2.1676166776130508,-5.102973067227756,9.515984973743162,14.631944792199755,5.5542799009929835,-9.077664891206773,0.8698677989121052,43.60877104951628
p257_273,/home/vpopescu/projects/ultra-low-power-se/datasets/datasets/voicebank-demand/16k/clean_test/p257_273.wav,/home/vpopescu/projects/ultra-low-power-se/datasets/datasets/voicebank-demand/16k/noisy_test/p257_273.wav,/tmp/exp_fc_base_full_eval_j8p2wsn0/p257_273.wav,2.099697645893821,2.0132262971746515,2.644079818321407,3.535487413406372,2.9311764240264893,3.468046188354492,0.8826944895259421,1.5293934345245361,1.5022765582763535,-2.1300169840972973,8.735256490413235,10.825703346286025,5.027516029878112,-5.798187316407913,0.9091729781939009,51.42797699718822
p257_274,/home/vpopescu/projects/ultra-low-power-se/datasets/datasets/voicebank-demand/16k/clean_test/p257_274.wav,/home/vpopescu/projects/ultra-low-power-se/datasets/datasets/voicebank-demand/16k/noisy_test/p257_274.wav,/tmp/exp_fc_base_full_eval_j8p2wsn0/p257_274.wav,1.7165178185960925,1.642164685318856,2.3825526175785163,2.581861734390259,1.9474687576293945,2.3445065021514893,0.8198674596834545,1.084344506263733,-0.4894976592452574,2.813238654711422,7.957961354674541,5.106981678153001,5.804143608606033,0.6971619304530323,0.8188678591782838,57.85150040936006
p257_275,/home/vpopescu/projects/ultra-low-power-se/datasets/datasets/voicebank-demand/16k/clean_test/p257_275.wav,/home/vpopescu/projects/ultra-low-power-se/datasets/datasets/voicebank-demand/16k/noisy_test/p257_275.wav,/tmp/exp_fc_base_full_eval_j8p2wsn0/p257_275.wav,1.9246889433694663,1.7317178127623343,2.4433441899279056,3.179959535598755,2.7916882038116455,3.5307586193084717,0.9131855525605858,1.1300709247589111,0.8722749220996215,5.10035054103421,6.722588219293106,1.6061758348584465,5.966038908452893,4.359863073594446,0.8680084788457011,43.49118267965279
p257_276,/home/vpopescu/projects/ultra-low-power-se/datasets/datasets/voicebank-demand/16k/clean_test/p257_276.wav,/home/vpopescu/projects/ultra-low-power-se/datasets/datasets/voicebank-demand/16k/noisy_test/p257_276.wav,/tmp/exp_fc_base_full_eval_j8p2wsn0/p257_276.wav,2.2585794853307197,2.32504781121503,3.3199718766206394,4.091830253601074,1.7460896968841553,2.7387073040008545,0.32952582215544557,1.3675620555877686,2.7302737357032036,-3.1461089933865747,10.369861965716654,13.514614953103536,5.295206685229793,-8.219408267873742,0.8258337967475818,28.731774655647925
p257_277,/home/vpopescu/projects/ultra-low-power-se/datasets/datasets/voicebank-demand/16k/clean_test/p257_277.wav,/home/vpopescu/projects/ultra-low-power-se/datasets/datasets/voicebank-demand/16k/noisy_test/p257_277.wav,/tmp/exp_fc_base_full_eval_j8p2wsn0/p257_277.wav,2.4769106841325135,2.5534053289669085,3.459891584037196,3.780916452407837,3.020313262939453,3.3510429859161377,0.40369155555884567,1.6596651077270508,3.484536015019396,-1.0779615274851349,10.281641865005504,11.35084590820939,5.6775273895790885,-5.6733185186303015,0.9190200250719536,24.276429472462613
p257_278,/home/vpopescu/projects/ultra-low-power-se/datasets/datasets/voicebank-demand/16k/clean_test/p257_278.wav,/home/vpopescu/projects/ultra-low-power-se/datasets/datasets/voicebank-demand/16k/noisy_test/p257_278.wav,/tmp/exp_fc_base_full_eval_j8p2wsn0/p257_278.wav,2.43628625280667,2.7341269891060866,3.628868071447552,3.963106393814087,2.6691906452178955,3.1107656955718994,0.34233457214591123,1.8590304851531982,1.5045544667773583,2.3184096150062414,8.4324243949528,6.1312903766877405,5.396296851170059,-0.7349935255176812,0.930382502989447,25.87389292907598
p257_279,/home/vpopescu/projects/ultra-low-power-se/datasets/datasets/voicebank-demand/16k/clean_test/p257_279.wav,/home/vpopescu/projects/ultra-low-power-se/datasets/datasets/voicebank-demand/16k/noisy_test/p257_279.wav,/tmp/exp_fc_base_full_eval_j8p2wsn0/p257_279.wav,2.297736273064918,2.5490139636535463,3.413806136242459,3.854910373687744,2.659043788909912,3.4346299171447754,0.44367128704850795,1.7189668416976929,0.6930915504393911,5.362446568401322,6.8409311375511015,1.480823776193823,5.19328277775804,3.712459001564217,0.9339118195297271,28.799234992037245
p257_280,/home/vpopescu/projects/ultra-low-power-se/datasets/datasets/voicebank-demand/16k/clean_test/p257_280.wav,/home/vpopescu/projects/ultra-low-power-se/datasets/datasets/voicebank-demand/16k/noisy_test/p257_280.wav,/tmp/exp_fc_base_full_eval_j8p2wsn0/p257_280.wav,2.5796717748140754,2.8511897187791604,3.744537450353419,4.0137834548950195,2.484832525253296,3.334733009338379,0.2905073398283904,1.9841530323028564,2.993021263584338,-5.609552025903845,10.26613897424087,15.878020554524529,5.487990807217225,-10.390029747307302,0.9421143763121388,27.330530604643318
p257_281,/home/vpopescu/projects/ultra-low-power-se/datasets/datasets/voicebank-demand/16k/clean_test/p257_281.wav,/home/vpopescu/projects/ultra-low-power-se/datasets/datasets/voicebank-demand/16k/noisy_test/p257_281.wav,/tmp/exp_fc_base_full_eval_j8p2wsn0/p257_281.wav,1.9951126294382093,1.8741737886364986,2.7353882568320187,3.1039021015167236,2.563864231109619,2.670717716217041,0.6318101694656522,1.1194771528244019,1.960651793791685,-0.5356660346032616,9.440781473209617,9.98977587375676,5.396585423949684,-4.593190449807075,0.8895806777999892,42.50264466010442
p257_282,/home/vpopescu/projects/ultra-low-power-se/datasets/datasets/voicebank-demand/16k/clean_test/p257_282.wav,/home/vpopescu/projects/ultra-low-power-se/datasets/datasets/voicebank-demand/16k/noisy_test/p257_282.wav,/tmp/exp_fc_base_full_eval_j8p2wsn0/p257_282.wav,1.940142752413002,2.043586701187683,2.843143728446345,3.210721731185913,2.981646776199341,3.439999580383301,0.6553874181794103,1.354015827178955,-0.5752243078574657,4.477386204763861,9.77455042142237,5.327182244229336,6.043291593015728,0.7161093487863921,0.90208779350136,43.548240226216876
p257_283,/home/vpopescu/projects/ultra-low-power-se/datasets/datasets/voicebank-demand/16k/clean_test/p257_283.wav,/home/vpopescu/projects/ultra-low-power-se/datasets/datasets/voicebank-demand/16k/noisy_test/p257_283.wav,/tmp/exp_fc_base_full_eval_j8p2wsn0/p257_283.wav,2.086715386462533,2.1857383163929067,3.1106184103079455,3.2863998413085938,3.324467658996582,3.431908369064331,0.4493205179646781,1.3347649574279785,1.069731840486666,5.078679168434515,6.4810074565097775,1.3973543168732392,5.087829733154559,3.6904754162813203,0.8945514779927816,36.09933844838579
p257_284,/home/vpopescu/projects/ultra-low-power-se/datasets/datasets/voicebank-demand/16k/clean_test/p257_284.wav,/home/vpopescu/projects/ultra-low-power-se/datasets/datasets/voicebank-demand/16k/noisy_test/p257_284.wav,/tmp/exp_fc_base_full_eval_j8p2wsn0/p257_284.wav,2.5765527774385553,2.7179993832409184,3.568389206695044,3.65938138961792,2.4725570678710938,3.0503807067871094,0.40906359866766123,1.8937665224075317,3.6249918175723406,-6.616560338498594,9.780541930069177,16.384260875867753,5.02996243216168,-11.354298443706073,0.9287649380894809,27.291729254186055
p257_285,/home/vpopescu/projects/ultra-low-power-se/datasets/datasets/voicebank-demand/16k/clean_test/p257_285.wav,/home/vpopescu/projects/ultra-low-power-se/datasets/datasets/voicebank-demand/16k/noisy_test/p257_285.wav,/tmp/exp_fc_base_full_eval_j8p2wsn0/p257_285.wav,2.4348521827892426,2.811429036729381,3.6659182013251264,3.706949234008789,1.6421141624450684,2.375154733657837,0.3321083728331101,2.0121073722839355,1.1324249191453453,-0.44015874614144046,9.573909325263907,10.017451427219829,5.102563104334999,-4.9148883228848295,0.9106951197165756,33.18255872409073
p257_286,/home/vpopescu/projects/ultra-low-power-se/datasets/datasets/voicebank-demand/16k/clean_test/p257_286.wav,/home/vpopescu/projects/ultra-low-power-se/datasets/datasets/voicebank-demand/16k/noisy_test/p257_286.wav,/tmp/exp_fc_base_full_eval_j8p2wsn0/p257_286.wav,2.262725937681532,2.407860859517167,3.3403388479533263,3.758030414581299,3.452359914779663,3.2954111099243164,0.34555390743524134,1.5531294345855713,2.314520677254016,4.498833078763007,10.565318207151808,6.043515344262564,6.020571224251632,-0.0229441200109326,0.9164718292449685,37.069247816767735
p257_287,/home/vpopescu/projects/ultra-low-power-se/datasets/datasets/voicebank-demand/16k/clean_test/p257_287.wav,/home/vpopescu/projects/ultra-low-power-se/datasets/datasets/voicebank-demand/16k/noisy_test/p257_287.wav,/tmp/exp_fc_base_full_eval_j8p2wsn0/p257_287.wav,2.14130796616828,2.6430983998936837,3.539911137499611,4.035793304443359,3.3018412590026855,3.4366374015808105,0.3075100817887004,1.8239150047302246,-1.631990302451347,6.844275357374371,6.999881700674139,0.08876146382760393,5.531649753152048,5.442888289324444,0.9360963373083042,37.386859576904676
p257_288,/home/vpopescu/projects/ultra-low-power-se/datasets/datasets/voicebank-demand/16k/clean_test/p257_288.wav,/home/vpopescu/projects/ultra-low-power-se/datasets/datasets/voicebank-demand/16k/noisy_test/p257_288.wav,/tmp/exp_fc_base_full_eval_j8p2wsn0/p257_288.wav,2.2342610078725245,2.191193641834243,2.8645699460450116,2.9202277660369873,2.277916193008423,3.1322224140167236,0.7715823728128434,1.644013524055481,2.3112637067340946,-4.386082810067055,10.46446964135031,14.817155766985595,6.023945404988958,-8.793210361996636,0.7551256920720907,47.31243859289198
p257_289,/home/vpopescu/projects/ultra-low-power-se/datasets/datasets/voicebank-demand/16k/clean_test/p257_289.wav,/home/vpopescu/projects/ultra-low-power-se/datasets/datasets/voicebank-demand/16k/noisy_test/p257_289.wav,/tmp/exp_fc_base_full_eval_j8p2wsn0/p257_289.wav,2.0446696987202313,1.9366908961204568,2.6667461691133525,3.5440328121185303,3.601125717163086,3.5053610801696777,0.76010367944538,1.3543405532836914,1.9313504705953548,-0.9201376870513105,9.89329886759468,10.79885879714132,5.825244744359104,-4.9736140527822155,0.8468012083249571,51.19716648526862
p257_290,/home/vpopescu/projects/ultra-low-power-se/datasets/datasets/voicebank-demand/16k/clean_test/p257_290.wav,/home/vpopescu/projects/ultra-low-power-se/datasets/datasets/voicebank-demand/16k/noisy_test/p257_290.wav,/tmp/exp_fc_base_full_eval_j8p2wsn0/p257_290.wav,1.9726234255084838,1.7199002784197628,2.296791088423896,2.8687329292297363,3.4567995071411133,3.6461918354034424,1.0650817205000216,1.303795576095581,1.4879755488248443,1.3136970077605001,7.557644541770979,6.16517107841799,5.860292417253317,-0.30487866116467366,0.8676998327803642,54.04761706302417
p257_291,/home/vpopescu/projects/ultra-low-power-se/datasets/datasets/voicebank-demand/16k/clean_test/p257_291.wav,/home/vpopescu/projects/ultra-low-power-se/datasets/datasets/voicebank-demand/16k/noisy_test/p257_291.wav,/tmp/exp_fc_base_full_eval_j8p2wsn0/p257_291.wav,1.442748940385708,1.4580931543344606,2.109811803684765,2.5707461833953857,2.6618030071258545,2.7729270458221436,0.9650395944888628,1.043279767036438,-3.306222262002141,6.156900792097069,4.670580216893193,-1.339175102517206,4.950820646446826,6.289995748964032,0.6558194918580005,68.80668367879636
p257_292,/home/vpopescu/projects/ultra-low-power-se/datasets/datasets/voicebank-demand/16k/clean_test/p257_292.wav,/home/vpopescu/projects/ultra-low-power-se/datasets/datasets/voicebank-demand/16k/noisy_test/p257_292.wav,/tmp/exp_fc_base_full_eval_j8p2wsn0/p257_292.wav,2.4811444392778417,2.5567103476665576,3.528069954578012,3.863610029220581,2.0518627166748047,2.8703360557556152,0.2784023927281108,1.6191961765289307,4.30744787713416,-5.489545784744976,11.090452566503961,16.60339390744956,5.97609261542333,-10.627301292026232,0.8999921545021409,28.314364194634127
p257_293,/home/vpopescu/projects/ultra-low-power-se/datasets/datasets/voicebank-demand/16k/clean_test/p257_293.wav,/home/vpopescu/projects/ultra-low-power-se/datasets/datasets/voicebank-demand/16k/noisy_test/p257_293.wav,/tmp/exp_fc_base_full_eval_j8p2wsn0/p257_293.wav,2.0338041442733616,1.993764490268893,2.7899126229080027,3.0425660610198975,2.8421099185943604,3.031209945678711,0.6479402994090021,1.3353462219238281,1.6659116710500246,-1.0877153710311873,8.997363721831231,10.000790866151481,5.686158012791407,-4.314632853360075,0.7926890116540026,49.06339786891141
p257_294,/home/vpopescu/projects/ultra-low-power-se/datasets/datasets/voicebank-demand/16k/clean_test/p257_294.wav,/home/vpopescu/projects/ultra-low-power-se/datasets/datasets/voicebank-demand/16k/noisy_test/p257_294.wav,/tmp/exp_fc_base_full_eval_j8p2wsn0/p257_294.wav,1.8783584230048562,1.7500873180764815,2.510476995619536,3.4254162311553955,2.265296220779419,3.044994831085205,0.8101058760196581,1.1177983283996582,0.6193166633809295,2.4667744737424684,8.263633528667055,5.823517289944324,5.714792973738306,-0.1087243162060183,0.908160449593801,46.995161109025545
p257_295,/home/vpopescu/projects/ultra-low-power-se/datasets/datasets/voicebank-demand/16k/clean_test/p257_295.wav,/home/vpopescu/projects/ultra-low-power-se/datasets/datasets/voicebank-demand/16k/noisy_test/p257_295.wav,/tmp/exp_fc_base_full_eval_j8p2wsn0/p257_295.wav,1.5502399126452457,1.5282567944284278,2.213872956430999,2.1052114963531494,3.000291109085083,2.706472635269165,0.8758306029704205,1.0877711772918701,-1.7577932623745285,4.086987743744299,4.832116696232755,0.5742586380223252,5.10108748568002,4.526828847657695,0.8248343091793439,70.42481922438178
p257_296,/home/vpopescu/projects/ultra-low-power-se/datasets/datasets/voicebank-demand/16k/clean_test/p257_296.wav,/home/vpopescu/projects/ultra-low-power-se/datasets/datasets/voicebank-demand/16k/noisy_test/p257_296.wav,/tmp/exp_fc_base_full_eval_j8p2wsn0/p257_296.wav,2.514467378912664,2.6802375786644226,3.6366730585939093,4.068138122558594,3.085245370864868,3.0322086811065674,0.27898855115764276,1.7349376678466797,3.4716234831967085,-5.998647678703627,9.850929337267608,15.8546803797171,4.689403859300951,-11.16527652041615,0.9184084111283268,23.93501510849158
p257_297,/home/vpopescu/projects/ultra-low-power-se/datasets/datasets/voicebank-demand/16k/clean_test/p257_297.wav,/home/vpopescu/projects/ultra-low-power-se/datasets/datasets/voicebank-demand/16k/noisy_test/p257_297.wav,/tmp/exp_fc_base_full_eval_j8p2wsn0/p257_297.wav,2.595558003100292,2.845817067937642,3.7487657242720265,3.672985076904297,2.5969622135162354,3.116560220718384,0.30123267635285783,1.949171543121338,3.0617285630264215,-1.2056034436196423,10.07393041189425,11.293020569919992,4.863887654513093,-6.4291329154069,0.9458949889256544,23.290699140338834
p257_298,/home/vpopescu/projects/ultra-low-power-se/datasets/datasets/voicebank-demand/16k/clean_test/p257_298.wav,/home/vpopescu/projects/ultra-low-power-se/datasets/datasets/voicebank-demand/16k/noisy_test/p257_298.wav,/tmp/exp_fc_base_full_eval_j8p2wsn0/p257_298.wav,2.339042263251883,2.5838776696205037,3.587246730115165,3.8083834648132324,2.7497940063476562,3.0795111656188965,0.23843118111172246,1.5973687171936035,1.8321809432458143,2.6836852401053717,8.528302800059773,5.866531117904081,5.433700765733863,-0.43283035217021837,0.9053252456575698,24.846768998735076
p257_299,/home/vpopescu/projects/ultra-low-power-se/datasets/datasets/voicebank-demand/16k/clean_test/p257_299.wav,/home/vpopescu/projects/ultra-low-power-se/datasets/datasets/voicebank-demand/16k/noisy_test/p257_299.wav,/tmp/exp_fc_base_full_eval_j8p2wsn0/p257_299.wav,2.326322991689273,2.5407007945132785,3.391899162447909,3.7483506202697754,2.423910617828369,3.427971363067627,0.462236516003306,1.7290043830871582,1.1800243532032084,5.632044415855646,7.134911555402898,1.5040142360329398,5.302752650685911,3.7987384146529717,0.9225873336340003,29.78323395402728
p257_300,/home/vpopescu/projects/ultra-low-power-se/datasets/datasets/voicebank-demand/16k/clean_test/p257_300.wav,/home/vpopescu/projects/ultra-low-power-se/datasets/datasets/voicebank-demand/16k/noisy_test/p257_300.wav,/tmp/exp_fc_base_full_eval_j8p2wsn0/p257_300.wav,2.4179492942314993,2.654001726984653,3.5284200928259573,3.664689540863037,1.9728071689605713,2.94748592376709,0.3544617746924377,1.8426741361618042,2.3018663671306174,-4.342952447091578,11.237765193844249,15.595947849211651,6.377584574168913,-9.218363275042737,0.8340519724734508,34.55236056901026
p257_301,/home/vpopescu/projects/ultra-low-power-se/datasets/datasets/voicebank-demand/16k/clean_test/p257_301.wav,/home/vpopescu/projects/ultra-low-power-se/datasets/datasets/voicebank-demand/16k/noisy_test/p257_301.wav,/tmp/exp_fc_base_full_eval_j8p2wsn0/p257_301.wav,2.388928263396364,2.658366940693662,3.481778073583778,3.898059844970703,2.7853281497955322,3.2628650665283203,0.4143175899968263,1.912269115447998,1.6467097996162348,0.17462762473820348,10.196595332893692,10.045384381275442,5.4268296979728685,-4.618554683302573,0.828116698763931,37.55415588051449
p257_302,/home/vpopescu/projects/ultra-low-power-se/datasets/datasets/voicebank-demand/16k/clean_test/p257_302.wav,/home/vpopescu/projects/ultra-low-power-se/datasets/datasets/voicebank-demand/16k/noisy_test/p257_302.wav,/tmp/exp_fc_base_full_eval_j8p2wsn0/p257_302.wav,1.947801013258232,2.100769140683025,2.93832532261602,3.2774405479431152,1.9528863430023193,2.5074338912963867,0.5959106385540378,1.3549129962921143,-0.8732988028085494,1.5181934747361803,7.175960686353976,5.622058114580607,4.631094988710967,-0.9909631258696399,0.9295099770305355,39.83279634177995
p257_303,/home/vpopescu/projects/ultra-low-power-se/datasets/datasets/voicebank-demand/16k/clean_test/p257_303.wav,/home/vpopescu/projects/ultra-low-power-se/datasets/datasets/voicebank-demand/16k/noisy_test/p257_303.wav,/tmp/exp_fc_base_full_eval_j8p2wsn0/p257_303.wav,1.8193496799009854,1.8077589423778635,2.5853556628357746,3.0985608100891113,3.291720151901245,3.54272198677063,0.7409550434434109,1.1754505634307861,-0.37152238854027075,5.030736931993282,5.904400847477136,0.8745239685186419,5.7132558174171475,4.838731848898505,0.804011114805906,50.44425413441329
p257_304,/home/vpopescu/projects/ultra-low-power-se/datasets/datasets/voicebank-demand/16k/clean_test/p257_304.wav,/home/vpopescu/projects/ultra-low-power-se/datasets/datasets/voicebank-demand/16k/noisy_test/p257_304.wav,/tmp/exp_fc_base_full_eval_j8p2wsn0/p257_304.wav,2.8094633101604365,3.316156645134001,4.203372385847468,3.899510383605957,2.459232807159424,2.778991222381592,0.14823825259769888,2.4279513359069824,2.719821691079322,-5.626719966026084,10.230895437339274,15.86929281044891,4.741980195875778,-11.127312614573132,0.9253428987814775,22.3494564201568
p257_305,/home/vpopescu/projects/ultra-low-power-se/datasets/datasets/voicebank-demand/16k/clean_test/p257_305.wav,/home/vpopescu/projects/ultra-low-power-se/datasets/datasets/voicebank-demand/16k/noisy_test/p257_305.wav,/tmp/exp_fc_base_full_eval_j8p2wsn0/p257_305.wav,2.181594005373699,2.141462169307268,3.121975419353231,3.873636484146118,3.189415216445923,3.061039686203003,0.4014319306028876,1.2177962064743042,3.060603922457938,2.2383743850735236,12.683233041641653,10.434933758085926,6.104248736734194,-4.330685021351732,0.8850931920422178,32.47580406226694
p257_306,/home/vpopescu/projects/ultra-low-power-se/datasets/datasets/voicebank-demand/16k/clean_test/p257_306.wav,/home/vpopescu/projects/ultra-low-power-se/datasets/datasets/voicebank-demand/16k/noisy_test/p257_306.wav,/tmp/exp_fc_base_full_eval_j8p2wsn0/p257_306.wav,2.574985505889016,2.937124046949071,3.8780283053282636,3.866119146347046,2.796466112136841,2.7334539890289307,0.17844590345753863,2.027067184448242,2.688065487051753,0.6681702970096373,7.334433426475446,6.823083399260399,4.943596401075622,-1.8794869981847775,0.9562928990462451,28.185819137357754
p257_307,/home/vpopescu/projects/ultra-low-power-se/datasets/datasets/voicebank-demand/16k/clean_test/p257_307.wav,/home/vpopescu/projects/ultra-low-power-se/datasets/datasets/voicebank-demand/16k/noisy_test/p257_307.wav,/tmp/exp_fc_base_full_eval_j8p2wsn0/p257_307.wav,2.089593965031758,2.340607347213862,3.24874234310517,3.5300886631011963,3.175949811935425,3.4269344806671143,0.402360583642425,1.5162513256072998,-0.01917170687998242,5.300031299533284,6.853225551895022,1.5285175208247814,5.172221562390213,3.6437040415654316,0.9202077694416005,38.28090729644178
p257_308,/home/vpopescu/projects/ultra-low-power-se/datasets/datasets/voicebank-demand/16k/clean_test/p257_308.wav,/home/vpopescu/projects/ultra-low-power-se/datasets/datasets/voicebank-demand/16k/noisy_test/p257_308.wav,/tmp/exp_fc_base_full_eval_j8p2wsn0/p257_308.wav,2.2830508592561674,2.2300936751516987,3.165937349251448,3.5047104358673096,2.5634593963623047,3.129049062728882,0.3998839266789905,1.3811451196670532,4.124620123427812,-4.083621249082565,12.066275127002113,16.13735898928587,6.378621825718934,-9.758737163566938,0.9091911498356049,38.71251081723372
p257_309,/home/vpopescu/projects/ultra-low-power-se/datasets/datasets/voicebank-demand/16k/clean_test/p257_309.wav,/home/vpopescu/projects/ultra-low-power-se/datasets/datasets/voicebank-demand/16k/noisy_test/p257_309.wav,/tmp/exp_fc_base_full_eval_j8p2wsn0/p257_309.wav,1.888721642399546,1.7622015432462539,2.5534873163422533,3.0644590854644775,2.593226909637451,3.112975835800171,0.7432491902083453,1.1116636991500854,1.1030244982332913,-1.1866849541352966,8.161238445474584,9.30108711795941,4.911572756314109,-4.389514361645301,0.7691359220804869,49.44916416898459
p257_310,/home/vpopescu/projects/ultra-low-power-se/datasets/datasets/voicebank-demand/16k/clean_test/p257_310.wav,/home/vpopescu/projects/ultra-low-power-se/datasets/datasets/voicebank-demand/16k/noisy_test/p257_310.wav,/tmp/exp_fc_base_full_eval_j8p2wsn0/p257_310.wav,1.7426377425663062,1.5780813059554848,2.264210279168747,2.875457286834717,2.0395667552948,2.7269701957702637,0.9363640696776084,1.0675909519195557,-0.0914242188320505,1.7448578732337197,6.958045301508666,5.185587963588772,5.500465444627235,0.31487748103846247,0.7862226168986737,56.558715237831734
p257_311,/home/vpopescu/projects/ultra-low-power-se/datasets/datasets/voicebank-demand/16k/clean_test/p257_311.wav,/home/vpopescu/projects/ultra-low-power-se/datasets/datasets/voicebank-demand/16k/noisy_test/p257_311.wav,/tmp/exp_fc_base_full_eval_j8p2wsn0/p257_311.wav,1.6949418977061859,1.4824700034260578,2.0681990849596756,2.3812923431396484,2.857887029647827,2.9770898818969727,1.1139342301935022,1.0843839645385742,-0.6868075424576282,4.683745320024687,5.982876589202024,1.3470892442228442,5.2021423830664695,3.8550531388436253,0.7868671504495032,59.160680309774534
p257_312,/home/vpopescu/projects/ultra-low-power-se/datasets/datasets/voicebank-demand/16k/clean_test/p257_312.wav,/home/vpopescu/projects/ultra-low-power-se/datasets/datasets/voicebank-demand/16k/noisy_test/p257_312.wav,/tmp/exp_fc_base_full_eval_j8p2wsn0/p257_312.wav,2.2669264640059406,1.945749357477243,2.447578401984043,3.895672082901001,3.01438570022583,3.0114994049072266,1.123353727823151,1.5769155025482178,3.5185931304208213,-3.7084667333121573,12.461935572674715,16.176479822403742,6.902493693023594,-9.273986129380148,0.9114311871980451,48.930073346945576
p257_313,/home/vpopescu/projects/ultra-low-power-se/datasets/datasets/voicebank-demand/16k/clean_test/p257_313.wav,/home/vpopescu/projects/ultra-low-power-se/datasets/datasets/voicebank-demand/16k/noisy_test/p257_313.wav,/tmp/exp_fc_base_full_eval_j8p2wsn0/p257_313.wav,2.021673275830523,1.9395392396505864,2.854212103054805,3.455313205718994,2.1275320053100586,2.677046298980713,0.5424914169286227,1.1156095266342163,2.0505197765376275,0.13913282548744554,10.69923550167616,10.575271087222687,5.908064666443099,-4.667206420779587,0.8768915155273569,39.25297483178611
p257_314,/home/vpopescu/projects/ultra-low-power-se/datasets/datasets/voicebank-demand/16k/clean_test/p257_314.wav,/home/vpopescu/projects/ultra-low-power-se/datasets/datasets/voicebank-demand/16k/noisy_test/p257_314.wav,/tmp/exp_fc_base_full_eval_j8p2wsn0/p257_314.wav,2.1124933535190022,2.109734509868026,2.952661417846176,3.138688087463379,2.371094226837158,3.1592674255371094,0.5564167399831172,1.3823013305664062,2.06168266467993,1.1261370503569452,7.6636716222659205,6.637673136639364,5.529926012013529,-1.1077471246258348,0.8899074736717953,44.59038433808218
p257_315,/home/vpopescu/projects/ultra-low-power-se/datasets/datasets/voicebank-demand/16k/clean_test/p257_315.wav,/home/vpopescu/projects/ultra-low-power-se/datasets/datasets/voicebank-demand/16k/noisy_test/p257_315.wav,/tmp/exp_fc_base_full_eval_j8p2wsn0/p257_315.wav,1.5185809753323019,1.4460265773465557,2.026419658342657,2.5005033016204834,2.7916433811187744,2.828794240951538,1.1212951431000657,1.0663163661956787,-3.061321643420644,4.455068290094623,4.962233313111697,0.519283272448789,5.253952597051692,4.734669324602903,0.734806675346323,61.750712024818846
p257_316,/home/vpopescu/projects/ultra-low-power-se/datasets/datasets/voicebank-demand/16k/clean_test/p257_316.wav,/home/vpopescu/projects/ultra-low-power-se/datasets/datasets/voicebank-demand/16k/noisy_test/p257_316.wav,/tmp/exp_fc_base_full_eval_j8p2wsn0/p257_316.wav,2.680174886067798,3.0171247489546142,3.880288929330518,4.046096324920654,2.2334368228912354,2.6741344928741455,0.29534657219490257,2.1596150398254395,2.8258223836874996,-5.783969431310917,10.007135073177782,15.78091334121235,5.265155494458689,-10.515757846753662,0.9442480524097144,23.449701877296384
p257_317,/home/vpopescu/projects/ultra-low-power-se/datasets/datasets/voicebank-demand/16k/clean_test/p257_317.wav,/home/vpopescu/projects/ultra-low-power-se/datasets/datasets/voicebank-demand/16k/noisy_test/p257_317.wav,/tmp/exp_fc_base_full_eval_j8p2wsn0/p257_317.wav,2.542359825135003,2.8410251329991545,3.79228321125914,3.6937856674194336,2.746426820755005,2.926666736602783,0.2134651349579049,1.9094913005828857,2.8007015607619863,-0.2962418146416379,10.510484213705238,10.804736188070388,6.171156687262455,-4.633579500807933,0.9413850395829252,25.831602124517364
p257_318,/home/vpopescu/projects/ultra-low-power-se/datasets/datasets/voicebank-demand/16k/clean_test/p257_318.wav,/home/vpopescu/projects/ultra-low-power-se/datasets/datasets/voicebank-demand/16k/noisy_test/p257_318.wav,/tmp/exp_fc_base_full_eval_j8p2wsn0/p257_318.wav,2.311242375300219,2.6199798559957905,3.5605525806345084,3.8677573204040527,3.0240259170532227,2.930356025695801,0.29356925530182143,1.7192918062210083,1.0025949400661185,3.777124192665984,9.234643913799001,5.465572671454658,5.854945962819783,0.3893732913651249,0.8855054689597766,29.67751275679834
p257_319,/home/vpopescu/projects/ultra-low-power-se/datasets/datasets/voicebank-demand/16k/clean_test/p257_319.wav,/home/vpopescu/projects/ultra-low-power-se/datasets/datasets/voicebank-demand/16k/noisy_test/p257_319.wav,/tmp/exp_fc_base_full_eval_j8p2wsn0/p257_319.wav,2.120590137858895,2.1362039763668075,3.124300756045834,3.868896245956421,3.5436010360717773,3.631791591644287,0.4002912706969006,1.1977429389953613,2.0809360626469493,6.195237078516761,7.625106659472771,1.4331564837592448,5.74281582916737,4.309659345408125,0.9007163332001159,31.00427984680646
p257_320,/home/vpopescu/projects/ultra-low-power-se/datasets/datasets/voicebank-demand/16k/clean_test/p257_320.wav,/home/vpopescu/projects/ultra-low-power-se/datasets/datasets/voicebank-demand/16k/noisy_test/p257_320.wav,/tmp/exp_fc_base_full_eval_j8p2wsn0/p257_320.wav,2.5807871930145394,2.7606427818149473,3.7599245732142994,3.6567747592926025,3.0882015228271484,3.530864715576172,0.17753988103561874,1.7759910821914673,4.285604380729612,-5.292404411161563,11.119411770561493,16.41779250933762,5.93845836776733,-10.47933414157029,0.9400565711184148,24.58994575127819
p257_321,/home/vpopescu/projects/ultra-low-power-se/datasets/datasets/voicebank-demand/16k/clean_test/p257_321.wav,/home/vpopescu/projects/ultra-low-power-se/datasets/datasets/voicebank-demand/16k/noisy_test/p257_321.wav,/tmp/exp_fc_base_full_eval_j8p2wsn0/p257_321.wav,2.1827465857557566,2.1775980304704037,3.181097367971931,3.7601354122161865,2.5447773933410645,2.6388025283813477,0.3391600061453579,1.24192476272583,3.1366353896869286,0.45792832711273057,11.129308473507106,10.663670055793183,5.702364218360591,-4.961305837432592,0.8645316035262202,34.643068625352335
p257_322,/home/vpopescu/projects/ultra-low-power-se/datasets/datasets/voicebank-demand/16k/clean_test/p257_322.wav,/home/vpopescu/projects/ultra-low-power-se/datasets/datasets/voicebank-demand/16k/noisy_test/p257_322.wav,/tmp/exp_fc_base_full_eval_j8p2wsn0/p257_322.wav,1.762899106015459,1.7790384749424037,2.567710772514058,2.864060401916504,2.872345209121704,3.2803268432617188,0.7167496191009861,1.1515891551971436,-0.7388177802727506,3.8290349089515647,8.931396884466663,5.114714116311801,5.523097553853409,0.408383437541608,0.869011900168554,53.57357000165603
p257_323,/home/vpopescu/projects/ultra-low-power-se/datasets/datasets/voicebank-demand/16k/clean_test/p257_323.wav,/home/vpopescu/projects/ultra-low-power-se/datasets/datasets/voicebank-demand/16k/noisy_test/p257_323.wav,/tmp/exp_fc_base_full_eval_j8p2wsn0/p257_323.wav,1.9501341845186355,2.0478935166290912,3.008432156666895,3.3715319633483887,3.0501065254211426,3.1624131202697754,0.43837552560198734,1.1704471111297607,0.3258508590596611,5.81882061165953,7.197036629527497,1.2809233684920776,5.754671674792152,4.473748306300075,0.8464463652987114,37.69544838887842
p257_324,/home/vpopescu/projects/ultra-low-power-se/datasets/datasets/voicebank-demand/16k/clean_test/p257_324.wav,/home/vpopescu/projects/ultra-low-power-se/datasets/datasets/voicebank-demand/16k/noisy_test/p257_324.wav,/tmp/exp_fc_base_full_eval_j8p2wsn0/p257_324.wav,2.8181513293069056,3.1331541375835403,4.0373829838271655,3.8411366939544678,2.614445447921753,3.5929696559906006,0.21377117002274257,2.2112996578216553,4.105418107609565,-5.790924825697791,10.838645121062116,16.641093727593997,5.363877839360188,-11.277215888233808,0.9592279095724632,18.78446398732121
p257_325,/home/vpopescu/projects/ultra-low-power-se/datasets/datasets/voicebank-demand/16k/clean_test/p257_325.wav,/home/vpopescu/projects/ultra-low-power-se/datasets/datasets/voicebank-demand/16k/noisy_test/p257_325.wav,/tmp/exp_fc_base_full_eval_j8p2wsn0/p257_325.wav,2.5182075664513675,2.8897453786965377,3.791491877180561,3.905822515487671,2.5691323280334473,3.012317419052124,0.2555741935478278,2.020188570022583,1.876347032630591,-0.37390289482892847,10.007836733318152,10.408991520225461,5.526584279259238,-4.882407240966224,0.9511942675927371,28.52177615359349
p257_326,/home/vpopescu/projects/ultra-low-power-se/datasets/datasets/voicebank-demand/16k/clean_test/p257_326.wav,/home/vpopescu/projects/ultra-low-power-se/datasets/datasets/voicebank-demand/16k/noisy_test/p257_326.wav,/tmp/exp_fc_base_full_eval_j8p2wsn0/p257_326.wav,2.525954647493042,2.9487230855325386,3.8813668435901674,3.7949366569519043,2.31109356880188,2.9894638061523438,0.20519302880005422,2.030907392501831,1.528245215285308,2.540116074509773,8.473006423610368,5.932218100615043,5.324918211010958,-0.6072998896040849,0.9461659266655895,25.01407638368678
p257_327,/home/vpopescu/projects/ultra-low-power-se/datasets/datasets/voicebank-demand/16k/clean_test/p257_327.wav,/home/vpopescu/projects/ultra-low-power-se/datasets/datasets/voicebank-demand/16k/noisy_test/p257_327.wav,/tmp/exp_fc_base_full_eval_j8p2wsn0/p257_327.wav,2.0388363530717637,2.2789292164395585,3.1330833131025795,2.479766845703125,2.19555401802063,2.3158226013183594,0.49196472009095904,1.5235222578048706,-0.5363019325741801,5.178276318407666,5.461877632362574,0.31346203664231176,4.891918259108981,4.578456222466669,0.8711958359097911,41.374323486684474
p257_328,/home/vpopescu/projects/ultra-low-power-se/datasets/datasets/voicebank-demand/16k/clean_test/p257_328.wav,/home/vpopescu/projects/ultra-low-power-se/datasets/datasets/voicebank-demand/16k/noisy_test/p257_328.wav,/tmp/exp_fc_base_full_eval_j8p2wsn0/p257_328.wav,2.367841546636648,2.4213120398333854,3.216060729707041,3.7136008739471436,2.585136651992798,2.9590675830841064,0.5127584010254496,1.7373595237731934,3.3668852341597924,-4.447613446353703,10.80951333060141,15.221515325263017,6.138782536145994,-9.082732789117022,0.8360428191793337,44.10429649700076
p257_329,/home/vpopescu/projects/ultra-low-power-se/datasets/datasets/voicebank-demand/16k/clean_test/p257_329.wav,/home/vpopescu/projects/ultra-low-power-se/datasets/datasets/voicebank-demand/16k/noisy_test/p257_329.wav,/tmp/exp_fc_base_full_eval_j8p2wsn0/p257_329.wav,2.0387260719832647,1.9566535855952787,2.7083319874790353,3.5695981979370117,2.6510567665100098,3.1965129375457764,0.7456185419169645,1.3299200534820557,1.5111055621449685,-0.45906984373983484,9.844631090860068,10.325553784683638,6.192821688377455,-4.132732096306183,0.8201423471600849,46.59648057089865
p257_330,/home/vpopescu/projects/ultra-low-power-se/datasets/datasets/voicebank-demand/16k/clean_test/p257_330.wav,/home/vpopescu/projects/ultra-low-power-se/datasets/datasets/voicebank-demand/16k/noisy_test/p257_330.wav,/tmp/exp_fc_base_full_eval_j8p2wsn0/p257_330.wav,2.1994540341337085,2.207879394169573,3.1672102098295816,3.3404269218444824,2.409674882888794,3.1787071228027344,0.3856667232737408,1.3242850303649902,2.9707060726560655,2.97565371560738,9.42577579518923,6.464256568364245,6.000110500867509,-0.4641460674967366,0.9096807404038694,36.38695613686983
p257_331,/home/vpopescu/projects/ultra-low-power-se/datasets/datasets/voicebank-demand/16k/clean_test/p257_331.wav,/home/vpopescu/projects/ultra-low-power-se/datasets/datasets/voicebank-demand/16k/noisy_test/p257_331.wav,/tmp/exp_fc_base_full_eval_j8p2wsn0/p257_331.wav,1.552887937896245,1.3208865860766235,1.8105014056874236,2.1672208309173584,3.2042078971862793,2.6936049461364746,1.266778552746731,1.0688422918319702,-1.6996482183753978,3.4282840021695886,4.311889172532152,0.977232651368406,4.649019337353773,3.671786685985367,0.7655683793448265,69.27726283454095
p257_332,/home/vpopescu/projects/ultra-low-power-se/datasets/datasets/voicebank-demand/16k/clean_test/p257_332.wav,/home/vpopescu/projects/ultra-low-power-se/datasets/datasets/voicebank-demand/16k/noisy_test/p257_332.wav,/tmp/exp_fc_base_full_eval_j8p2wsn0/p257_332.wav,2.3661207817649617,2.2052120717895654,2.976226887207179,3.718578815460205,2.035984754562378,3.181966543197632,0.6971507523149899,1.4911422729492188,3.993191238801839,-5.542395679577437,10.983982015768774,16.513688426880798,6.207205053949146,-10.306483372931652,0.9188085363456372,33.173753249897224
p257_333,/home/vpopescu/projects/ultra-low-power-se/datasets/datasets/voicebank-demand/16k/clean_test/p257_333.wav,/home/vpopescu/projects/ultra-low-power-se/datasets/datasets/voicebank-demand/16k/noisy_test/p257_333.wav,/tmp/exp_fc_base_full_eval_j8p2wsn0/p257_333.wav,2.3401222447382555,2.52806022563143,3.4076771034648656,3.85052490234375,2.0949721336364746,2.468397617340088,0.3860808588464924,1.720212459564209,2.1729856135701224,-2.256620755287315,8.84013708719176,11.100738872355421,5.149673251133123,-5.951065621222298,0.90967658221513,36.148200655479116
p257_334,/home/vpopescu/projects/ultra-low-power-se/datasets/datasets/voicebank-demand/16k/clean_test/p257_334.wav,/home/vpopescu/projects/ultra-low-power-se/datasets/datasets/voicebank-demand/16k/noisy_test/p257_334.wav,/tmp/exp_fc_base_full_eval_j8p2wsn0/p257_334.wav,2.064016659910642,2.2536161327638333,3.0593263328067954,3.532789945602417,2.8358097076416016,3.239981174468994,0.5464015501372165,1.5722053050994873,0.07546140069979315,2.828829389518467,8.303299778592258,5.422695678320435,6.030362205145443,0.6076665268250077,0.7834473353879372,46.607363452999934
p257_335,/home/vpopescu/projects/ultra-low-power-se/datasets/datasets/voicebank-demand/16k/clean_test/p257_335.wav,/home/vpopescu/projects/ultra-low-power-se/datasets/datasets/voicebank-demand/16k/noisy_test/p257_335.wav,/tmp/exp_fc_base_full_eval_j8p2wsn0/p257_335.wav,1.7610923174843058,1.7545965623631825,2.4970773206880166,2.476792335510254,3.083449125289917,3.0890579223632812,0.7461893344300407,1.2170854806900024,-0.27882907811787544,5.1113257384653945,5.689967100680811,0.5177462080149937,5.655492551215965,5.137746343200972,0.781930431854715,62.44404433772698
p257_336,/home/vpopescu/projects/ultra-low-power-se/datasets/datasets/voicebank-demand/16k/clean_test/p257_336.wav,/home/vpopescu/projects/ultra-low-power-se/datasets/datasets/voicebank-demand/16k/noisy_test/p257_336.wav,/tmp/exp_fc_base_full_eval_j8p2wsn0/p257_336.wav,2.7060297141401013,2.996543227537428,3.929073206279746,4.2329182624816895,2.8007214069366455,3.372063159942627,0.2146700018545153,2.0546653270721436,3.6738255175516317,-6.701645596057055,9.624282713409952,16.32858400659869,5.010085256803494,-11.318498749795195,0.9385417762025338,20.221617115162303
p257_337,/home/vpopescu/projects/ultra-low-power-se/datasets/datasets/voicebank-demand/16k/clean_test/p257_337.wav,/home/vpopescu/projects/ultra-low-power-se/datasets/datasets/voicebank-demand/16k/noisy_test/p257_337.wav,/tmp/exp_fc_base_full_eval_j8p2wsn0/p257_337.wav,2.3176256059373777,2.405168080780664,3.3098486934397937,4.047653675079346,2.490636110305786,3.1391990184783936,0.4459635954133666,1.5295292139053345,2.2901621786049975,0.19161119679699112,9.984636163536003,9.780422146739632,5.533612960285676,-4.246809186453956,0.8787382634428473,27.39565365164094
p257_338,/home/vpopescu/projects/ultra-low-power-se/datasets/datasets/voicebank-demand/16k/clean_test/p257_338.wav,/home/vpopescu/projects/ultra-low-power-se/datasets/datasets/voicebank-demand/16k/noisy_test/p257_338.wav,/tmp/exp_fc_base_full_eval_j8p2wsn0/p257_338.wav,2.306380685951422,2.4560736521338047,3.452312447605473,3.8788740634918213,2.6669423580169678,3.1229469776153564,0.28672552653266997,1.48790442943573,2.3817192485456298,3.4299448145549194,9.385810884683819,5.9759084220733225,5.610596231730197,-0.36531219034312556,0.8704820468343294,26.983706282461643
p257_339,/home/vpopescu/projects/ultra-low-power-se/datasets/datasets/voicebank-demand/16k/clean_test/p257_339.wav,/home/vpopescu/projects/ultra-low-power-se/datasets/datasets/voicebank-demand/16k/noisy_test/p257_339.wav,/tmp/exp_fc_base_full_eval_j8p2wsn0/p257_339.wav,2.3317326147187774,2.6478661060773008,3.6075162373866254,4.016956329345703,2.879230499267578,3.208916425704956,0.2769195319517789,1.707862138748169,0.9611845659177278,5.434188330139027,6.988270540703657,1.5688355027468301,5.32374559403549,3.75491009128866,0.9413762704798753,25.597159322237754
p257_340,/home/vpopescu/projects/ultra-low-power-se/datasets/datasets/voicebank-demand/16k/clean_test/p257_340.wav,/home/vpopescu/projects/ultra-low-power-se/datasets/datasets/voicebank-demand/16k/noisy_test/p257_340.wav,/tmp/exp_fc_base_full_eval_j8p2wsn0/p257_340.wav,2.6363593461839723,2.890010233905024,3.745693131780079,3.7942938804626465,3.171053886413574,3.265143871307373,0.3152652960241631,2.0757694244384766,3.550950515967602,-3.7171852726350316,11.872375771829958,15.585360874140111,5.980815111156622,-9.604545762983488,0.9524722059993554,30.509760171939796
p257_341,/home/vpopescu/projects/ultra-low-power-se/datasets/datasets/voicebank-demand/16k/clean_test/p257_341.wav,/home/vpopescu/projects/ultra-low-power-se/datasets/datasets/voicebank-demand/16k/noisy_test/p257_341.wav,/tmp/exp_fc_base_full_eval_j8p2wsn0/p257_341.wav,2.272505031053209,2.3564535470918364,3.3196375256482096,3.5862905979156494,3.134650707244873,3.427823305130005,0.36450575337920604,1.4317879676818848,2.5018921216380248,-0.9210621110560915,10.22829212367527,11.157908760852065,6.055889873808608,-5.102018887043457,0.9457820087198245,29.072688737418183
p257_342,/home/vpopescu/projects/ultra-low-power-se/datasets/datasets/voicebank-demand/16k/clean_test/p257_342.wav,/home/vpopescu/projects/ultra-low-power-se/datasets/datasets/voicebank-demand/16k/noisy_test/p257_342.wav,/tmp/exp_fc_base_full_eval_j8p2wsn0/p257_342.wav,2.0650821273545446,2.124680721761094,3.0641480151431573,3.284574508666992,3.0258588790893555,3.288792610168457,0.45713609119370835,1.2539094686508179,1.212319415096653,3.162492244338347,8.545234791183223,5.376238984332115,5.2533199535989175,-0.12291903073319776,0.8989261878630205,34.95181740166222
p257_343,/home/vpopescu/projects/ultra-low-power-se/datasets/datasets/voicebank-demand/16k/clean_test/p257_343.wav,/home/vpopescu/projects/ultra-low-power-se/datasets/datasets/voicebank-demand/16k/noisy_test/p257_343.wav,/tmp/exp_fc_base_full_eval_j8p2wsn0/p257_343.wav,2.0184773688484703,2.0941766785307516,2.992729500021098,3.267402172088623,3.3941709995269775,3.281769037246704,0.5043397386380719,1.2879371643066406,0.7497491565602804,5.230784976380252,6.628330896967885,1.3237312275123174,5.41849156166753,4.094760334155213,0.8998741371901972,39.77011322191449
p257_344,/home/vpopescu/projects/ultra-low-power-se/datasets/datasets/voicebank-demand/16k/clean_test/p257_344.wav,/home/vpopescu/projects/ultra-low-power-se/datasets/datasets/voicebank-demand/16k/noisy_test/p257_344.wav,/tmp/exp_fc_base_full_eval_j8p2wsn0/p257_344.wav,2.4414680409903293,2.5339927780831193,3.5902979418535352,4.02686882019043,3.2284603118896484,3.6181719303131104,0.18844899918163902,1.4847302436828613,4.0713676985794764,-4.9134649191208055,10.84646671669898,15.748192401443916,5.564873122594335,-10.18331927884958,0.9254495730606107,22.675597214369315
p257_345,/home/vpopescu/projects/ultra-low-power-se/datasets/datasets/voicebank-demand/16k/clean_test/p257_345.wav,/home/vpopescu/projects/ultra-low-power-se/datasets/datasets/voicebank-demand/16k/noisy_test/p257_345.wav,/tmp/exp_fc_base_full_eval_j8p2wsn0/p257_345.wav,2.694857212395132,3.056379249287886,3.9784685617222943,3.748239755630493,2.4668376445770264,2.859976053237915,0.20068847100437132,2.1304056644439697,3.0534621940664572,-0.8985175785937844,10.50632986246609,11.443247956574446,5.439996700027628,-6.003251256546818,0.9394308157345244,21.406401919324555
p257_346,/home/vpopescu/projects/ultra-low-power-se/datasets/datasets/voicebank-demand/16k/clean_test/p257_346.wav,/home/vpopescu/projects/ultra-low-power-se/datasets/datasets/voicebank-demand/16k/noisy_test/p257_346.wav,/tmp/exp_fc_base_full_eval_j8p2wsn0/p257_346.wav,2.464429923153146,2.715369503650003,3.5490714658263283,3.632568597793579,2.889720916748047,3.245213031768799,0.3980848016469125,1.940077781677246,2.2166100899743397,2.6657667025342455,8.757668194651181,6.084005382192767,5.076990992989928,-1.0070143892028387,0.9252954078742448,33.796241736708694
p257_347,/home/vpopescu/projects/ultra-low-power-se/datasets/datasets/voicebank-demand/16k/clean_test/p257_347.wav,/home/vpopescu/projects/ultra-low-power-se/datasets/datasets/voicebank-demand/16k/noisy_test/p257_347.wav,/tmp/exp_fc_base_full_eval_j8p2wsn0/p257_347.wav,2.140030423976269,2.297863169434823,3.0970149735408765,2.6213150024414062,3.1663596630096436,3.1828155517578125,0.5645605930741497,1.6010677814483643,0.5819269114459727,5.998274398191449,7.444310964502751,1.5163148397905695,6.1483085051142226,4.6319936653236535,0.8619341347218114,42.2773387110208
p257_348,/home/vpopescu/projects/ultra-low-power-se/datasets/datasets/voicebank-demand/16k/clean_test/p257_348.wav,/home/vpopescu/projects/ultra-low-power-se/datasets/datasets/voicebank-demand/16k/noisy_test/p257_348.wav,/tmp/exp_fc_base_full_eval_j8p2wsn0/p257_348.wav,2.107765965255538,2.064273554019787,3.039032230683034,3.553288221359253,2.489030122756958,2.8553550243377686,0.41345943214762576,1.1697450876235962,2.766790883001312,-6.203518111369643,9.744120839304832,15.952957861888423,5.326643981450233,-10.62631388043819,0.911781056706402,37.09714460823194
p257_349,/home/vpopescu/projects/ultra-low-power-se/datasets/datasets/voicebank-demand/16k/clean_test/p257_349.wav,/home/vpopescu/projects/ultra-low-power-se/datasets/datasets/voicebank-demand/16k/noisy_test/p257_349.wav,/tmp/exp_fc_base_full_eval_j8p2wsn0/p257_349.wav,2.0876101567605865,1.9360205744770211,2.7857101701028806,2.9670486450195312,3.086982488632202,3.184202194213867,0.6197076205232515,1.1974446773529053,2.950217302699377,-1.012340213594232,10.025030583230468,11.015579882887351,6.14103544711827,-4.8745444357690815,0.9045039820075435,43.51886986916615
p257_350,/home/vpopescu/projects/ultra-low-power-se/datasets/datasets/voicebank-demand/16k/clean_test/p257_350.wav,/home/vpopescu/projects/ultra-low-power-se/datasets/datasets/voicebank-demand/16k/noisy_test/p257_350.wav,/tmp/exp_fc_base_full_eval_j8p2wsn0/p257_350.wav,2.169414096768991,1.9580041840867648,2.6572884148754086,3.266779899597168,3.091294050216675,3.308659076690674,0.8724381233986702,1.343267798423767,2.6027010093123732,1.1984278534571082,8.189115511174505,6.944899439123995,5.654936347523483,-1.2899630916005123,0.8846066172447232,38.662582066321264
p257_351,/home/vpopescu/projects/ultra-low-power-se/datasets/datasets/voicebank-demand/16k/clean_test/p257_351.wav,/home/vpopescu/projects/ultra-low-power-se/datasets/datasets/voicebank-demand/16k/noisy_test/p257_351.wav,/tmp/exp_fc_base_full_eval_j8p2wsn0/p257_351.wav,1.6451551208923065,1.3253465499564991,1.8213771129388747,1.7898844480514526,2.9004485607147217,2.572272777557373,1.2518595350650354,1.069743275642395,-0.17995968067344956,3.349807329880547,4.840748514545234,1.4203402854860205,4.964700845998244,3.544360560512223,0.8081199535178581,69.83495785461868
p257_352,/home/vpopescu/projects/ultra-low-power-se/datasets/datasets/voicebank-demand/16k/clean_test/p257_352.wav,/home/vpopescu/projects/ultra-low-power-se/datasets/datasets/voicebank-demand/16k/noisy_test/p257_352.wav,/tmp/exp_fc_base_full_eval_j8p2wsn0/p257_352.wav,2.4779967097538,2.7245184673061353,3.5394597897675095,3.6855807304382324,2.2238388061523438,2.9615607261657715,0.3647978735830755,2.018120765686035,2.9623368500391067,-5.39147044396198,10.671099196034987,16.06163057149262,5.20349294801723,-10.858137623475391,0.9093073706692765,43.89889111379835
p257_353,/home/vpopescu/projects/ultra-low-power-se/datasets/datasets/voicebank-demand/16k/clean_test/p257_353.wav,/home/vpopescu/projects/ultra-low-power-se/datasets/datasets/voicebank-demand/16k/noisy_test/p257_353.wav,/tmp/exp_fc_base_full_eval_j8p2wsn0/p257_353.wav,2.001569800625504,1.9159741318708923,2.794742671397739,3.473682165145874,2.258249044418335,2.871605396270752,0.5576196012261682,1.1701539754867554,2.2656314747775106,-0.7709365809251807,9.703926812588241,10.496847600312995,6.207297719530883,-4.289549880782111,0.8635849184910196,47.78551179544971
p257_354,/home/vpopescu/projects/ultra-low-power-se/datasets/datasets/voicebank-demand/16k/clean_test/p257_354.wav,/home/vpopescu/projects/ultra-low-power-se/datasets/datasets/voicebank-demand/16k/noisy_test/p257_354.wav,/tmp/exp_fc_base_full_eval_j8p2wsn0/p257_354.wav,1.8330864561597966,1.7480012494012929,2.4203672188225003,3.0859766006469727,3.077627420425415,3.30468487739563,0.8751609004473578,1.26435124874115,0.16580450901290789,2.1339724820419823,7.004463513737544,4.925787623113766,5.794908398192447,0.8691207750786818,0.8080217426754935,59.38844640089799
p257_355,/home/vpopescu/projects/ultra-low-power-se/datasets/datasets/voicebank-demand/16k/clean_test/p257_355.wav,/home/vpopescu/projects/ultra-low-power-se/datasets/datasets/voicebank-demand/16k/noisy_test/p257_355.wav,/tmp/exp_fc_base_full_eval_j8p2wsn0/p257_355.wav,1.8031341353266486,1.715270824443436,2.496465980919538,2.9319610595703125,3.567375898361206,3.4504847526550293,0.748163469216672,1.099765658378601,0.38772991958855973,3.7384093531130156,5.157027238173049,1.2899214006129975,5.443243191119423,4.153321790506426,0.8764518381180735,54.425833473200285
p257_356,/home/vpopescu/projects/ultra-low-power-se/datasets/datasets/voicebank-demand/16k/clean_test/p257_356.wav,/home/vpopescu/projects/ultra-low-power-se/datasets/datasets/voicebank-demand/16k/noisy_test/p257_356.wav,/tmp/exp_fc_base_full_eval_j8p2wsn0/p257_356.wav,2.3181578118102517,2.4331101561632744,3.53267699114522,3.9593794345855713,3.473278284072876,3.343672037124634,0.1606101913716481,1.3417556285858154,3.1995131462262707,-3.5220410889684715,12.128431552850795,15.65870209480872,5.6916200439900555,-9.967082050818664,0.9523742165001364,22.681529552289
p257_357,/home/vpopescu/projects/ultra-low-power-se/datasets/datasets/voicebank-demand/16k/clean_test/p257_357.wav,/home/vpopescu/projects/ultra-low-power-se/datasets/datasets/voicebank-demand/16k/noisy_test/p257_357.wav,/tmp/exp_fc_base_full_eval_j8p2wsn0/p257_357.wav,2.6960562814825746,3.0668797500719984,3.9984124264100123,4.002093315124512,2.4166109561920166,2.756021022796631,0.1865191128006134,2.127650022506714,3.006671476450133,-1.2787991101255898,9.635529199815096,10.912217732071706,5.638559473095752,-5.273658258975955,0.9463203139626659,20.625818898856092
p257_358,/home/vpopescu/projects/ultra-low-power-se/datasets/datasets/voicebank-demand/16k/clean_test/p257_358.wav,/home/vpopescu/projects/ultra-low-power-se/datasets/datasets/voicebank-demand/16k/noisy_test/p257_358.wav,/tmp/exp_fc_base_full_eval_j8p2wsn0/p257_358.wav,2.563783330390627,2.8180516349102933,3.7920742474058136,3.940192699432373,3.5107614994049072,3.5062756538391113,0.20373681563253185,1.8499497175216675,3.275428627080362,2.9426567787513758,9.578562936996512,6.633437516886346,5.86244511123586,-0.7709924056504862,0.9318530364292292,22.97780544154184
p257_359,/home/vpopescu/projects/ultra-low-power-se/datasets/datasets/voicebank-demand/16k/clean_test/p257_359.wav,/home/vpopescu/projects/ultra-low-power-se/datasets/datasets/voicebank-demand/16k/noisy_test/p257_359.wav,/tmp/exp_fc_base_full_eval_j8p2wsn0/p257_359.wav,2.281766061163507,2.578319346454675,3.48262455169987,3.410036325454712,2.207540988922119,2.846360683441162,0.3817310839635796,1.7000364065170288,0.37956039127853025,5.308709948326891,6.358168271406638,1.0142751728825816,5.16784609846197,4.1535709255793885,0.9214759786644807,26.966235114597204
p257_360,/home/vpopescu/projects/ultra-low-power-se/datasets/datasets/voicebank-demand/16k/clean_test/p257_360.wav,/home/vpopescu/projects/ultra-low-power-se/datasets/datasets/voicebank-demand/16k/noisy_test/p257_360.wav,/tmp/exp_fc_base_full_eval_j8p2wsn0/p257_360.wav,2.4334831015164644,2.5098952186345307,3.492612152790014,3.814460039138794,2.110565185546875,3.1610476970672607,0.2891613888259854,1.552711009979248,3.861488128035607,-6.972103723668573,9.43451068436509,16.4042768753285,5.1743797300532846,-11.229897145275213,0.9398783413176213,26.569501902837057
p257_361,/home/vpopescu/projects/ultra-low-power-se/datasets/datasets/voicebank-demand/16k/clean_test/p257_361.wav,/home/vpopescu/projects/ultra-low-power-se/datasets/datasets/voicebank-demand/16k/noisy_test/p257_361.wav,/tmp/exp_fc_base_full_eval_j8p2wsn0/p257_361.wav,2.1273261555781002,2.2062486253171985,3.2076759443373613,3.691373109817505,3.049510955810547,3.218128204345703,0.3393894569672635,1.2654730081558228,1.9225365390574174,0.4023937983540442,10.303173150337127,9.893294967680772,5.707723326235694,-4.185571641445078,0.9339567792198524,33.24139204014285
p257_362,/home/vpopescu/projects/ultra-low-power-se/datasets/datasets/voicebank-demand/16k/clean_test/p257_362.wav,/home/vpopescu/projects/ultra-low-power-se/datasets/datasets/voicebank-demand/16k/noisy_test/p257_362.wav,/tmp/exp_fc_base_full_eval_j8p2wsn0/p257_362.wav,1.8565562140481329,1.8640020288212635,2.7097674626876884,3.284879446029663,3.0400781631469727,3.265523672103882,0.658441526553765,1.1256581544876099,-0.26155015636840506,3.3468607959766192,8.439023031056005,5.100459634838974,5.676599220670264,0.5761395858312897,0.8944751555690261,42.718674849390695
p257_363,/home/vpopescu/projects/ultra-low-power-se/datasets/datasets/voicebank-demand/16k/clean_test/p257_363.wav,/home/vpopescu/projects/ultra-low-power-se/datasets/datasets/voicebank-demand/16k/noisy_test/p257_363.wav,/tmp/exp_fc_base_full_eval_j8p2wsn0/p257_363.wav,1.6435244462138086,1.766012023619969,2.5927091436986838,3.298060894012451,3.538689374923706,3.826077699661255,0.6546283051863995,1.1082618236541748,-2.146915132169544,6.208351602557051,6.2253658797623,-0.015962551812407137,5.597661286663806,5.613623838476213,0.7967749495975341,54.995578880886484
p257_364,/home/vpopescu/projects/ultra-low-power-se/datasets/datasets/voicebank-demand/16k/clean_test/p257_364.wav,/home/vpopescu/projects/ultra-low-power-se/datasets/datasets/voicebank-demand/16k/noisy_test/p257_364.wav,/tmp/exp_fc_base_full_eval_j8p2wsn0/p257_364.wav,2.729386589891578,2.9911134974162756,3.9562661334604416,3.966519594192505,2.820863723754883,3.207602024078369,0.18173237026450004,2.003823757171631,4.134547420555586,-5.973603058325448,11.105840202675871,17.078498515402213,5.860982063121374,-11.21751645228084,0.9515141132677548,17.55966479020905
p257_365,/home/vpopescu/projects/ultra-low-power-se/datasets/datasets/voicebank-demand/16k/clean_test/p257_365.wav,/home/vpopescu/projects/ultra-low-power-se/datasets/datasets/voicebank-demand/16k/noisy_test/p257_365.wav,/tmp/exp_fc_base_full_eval_j8p2wsn0/p257_365.wav,2.5832596899291502,2.8929564225474778,3.844561436910328,4.066253185272217,3.210298538208008,3.7390739917755127,0.2060203187220366,1.9494229555130005,2.8933677880752575,0.1677063605727689,10.686059243462358,10.553015938487427,5.361667266010372,-5.191348672477055,0.9510455238286861,23.549521922115062
p257_366,/home/vpopescu/projects/ultra-low-power-se/datasets/datasets/voicebank-demand/16k/clean_test/p257_366.wav,/home/vpopescu/projects/ultra-low-power-se/datasets/datasets/voicebank-demand/16k/noisy_test/p257_366.wav,/tmp/exp_fc_base_full_eval_j8p2wsn0/p257_366.wav,2.381402344506209,2.46343920108682,3.529149350247119,3.655235528945923,3.0933830738067627,3.1505391597747803,0.20815496936285624,1.3993866443634033,3.634717965276824,3.4332083608599655,10.084553358154576,6.620307482876392,5.804867134005324,-0.8154403488710678,0.9384494836222709,21.49881475884824
p257_367,/home/vpopescu/projects/ultra-low-power-se/datasets/datasets/voicebank-demand/16k/clean_test/p257_367.wav,/home/vpopescu/projects/ultra-low-power-se/datasets/datasets/voicebank-demand/16k/noisy_test/p257_367.wav,/tmp/exp_fc_base_full_eval_j8p2wsn0/p257_367.wav,2.1153916917818503,2.1867874806993086,3.1390960038299416,3.5460329055786133,2.4442100524902344,3.0297722816467285,0.4418663183193655,1.278363823890686,1.2760893097663624,4.267795712772677,5.877508028868319,1.6534444798792025,4.867249704370071,3.2138052244908684,0.9191615016713779,30.008548936168367
p257_368,/home/vpopescu/projects/ultra-low-power-se/datasets/datasets/voicebank-demand/16k/clean_test/p257_368.wav,/home/vpopescu/projects/ultra-low-power-se/datasets/datasets/voicebank-demand/16k/noisy_test/p257_368.wav,/tmp/exp_fc_base_full_eval_j8p2wsn0/p257_368.wav,2.1919843182119014,2.1199193046252525,2.9288724165266706,3.2715110778808594,2.4997355937957764,2.951406478881836,0.6183419448755021,1.41454017162323,2.8258503798601393,-5.0029944460887155,10.754808277904267,15.792506025167478,6.339367176211282,-9.453138848956197,0.8885105744636215,42.31349396502726
p257_369,/home/vpopescu/projects/ultra-low-power-se/datasets/datasets/voicebank-demand/16k/clean_test/p257_369.wav,/home/vpopescu/projects/ultra-low-power-se/datasets/datasets/voicebank-demand/16k/noisy_test/p257_369.wav,/tmp/exp_fc_base_full_eval_j8p2wsn0/p257_369.wav,2.165860104698415,2.228948419127526,3.2209820515479555,3.666231870651245,3.1751229763031006,3.1964876651763916,0.3255713049489637,1.3140885829925537,2.5385102234219876,-0.4479934259037268,9.934427258367952,10.37755695376713,5.027587241664978,-5.349969712102151,0.9019995598822996,36.60005457823011
p257_370,/home/vpopescu/projects/ultra-low-power-se/datasets/datasets/voicebank-demand/16k/clean_test/p257_370.wav,/home/vpopescu/projects/ultra-low-power-se/datasets/datasets/voicebank-demand/16k/noisy_test/p257_370.wav,/tmp/exp_fc_base_full_eval_j8p2wsn0/p257_370.wav,1.8770526768894655,1.747853525657061,2.32067241240706,2.4318206310272217,2.723759412765503,2.4143900871276855,1.020324991512625,1.3701162338256836,0.23525022284030583,1.7211851087731187,7.815558721911243,6.135009829746859,5.105384625533819,-1.0296252042130396,0.8301100376799982,60.954806702592904
p257_371,/home/vpopescu/projects/ultra-low-power-se/datasets/datasets/voicebank-demand/16k/clean_test/p257_371.wav,/home/vpopescu/projects/ultra-low-power-se/datasets/datasets/voicebank-demand/16k/noisy_test/p257_371.wav,/tmp/exp_fc_base_full_eval_j8p2wsn0/p257_371.wav,2.0482983401467134,2.0814053580764638,3.01084957776305,3.7356820106506348,2.947852849960327,3.1569478511810303,0.4743728993389004,1.2336982488632202,1.3878315077302532,6.161386535242126,6.709858131766181,0.4189128591208928,5.771083725198541,5.352170866077648,0.9048934289859706,37.54897254241592
p257_372,/home/vpopescu/projects/ultra-low-power-se/datasets/datasets/voicebank-demand/16k/clean_test/p257_372.wav,/home/vpopescu/projects/ultra-low-power-se/datasets/datasets/voicebank-demand/16k/noisy_test/p257_372.wav,/tmp/exp_fc_base_full_eval_j8p2wsn0/p257_372.wav,2.5274155945164045,2.6801761326644935,3.6166885539481255,3.736621379852295,2.4408507347106934,2.767390727996826,0.3052761130618728,1.7584569454193115,3.586563700259482,-4.844356145284699,11.1287502644747,15.973272847355947,5.865514680355003,-10.107758167000945,0.9457628820395187,24.72576264433908
p257_373,/home/vpopescu/projects/ultra-low-power-se/datasets/datasets/voicebank-demand/16k/clean_test/p257_373.wav,/home/vpopescu/projects/ultra-low-power-se/datasets/datasets/voicebank-demand/16k/noisy_test/p257_373.wav,/tmp/exp_fc_base_full_eval_j8p2wsn0/p257_373.wav,2.000273290268604,1.864225831628715,2.793500435265703,3.035858631134033,2.753133535385132,2.7535252571105957,0.4671977128666554,1.0966109037399292,3.419587225001878,-0.612826085441041,9.899864728493869,10.53900540662151,6.259821265209682,-4.279184141411827,0.8892257190727845,53.33438812774295
p257_374,/home/vpopescu/projects/ultra-low-power-se/datasets/datasets/voicebank-demand/16k/clean_test/p257_374.wav,/home/vpopescu/projects/ultra-low-power-se/datasets/datasets/voicebank-demand/16k/noisy_test/p257_374.wav,/tmp/exp_fc_base_full_eval_j8p2wsn0/p257_374.wav,2.027002354353201,2.009528741987286,2.9341117602579594,3.6452574729919434,1.7893075942993164,2.7249867916107178,0.5215270942999589,1.1569489240646362,1.4091117183090849,3.3941879008430513,9.17419210825257,5.8033617031160745,5.53033885828926,-0.2730228448268148,0.9074196428150031,35.54189565759536
p257_375,/home/vpopescu/projects/ultra-low-power-se/datasets/datasets/voicebank-demand/16k/clean_test/p257_375.wav,/home/vpopescu/projects/ultra-low-power-se/datasets/datasets/voicebank-demand/16k/noisy_test/p257_375.wav,/tmp/exp_fc_base_full_eval_j8p2wsn0/p257_375.wav,1.798510980293537,1.2311070116404388,1.5419692856814273,2.8103442192077637,2.4890079498291016,2.904135227203369,1.6873270040751485,1.0623559951782227,0.17274528555399082,2.8840481075273154,4.886899800504479,2.064051741295472,4.734157007067074,2.6701052657716016,0.7596923563853027,50.59687691307924
p257_376,/home/vpopescu/projects/ultra-low-power-se/datasets/datasets/voicebank-demand/16k/clean_test/p257_376.wav,/home/vpopescu/projects/ultra-low-power-se/datasets/datasets/voicebank-demand/16k/noisy_test/p257_376.wav,/tmp/exp_fc_base_full_eval_j8p2wsn0/p257_376.wav,2.5971120245709254,2.85775629376194,3.7903217468728068,4.091547012329102,3.249386787414551,3.292337656021118,0.23381651988504606,1.9463626146316528,3.4301944065459247,-6.471081802101839,10.256177459103066,16.729941648230906,5.870094335193523,-10.859847313037383,0.8619358410620069,26.193078976485346
p257_377,/home/vpopescu/projects/ultra-low-power-se/datasets/datasets/voicebank-demand/16k/clean_test/p257_377.wav,/home/vpopescu/projects/ultra-low-power-se/datasets/datasets/voicebank-demand/16k/noisy_test/p257_377.wav,/tmp/exp_fc_base_full_eval_j8p2wsn0/p257_377.wav,2.3393563449537624,2.3844426816780464,3.421674211000164,4.16655158996582,2.3382503986358643,3.011068105697632,0.27562690254652333,1.3551629781723022,3.443348937051411,-1.2214656662917278,9.806816279318078,11.0169823384747,5.431875916303673,-5.585106422171027,0.8852402168552176,22.763220235262434
p257_378,/home/vpopescu/projects/ultra-low-power-se/datasets/datasets/voicebank-demand/16k/clean_test/p257_378.wav,/home/vpopescu/projects/ultra-low-power-se/datasets/datasets/voicebank-demand/16k/noisy_test/p257_378.wav,/tmp/exp_fc_base_full_eval_j8p2wsn0/p257_378.wav,2.231410510719291,2.5837379381351386,3.4933817258236286,3.88136625289917,2.907742977142334,3.105454921722412,0.31738936959020847,1.746476173400879,0.25820514374688086,4.391395603506906,9.063253444624998,4.703048714881893,6.156720517497638,1.4536718026157445,0.8009791265609517,36.23886060319745
p257_379,/home/vpopescu/projects/ultra-low-power-se/datasets/datasets/voicebank-demand/16k/clean_test/p257_379.wav,/home/vpopescu/projects/ultra-low-power-se/datasets/datasets/voicebank-demand/16k/noisy_test/p257_379.wav,/tmp/exp_fc_base_full_eval_j8p2wsn0/p257_379.wav,2.2902138541210193,2.4751845819969054,3.375664467755391,3.853510856628418,2.6472084522247314,3.3182032108306885,0.42660347443521796,1.602173924446106,1.27808200805014,6.118484929972981,7.467807444863034,1.2968134573332093,5.991829428386568,4.695015971053358,0.9135583693138242,27.163492610196876
p257_380,/home/vpopescu/projects/ultra-low-power-se/datasets/datasets/voicebank-demand/16k/clean_test/p257_380.wav,/home/vpopescu/projects/ultra-low-power-se/datasets/datasets/voicebank-demand/16k/noisy_test/p257_380.wav,/tmp/exp_fc_base_full_eval_j8p2wsn0/p257_380.wav,2.431945210565206,2.5083294898234216,3.4972113198235473,3.8553578853607178,2.099945306777954,3.114522933959961,0.286364425564614,1.5398050546646118,3.8176728210798507,-4.466756459189229,11.796757707506822,16.251571711761194,6.347362795667754,-9.90420891609344,0.9515579398559877,25.513570470358435
p257_381,/home/vpopescu/projects/ultra-low-power-se/datasets/datasets/voicebank-demand/16k/clean_test/p257_381.wav,/home/vpopescu/projects/ultra-low-power-se/datasets/datasets/voicebank-demand/16k/noisy_test/p257_381.wav,/tmp/exp_fc_base_full_eval_j8p2wsn0/p257_381.wav,2.268463978707384,2.358983919061625,3.2700922437251467,3.6171886920928955,2.6190755367279053,3.0470948219299316,0.4099350583185926,1.5150225162506104,2.4604075015966638,-1.438668304745626,9.567801945397749,10.986499155255531,5.476281061626045,-5.5102180936294864,0.9000003731691198,34.960350951571066
p257_382,/home/vpopescu/projects/ultra-low-power-se/datasets/datasets/voicebank-demand/16k/clean_test/p257_382.wav,/home/vpopescu/projects/ultra-low-power-se/datasets/datasets/voicebank-demand/16k/noisy_test/p257_382.wav,/tmp/exp_fc_base_full_eval_j8p2wsn0/p257_382.wav,1.8840812019394726,1.8912487342039317,2.704270135197037,3.4117634296417236,3.5216751098632812,3.5956032276153564,0.6777768384823294,1.2028825283050537,-0.013439473200941725,2.263599308494702,7.306442569781019,5.063417841758623,5.614622725632428,0.5512048838738046,0.8964200560666219,46.292851396954845
p257_383,/home/vpopescu/projects/ultra-low-power-se/datasets/datasets/voicebank-demand/16k/clean_test/p257_383.wav,/home/vpopescu/projects/ultra-low-power-se/datasets/datasets/voicebank-demand/16k/noisy_test/p257_383.wav,/tmp/exp_fc_base_full_eval_j8p2wsn0/p257_383.wav,1.938468126003779,1.981504623696587,2.810206812503173,3.3609771728515625,3.0869925022125244,3.4643845558166504,0.6325742939429607,1.2650673389434814,0.10734101020499957,5.69824343200483,7.312741358819707,1.6105522295223198,6.003280658326031,4.392728428803712,0.8914534992907873,43.856649379159975
p257_384,/home/vpopescu/projects/ultra-low-power-se/datasets/datasets/voicebank-demand/16k/clean_test/p257_384.wav,/home/vpopescu/projects/ultra-low-power-se/datasets/datasets/voicebank-demand/16k/noisy_test/p257_384.wav,/tmp/exp_fc_base_full_eval_j8p2wsn0/p257_384.wav,2.7762681919042795,3.0465628395612745,3.9087035478551018,4.2566657066345215,3.453305721282959,3.7589805126190186,0.2708706970553857,2.2024574279785156,4.3051291174543245,-4.643158407964393,11.153638583446506,15.781043994261822,5.618629704613985,-10.162414289647836,0.9422967245962901,25.961370438439012
p257_385,/home/vpopescu/projects/ultra-low-power-se/datasets/datasets/voicebank-demand/16k/clean_test/p257_385.wav,/home/vpopescu/projects/ultra-low-power-se/datasets/datasets/voicebank-demand/16k/noisy_test/p257_385.wav,/tmp/exp_fc_base_full_eval_j8p2wsn0/p257_385.wav,2.491590849710345,2.771444492409797,3.6583553360863283,4.187310695648193,3.0905394554138184,3.307792901992798,0.3163319252960294,1.9241507053375244,2.3393919395928875,-2.151553776244052,9.338570680698291,11.532723618193794,5.582943212512212,-5.949780405681582,0.9091298956525176,29.933554233620477
p257_386,/home/vpopescu/projects/ultra-low-power-se/datasets/datasets/voicebank-demand/16k/clean_test/p257_386.wav,/home/vpopescu/projects/ultra-low-power-se/datasets/datasets/voicebank-demand/16k/noisy_test/p257_386.wav,/tmp/exp_fc_base_full_eval_j8p2wsn0/p257_386.wav,2.466281017020507,2.781673675273395,3.683430904367536,3.8835370540618896,2.7509517669677734,2.861699342727661,0.2858651977658931,1.9226939678192139,2.0153220312358413,4.115982579052537,9.601873010582544,5.444800445415611,5.75187218885905,0.3070717434434389,0.921850897304303,30.533141080705068
p257_387,/home/vpopescu/projects/ultra-low-power-se/datasets/datasets/voicebank-demand/16k/clean_test/p257_387.wav,/home/vpopescu/projects/ultra-low-power-se/datasets/datasets/voicebank-demand/16k/noisy_test/p257_387.wav,/tmp/exp_fc_base_full_eval_j8p2wsn0/p257_387.wav,1.7342242856079402,1.95533034314726,2.895536879055182,3.6541013717651367,3.4326443672180176,3.0831451416015625,0.4611824364997215,1.1367217302322388,-1.992435860971978,6.792132978967553,6.027228554950267,-0.6874040302842945,5.606815448714112,6.294219478998407,0.8235847632404706,45.37217745740501
p257_388,/home/vpopescu/projects/ultra-low-power-se/datasets/datasets/voicebank-demand/16k/clean_test/p257_388.wav,/home/vpopescu/projects/ultra-low-power-se/datasets/datasets/voicebank-demand/16k/noisy_test/p257_388.wav,/tmp/exp_fc_base_full_eval_j8p2wsn0/p257_388.wav,2.198512774416374,2.1653749827402633,3.1415800709947352,3.9392261505126953,1.8036267757415771,2.3263511657714844,0.39789802810472713,1.2466167211532593,3.127899509581056,-5.022027352317014,11.02540179988747,16.038608882624878,6.0577305395519865,-9.980878343072892,0.928853578982148,32.63252677121287
p257_389,/home/vpopescu/projects/ultra-low-power-se/datasets/datasets/voicebank-demand/16k/clean_test/p257_389.wav,/home/vpopescu/projects/ultra-low-power-se/datasets/datasets/voicebank-demand/16k/noisy_test/p257_389.wav,/tmp/exp_fc_base_full_eval_j8p2wsn0/p257_389.wav,2.2942243704350473,2.2817483939809278,3.1481419193949454,3.0538852214813232,2.55411958694458,3.1854987144470215,0.4939946715963823,1.4953128099441528,3.3098094198176247,-1.6274352689583846,10.235591723584959,11.854134357724217,6.005387847704785,-5.848746510019431,0.9167559674213606,37.57902088096683
p257_390,/home/vpopescu/projects/ultra-low-power-se/datasets/datasets/voicebank-demand/16k/clean_test/p257_390.wav,/home/vpopescu/projects/ultra-low-power-se/datasets/datasets/voicebank-demand/16k/noisy_test/p257_390.wav,/tmp/exp_fc_base_full_eval_j8p2wsn0/p257_390.wav,2.020263513585615,1.9874319208430387,2.716038369856684,3.239593267440796,3.3261356353759766,3.6534435749053955,0.7571002513662389,1.3938305377960205,0.9679182524184302,2.3089390108744308,8.276339003205905,5.993890573747256,6.075409014334796,0.08151844058753976,0.8474742756057851,48.70947619760627
p257_391,/home/vpopescu/projects/ultra-low-power-se/datasets/datasets/voicebank-demand/16k/clean_test/p257_391.wav,/home/vpopescu/projects/ultra-low-power-se/datasets/datasets/voicebank-demand/16k/noisy_test/p257_391.wav,/tmp/exp_fc_base_full_eval_j8p2wsn0/p257_391.wav,2.0295800366345826,1.9439858282746014,2.7473347863488224,3.273905038833618,2.50703763961792,3.208500385284424,0.6735160858162749,1.263807773590088,1.8098272124763055,5.06955509114237,6.565390134571116,1.445998884535319,5.425811736320143,3.979812851784824,0.8356958638416887,46.077027646783755
p257_392,/home/vpopescu/projects/ultra-low-power-se/datasets/datasets/voicebank-demand/16k/clean_test/p257_392.wav,/home/vpopescu/projects/ultra-low-power-se/datasets/datasets/voicebank-demand/16k/noisy_test/p257_392.wav,/tmp/exp_fc_base_full_eval_j8p2wsn0/p257_392.wav,2.5110483081018837,2.616955719449153,3.5292868397265433,3.90120792388916,2.2836694717407227,3.004068613052368,0.38800714728821684,1.7016253471374512,3.3629272659541374,-6.93922488094719,9.891625164317592,16.849627262861166,5.605929374739651,-11.243697888121515,0.9288675162345472,21.17043222641832
p257_393,/home/vpopescu/projects/ultra-low-power-se/datasets/datasets/voicebank-demand/16k/clean_test/p257_393.wav,/home/vpopescu/projects/ultra-low-power-se/datasets/datasets/voicebank-demand/16k/noisy_test/p257_393.wav,/tmp/exp_fc_base_full_eval_j8p2wsn0/p257_393.wav,2.3238443368661783,2.3583853225400833,3.2602551395771218,3.3044209480285645,1.9937057495117188,2.763686180114746,0.42257564634700734,1.5251647233963013,3.298875364238374,-0.8335478691727989,10.268852761449075,11.075933378156117,6.034271194924138,-5.0416621832319795,0.9159389259221785,35.287649837753044
p257_394,/home/vpopescu/projects/ultra-low-power-se/datasets/datasets/voicebank-demand/16k/clean_test/p257_394.wav,/home/vpopescu/projects/ultra-low-power-se/datasets/datasets/voicebank-demand/16k/noisy_test/p257_394.wav,/tmp/exp_fc_base_full_eval_j8p2wsn0/p257_394.wav,2.270629112365154,2.3482305027904142,3.149003398884902,3.606226921081543,2.205902576446533,2.74326753616333,0.5978638692432121,1.6020482778549194,1.589874529853564,1.789210818409014,8.206265876709676,6.415314746161331,5.151786683319931,-1.2635280628414005,0.9074957016484118,32.758865690038775
p257_395,/home/vpopescu/projects/ultra-low-power-se/datasets/datasets/voicebank-demand/16k/clean_test/p257_395.wav,/home/vpopescu/projects/ultra-low-power-se/datasets/datasets/voicebank-demand/16k/noisy_test/p257_395.wav,/tmp/exp_fc_base_full_eval_j8p2wsn0/p257_395.wav,1.7163446085467886,1.8037980189950948,2.566214850797307,2.6100375652313232,2.7881722450256348,2.9322144985198975,0.7131875239777418,1.2317978143692017,-1.42551646708224,2.708746319739328,3.826715377454642,1.086139100934396,4.839447715155755,3.7533086142213588,0.8780611286287067,59.52102989935838
p257_396,/home/vpopescu/projects/ultra-low-power-se/datasets/datasets/voicebank-demand/16k/clean_test/p257_396.wav,/home/vpopescu/projects/ultra-low-power-se/datasets/datasets/voicebank-demand/16k/noisy_test/p257_396.wav,/tmp/exp_fc_base_full_eval_j8p2wsn0/p257_396.wav,2.6813793861633,2.9126384544891835,3.8510009206276243,3.76393461227417,2.6222612857818604,2.7702908515930176,0.23538621783167554,1.9678943157196045,3.995629037850951,-4.364818043973788,11.39054533024832,15.756895613938635,6.046009074785832,-9.710886539152803,0.9417698464678917,20.714103733611495
p257_397,/home/vpopescu/projects/ultra-low-power-se/datasets/datasets/voicebank-demand/16k/clean_test/p257_397.wav,/home/vpopescu/projects/ultra-low-power-se/datasets/datasets/voicebank-demand/16k/noisy_test/p257_397.wav,/tmp/exp_fc_base_full_eval_j8p2wsn0/p257_397.wav,2.5385195704048797,2.865388786925773,3.8274270230528162,4.239317417144775,3.6062638759613037,3.794358968734741,0.1912315364546964,1.9197301864624023,2.5868572664683858,0.6746132621628611,11.035442911083406,10.372319297389744,5.713490308588608,-4.658828988801136,0.9526174125130524,25.154780930236647
p257_398,/home/vpopescu/projects/ultra-low-power-se/datasets/datasets/voicebank-demand/16k/clean_test/p257_398.wav,/home/vpopescu/projects/ultra-low-power-se/datasets/datasets/voicebank-demand/16k/noisy_test/p257_398.wav,/tmp/exp_fc_base_full_eval_j8p2wsn0/p257_398.wav,2.2045318361182025,2.2777731919040067,3.156143914725481,3.9126811027526855,3.2484114170074463,3.1754558086395264,0.4794140264754093,1.477470874786377,1.9751053764116193,4.622540882700924,10.056180187213108,5.38456960167662,6.075375654302032,0.6908060526254127,0.8493087840956807,37.161554391945344
p257_399,/home/vpopescu/projects/ultra-low-power-se/datasets/datasets/voicebank-demand/16k/clean_test/p257_399.wav,/home/vpopescu/projects/ultra-low-power-se/datasets/datasets/voicebank-demand/16k/noisy_test/p257_399.wav,/tmp/exp_fc_base_full_eval_j8p2wsn0/p257_399.wav,2.309233377608109,2.5819401051497293,3.549390475435339,3.703618288040161,2.027728319168091,2.760535955429077,0.2919576189510589,1.633299469947815,1.1412682258471927,5.437794260254817,7.197312773674563,1.7457552114800845,5.457670369119175,3.71191515763909,0.9340225933882523,25.340523893617092
p257_400,/home/vpopescu/projects/ultra-low-power-se/datasets/datasets/voicebank-demand/16k/clean_test/p257_400.wav,/home/vpopescu/projects/ultra-low-power-se/datasets/datasets/voicebank-demand/16k/noisy_test/p257_400.wav,/tmp/exp_fc_base_full_eval_j8p2wsn0/p257_400.wav,2.4567885874032402,2.618669524358961,3.5657778493689705,3.5756139755249023,3.0473599433898926,3.252378225326538,0.287562007319196,1.708451509475708,3.3262056967525053,-4.420327419925462,11.237099721959698,15.650494368984207,5.710788562744986,-9.939705806239221,0.8785648112975776,29.057456145936545
p257_401,/home/vpopescu/projects/ultra-low-power-se/datasets/datasets/voicebank-demand/16k/clean_test/p257_401.wav,/home/vpopescu/projects/ultra-low-power-se/datasets/datasets/voicebank-demand/16k/noisy_test/p257_401.wav,/tmp/exp_fc_base_full_eval_j8p2wsn0/p257_401.wav,1.9869330959188265,1.9250038958765978,2.837837066544019,3.399639368057251,3.1973206996917725,3.3323826789855957,0.5023339122283673,1.1447153091430664,2.207240366207739,0.6324156000723384,10.878147651555414,10.260074979245166,5.741856057087484,-4.518218922157682,0.8871425501275466,47.613852131806674
p257_402,/home/vpopescu/projects/ultra-low-power-se/datasets/datasets/voicebank-demand/16k/clean_test/p257_402.wav,/home/vpopescu/projects/ultra-low-power-se/datasets/datasets/voicebank-demand/16k/noisy_test/p257_402.wav,/tmp/exp_fc_base_full_eval_j8p2wsn0/p257_402.wav,2.266201149730754,2.3429943814303136,3.291350583396002,3.614454746246338,2.4985544681549072,3.0365042686462402,0.3659606460169703,1.4559614658355713,2.7291161407616498,3.0850024523690536,9.434904565124109,6.374136890599513,5.711317076401869,-0.6628198141976442,0.9225065473228026,33.668963972376105
p257_403,/home/vpopescu/projects/ultra-low-power-se/datasets/datasets/voicebank-demand/16k/clean_test/p257_403.wav,/home/vpopescu/projects/ultra-low-power-se/datasets/datasets/voicebank-demand/16k/noisy_test/p257_403.wav,/tmp/exp_fc_base_full_eval_j8p2wsn0/p257_403.wav,1.9656842367617706,2.1743183174648752,3.0579690655360854,3.315216302871704,3.002717971801758,3.2879796028137207,0.4877212805339977,1.3896973133087158,-0.6970849981676376,5.716334546435991,6.794498453052617,1.0374012662654606,5.812138069360896,4.774736803095435,0.8910649280663037,41.239246302176326
p257_404,/home/vpopescu/projects/ultra-low-power-se/datasets/datasets/voicebank-demand/16k/clean_test/p257_404.wav,/home/vpopescu/projects/ultra-low-power-se/datasets/datasets/voicebank-demand/16k/noisy_test/p257_404.wav,/tmp/exp_fc_base_full_eval_j8p2wsn0/p257_404.wav,2.6304598742303824,2.943281929201578,3.91535291180433,3.7732996940612793,2.456183671951294,2.9313011169433594,0.16871427334372124,1.9673457145690918,3.2399727895382853,-5.405474298304995,9.81361129490449,15.216108078614193,4.621765200130295,-10.594342878483896,0.8694317394732748,21.149951867793668
p257_405,/home/vpopescu/projects/ultra-low-power-se/datasets/datasets/voicebank-demand/16k/clean_test/p257_405.wav,/home/vpopescu/projects/ultra-low-power-se/datasets/datasets/voicebank-demand/16k/noisy_test/p257_405.wav,/tmp/exp_fc_base_full_eval_j8p2wsn0/p257_405.wav,2.29156127412751,2.435124564221626,3.3014163465847886,3.5579679012298584,2.787029504776001,3.32484769821167,0.4189237826955069,1.661408543586731,2.305211538391201,-0.27446839874524187,10.318153049685444,10.621586031357804,5.708896028309162,-4.912690003048642,0.8594967168912777,40.260048089370386
p257_406,/home/vpopescu/projects/ultra-low-power-se/datasets/datasets/voicebank-demand/16k/clean_test/p257_406.wav,/home/vpopescu/projects/ultra-low-power-se/datasets/datasets/voicebank-demand/16k/noisy_test/p257_406.wav,/tmp/exp_fc_base_full_eval_j8p2wsn0/p257_406.wav,2.6081918799164128,2.942528146588576,3.8654311069915024,3.8374533653259277,3.3668346405029297,3.4207797050476074,0.23241402121538945,2.025999069213867,2.6852293666427283,2.676363976001057,9.176470358439078,6.539675731800505,5.613571117723797,-0.9261046140767082,0.9341140209919536,23.343589323758227
p257_407,/home/vpopescu/projects/ultra-low-power-se/datasets/datasets/voicebank-demand/16k/clean_test/p257_407.wav,/home/vpopescu/projects/ultra-low-power-se/datasets/datasets/voicebank-demand/16k/noisy_test/p257_407.wav,/tmp/exp_fc_base_full_eval_j8p2wsn0/p257_407.wav,2.125904274998917,2.2533026525151825,3.270010044611397,3.8518664836883545,2.9130499362945557,3.074110269546509,0.31609786653050465,1.28121018409729,1.4240515082528609,5.710447631527688,6.982660830099441,1.3640943245443704,5.409424820308544,4.045330495764174,0.9297713237059816,30.032776859931083
p257_408,/home/vpopescu/projects/ultra-low-power-se/datasets/datasets/voicebank-demand/16k/clean_test/p257_408.wav,/home/vpopescu/projects/ultra-low-power-se/datasets/datasets/voicebank-demand/16k/noisy_test/p257_408.wav,/tmp/exp_fc_base_full_eval_j8p2wsn0/p257_408.wav,2.4198690618133494,2.4701028220114774,3.220822551596264,3.475346088409424,2.374021291732788,3.5377678871154785,0.5937051612116545,1.80208420753479,3.0963608432600283,-6.25250834202814,9.901221523162535,16.157989950467964,5.884621105178888,-10.273368845289077,0.8913618398845062,38.656846073380244
p257_409,/home/vpopescu/projects/ultra-low-power-se/datasets/datasets/voicebank-demand/16k/clean_test/p257_409.wav,/home/vpopescu/projects/ultra-low-power-se/datasets/datasets/voicebank-demand/16k/noisy_test/p257_409.wav,/tmp/exp_fc_base_full_eval_j8p2wsn0/p257_409.wav,2.0927676824361723,2.1006639327264907,2.744123698277837,3.1399447917938232,3.260354995727539,3.3216304779052734,0.8593145087452873,1.5781046152114868,0.4472211175595418,-0.5575554827649238,9.512053442015503,10.093427707717774,5.503870327305954,-4.58955738041182,0.8812788772453213,46.248750577309934
p257_410,/home/vpopescu/projects/ultra-low-power-se/datasets/datasets/voicebank-demand/16k/clean_test/p257_410.wav,/home/vpopescu/projects/ultra-low-power-se/datasets/datasets/voicebank-demand/16k/noisy_test/p257_410.wav,/tmp/exp_fc_base_full_eval_j8p2wsn0/p257_410.wav,2.167944548533152,2.1681713284831656,3.058866174811522,3.521965742111206,2.441107988357544,3.2960376739501953,0.48566025000258295,1.3710947036743164,2.5311609547645464,2.737653787414584,9.34610889896357,6.5735141791972005,6.022142021117846,-0.5513721580793547,0.9002815205761869,40.12883713904813
p257_411,/home/vpopescu/projects/ultra-low-power-se/datasets/datasets/voicebank-demand/16k/clean_test/p257_411.wav,/home/vpopescu/projects/ultra-low-power-se/datasets/datasets/voicebank-demand/16k/noisy_test/p257_411.wav,/tmp/exp_fc_base_full_eval_j8p2wsn0/p257_411.wav,1.9437449045403612,1.7711734857977774,2.549698414296203,2.8086602687835693,2.7567312717437744,3.3181819915771484,0.7622233462881716,1.1308541297912598,1.7794026330917718,4.33651605653633,6.177988600030889,1.8053459262560794,5.479564040286618,3.674218114030539,0.8635288007492778,48.986533626377536
p257_412,/home/vpopescu/projects/ultra-low-power-se/datasets/datasets/voicebank-demand/16k/clean_test/p257_412.wav,/home/vpopescu/projects/ultra-low-power-se/datasets/datasets/voicebank-demand/16k/noisy_test/p257_412.wav,/tmp/exp_fc_base_full_eval_j8p2wsn0/p257_412.wav,2.1459121744980396,2.1175895869826116,3.102968093940126,3.9090969562530518,3.0513176918029785,3.358037233352661,0.36798224121688566,1.2194496393203735,3.153582731272129,-4.187581523821546,11.105725189623392,15.28155250048602,5.843627803504273,-9.437924696981748,0.9493799190211961,38.52292359532046
p257_413,/home/vpopescu/projects/ultra-low-power-se/datasets/datasets/voicebank-demand/16k/clean_test/p257_413.wav,/home/vpopescu/projects/ultra-low-power-se/datasets/datasets/voicebank-demand/16k/noisy_test/p257_413.wav,/tmp/exp_fc_base_full_eval_j8p2wsn0/p257_413.wav,2.239903159122366,2.231144541299078,3.1215892755198755,3.8707613945007324,2.657289981842041,3.3824472427368164,0.48747886615903585,1.411761999130249,2.870089080404023,-1.7403226534141734,9.203259356702965,10.97626164399676,6.058396192122109,-4.917865451874652,0.8914591874736034,35.67638407533519
p257_414,/home/vpopescu/projects/ultra-low-power-se/datasets/datasets/voicebank-demand/16k/clean_test/p257_414.wav,/home/vpopescu/projects/ultra-low-power-se/datasets/datasets/voicebank-demand/16k/noisy_test/p257_414.wav,/tmp/exp_fc_base_full_eval_j8p2wsn0/p257_414.wav,2.289634116875039,2.3385827670429284,3.086918200900084,3.193349838256836,2.8072965145111084,3.1471893787384033,0.6389184396204304,1.6818201541900635,2.125084113755567,2.8569362166714107,9.370210542023585,6.448492636104106,5.544885710796192,-0.9036069253079138,0.8724965085437764,40.30803085634462
p257_415,/home/vpopescu/projects/ultra-low-power-se/datasets/datasets/voicebank-demand/16k/clean_test/p257_415.wav,/home/vpopescu/projects/ultra-low-power-se/datasets/datasets/voicebank-demand/16k/noisy_test/p257_415.wav,/tmp/exp_fc_base_full_eval_j8p2wsn0/p257_415.wav,1.657181375396017,1.6610073031765222,2.394946341331395,3.0179800987243652,3.223142623901367,3.681224822998047,0.8112514759590208,1.1191282272338867,-1.4798690978736933,4.721266982044746,5.297226334979119,0.6639579789359367,4.938995412565357,4.275037433629421,0.8432808969945769,59.79002343653399
p257_416,/home/vpopescu/projects/ultra-low-power-se/datasets/datasets/voicebank-demand/16k/clean_test/p257_416.wav,/home/vpopescu/projects/ultra-low-power-se/datasets/datasets/voicebank-demand/16k/noisy_test/p257_416.wav,/tmp/exp_fc_base_full_eval_j8p2wsn0/p257_416.wav,2.7837675715134824,3.0641337954848336,3.9368032213018838,4.1157941818237305,2.6884970664978027,3.4830410480499268,0.28998016715732633,2.1733078956604004,3.8386605130960167,-5.779259843576064,10.227936272068828,16.009110457776117,5.2101038463441185,-10.799006611431999,0.9604207356365102,18.701316419605373
p257_417,/home/vpopescu/projects/ultra-low-power-se/datasets/datasets/voicebank-demand/16k/clean_test/p257_417.wav,/home/vpopescu/projects/ultra-low-power-se/datasets/datasets/voicebank-demand/16k/noisy_test/p257_417.wav,/tmp/exp_fc_base_full_eval_j8p2wsn0/p257_417.wav,2.644514655114328,3.0795993432045434,3.9004079613417963,3.994987726211548,2.942655563354492,3.2764792442321777,0.31852257892001523,2.2790913581848145,1.6999146925265325,2.116761490225201,12.480027757317234,10.37990921433356,6.027179379187649,-4.352729835145912,0.9576828142144352,26.56937710388349
p257_418,/home/vpopescu/projects/ultra-low-power-se/datasets/datasets/voicebank-demand/16k/clean_test/p257_418.wav,/home/vpopescu/projects/ultra-low-power-se/datasets/datasets/voicebank-demand/16k/noisy_test/p257_418.wav,/tmp/exp_fc_base_full_eval_j8p2wsn0/p257_418.wav,2.3937174241951635,2.6017183234448145,3.4615835625300466,3.7962145805358887,2.6830363273620605,2.902050018310547,0.42144148092534106,1.7843053340911865,1.8998239168951185,3.1400650430174135,9.415694530688267,6.293219219910778,5.718499996007903,-0.5747192239028749,0.9139170351814356,30.409918894973682
p257_419,/home/vpopescu/projects/ultra-low-power-se/datasets/datasets/voicebank-demand/16k/clean_test/p257_419.wav,/home/vpopescu/projects/ultra-low-power-se/datasets/datasets/voicebank-demand/16k/noisy_test/p257_419.wav,/tmp/exp_fc_base_full_eval_j8p2wsn0/p257_419.wav,2.322264870011571,2.651975150033884,3.526599525255407,3.825242519378662,2.575885534286499,3.107839822769165,0.3948183606310832,1.8062255382537842,0.29807095783428283,5.511215057571639,6.5525764291784485,1.0588624009397325,5.209951424300067,4.151089023360335,0.9235048328043018,27.69848680247112
p257_420,/home/vpopescu/projects/ultra-low-power-se/datasets/datasets/voicebank-demand/16k/clean_test/p257_420.wav,/home/vpopescu/projects/ultra-low-power-se/datasets/datasets/voicebank-demand/16k/noisy_test/p257_420.wav,/tmp/exp_fc_base_full_eval_j8p2wsn0/p257_420.wav,2.501216168852071,2.7264211601750588,3.613020280206662,3.808356523513794,2.7146456241607666,3.0762839317321777,0.33000545270167714,1.8833612203598022,2.883989459546178,-3.820998774120193,11.294433402283113,15.145507615369098,5.610023375675166,-9.535484239693933,0.9373781195203728,30.674547204474802
p257_421,/home/vpopescu/projects/ultra-low-power-se/datasets/datasets/voicebank-demand/16k/clean_test/p257_421.wav,/home/vpopescu/projects/ultra-low-power-se/datasets/datasets/voicebank-demand/16k/noisy_test/p257_421.wav,/tmp/exp_fc_base_full_eval_j8p2wsn0/p257_421.wav,2.393973186927839,2.5411102147628317,3.4736428607233227,3.738971710205078,2.6716232299804688,2.9942619800567627,0.3340585347418608,1.6509953737258911,2.884134755326049,0.46333025136192596,10.770965600206479,10.283403421373327,5.770250512079349,-4.513152909293979,0.8342402593786464,30.12901304266828
p257_422,/home/vpopescu/projects/ultra-low-power-se/datasets/datasets/voicebank-demand/16k/clean_test/p257_422.wav,/home/vpopescu/projects/ultra-low-power-se/datasets/datasets/voicebank-demand/16k/noisy_test/p257_422.wav,/tmp/exp_fc_base_full_eval_j8p2wsn0/p257_422.wav,2.04567034798343,1.9646186978850853,2.7438350922488692,2.9055893421173096,3.275052070617676,3.521660089492798,0.6670266616146213,1.3388850688934326,2.1801494742827168,1.5173255865144526,7.9524260183188975,6.445440086287631,5.649299819546169,-0.7961402667414621,0.8368851234427283,52.23801883249173
p257_423,/home/vpopescu/projects/ultra-low-power-se/datasets/datasets/voicebank-demand/16k/clean_test/p257_423.wav,/home/vpopescu/projects/ultra-low-power-se/datasets/datasets/voicebank-demand/16k/noisy_test/p257_423.wav,/tmp/exp_fc_base_full_eval_j8p2wsn0/p257_423.wav,1.799636534316186,1.901195958180395,2.8118289690963327,3.3970236778259277,2.6248199939727783,3.0843424797058105,0.5491110512142132,1.093921184539795,-1.0316199165297282,5.099769434077785,5.472822981104933,0.3449305013695654,4.9631507372869805,4.618220235917415,0.8762033189257844,41.752248164637585
p257_424,/home/vpopescu/projects/ultra-low-power-se/datasets/datasets/voicebank-demand/16k/clean_test/p257_424.wav,/home/vpopescu/projects/ultra-low-power-se/datasets/datasets/voicebank-demand/16k/noisy_test/p257_424.wav,/tmp/exp_fc_base_full_eval_j8p2wsn0/p257_424.wav,2.470975520044649,2.5959306109352958,3.5843031885219463,3.798325777053833,2.5991666316986084,3.2757279872894287,0.26162579897536054,1.6201502084732056,3.664787590550908,-4.618709045328108,11.968564863816136,16.587450442940924,5.679091177195662,-10.908359265745261,0.9335891710852023,24.048271115750072
p257_425,/home/vpopescu/projects/ultra-low-power-se/datasets/datasets/voicebank-demand/16k/clean_test/p257_425.wav,/home/vpopescu/projects/ultra-low-power-se/datasets/datasets/voicebank-demand/16k/noisy_test/p257_425.wav,/tmp/exp_fc_base_full_eval_j8p2wsn0/p257_425.wav,2.3446155938531823,2.6150783785239406,3.5064215788532103,3.875420570373535,2.5603628158569336,3.1966683864593506,0.3434859297055922,1.7871720790863037,1.5567887171619093,4.004056869910668,8.726701238968998,4.792406500235758,5.495487555151195,0.7030810549154367,0.8607373561461477,34.532907018752915
p257_426,/home/vpopescu/projects/ultra-low-power-se/datasets/datasets/voicebank-demand/16k/clean_test/p257_426.wav,/home/vpopescu/projects/ultra-low-power-se/datasets/datasets/voicebank-demand/16k/noisy_test/p257_426.wav,/tmp/exp_fc_base_full_eval_j8p2wsn0/p257_426.wav,1.732520783378072,1.6729358044122984,2.394361988946631,3.120405673980713,3.1146514415740967,3.5508761405944824,0.8198132046293263,1.1486352682113647,-0.3897722079257886,4.57256791437356,5.750497955337267,1.1881428263400982,5.253585468662045,4.065442642321948,0.8350240679447907,60.85303224680506
p257_427,/home/vpopescu/projects/ultra-low-power-se/datasets/datasets/voicebank-demand/16k/clean_test/p257_427.wav,/home/vpopescu/projects/ultra-low-power-se/datasets/datasets/voicebank-demand/16k/noisy_test/p257_427.wav,/tmp/exp_fc_base_full_eval_j8p2wsn0/p257_427.wav,1.594234155293471,1.386223345561181,1.9573894240541745,2.5858263969421387,3.1912343502044678,3.599853515625,1.114199280100195,1.054211974143982,-0.9163794624432957,2.758665247977712,3.7870394917738546,1.0218552358395916,4.633364097065345,3.6115088612257535,0.7123505112689054,69.42103745906067
p257_428,/home/vpopescu/projects/ultra-low-power-se/datasets/datasets/voicebank-demand/16k/clean_test/p257_428.wav,/home/vpopescu/projects/ultra-low-power-se/datasets/datasets/voicebank-demand/16k/noisy_test/p257_428.wav,/tmp/exp_fc_base_full_eval_j8p2wsn0/p257_428.wav,2.5489104153580717,2.76881688700109,3.7104195372401985,3.7428951263427734,3.136814594268799,3.1664299964904785,0.2506614678326801,1.8521655797958374,3.4510000225379143,-0.6024962059166032,10.579455403241171,11.1619907582286,5.692001284760911,-5.469989473467688,0.9332469680446646,26.833961886318168
p257_429,/home/vpopescu/projects/ultra-low-power-se/datasets/datasets/voicebank-demand/16k/clean_test/p257_429.wav,/home/vpopescu/projects/ultra-low-power-se/datasets/datasets/voicebank-demand/16k/noisy_test/p257_429.wav,/tmp/exp_fc_base_full_eval_j8p2wsn0/p257_429.wav,2.0534585377031407,1.9592568349041035,2.7242471385798415,3.3924360275268555,2.6986217498779297,3.273050546646118,0.6754844052394436,1.3610117435455322,2.434992499298904,0.23421962633251958,10.204870995098522,9.994839775226275,6.066336820886976,-3.928502954339299,0.8290980479983904,54.92994330963636
p257_430,/home/vpopescu/projects/ultra-low-power-se/datasets/datasets/voicebank-demand/16k/clean_test/p257_430.wav,/home/vpopescu/projects/ultra-low-power-se/datasets/datasets/voicebank-demand/16k/noisy_test/p257_430.wav,/tmp/exp_fc_base_full_eval_j8p2wsn0/p257_430.wav,2.1197261845301245,2.125320041670577,3.000044750821232,2.9463014602661133,2.845956802368164,3.291865587234497,0.5008569697830386,1.3666809797286987,2.299556423839948,0.5196060260551825,7.17788690681399,6.64642947459479,5.789335602538824,-0.857093872055966,0.8406949562978056,44.63133978315854
p257_431,/home/vpopescu/projects/ultra-low-power-se/datasets/datasets/voicebank-demand/16k/clean_test/p257_431.wav,/home/vpopescu/projects/ultra-low-power-se/datasets/datasets/voicebank-demand/16k/noisy_test/p257_431.wav,/tmp/exp_fc_base_full_eval_j8p2wsn0/p257_431.wav,2.121931331018422,2.060087807511792,2.8993625190918104,3.1789815425872803,2.573028564453125,3.1188547611236572,0.6061611042907868,1.3152329921722412,2.2471464531757275,2.1984951435331066,8.482092684601533,6.273843102597341,6.250609714887761,-0.02323338770957939,0.8882515210769037,40.331466541425705
p257_432,/home/vpopescu/projects/ultra-low-power-se/datasets/datasets/voicebank-demand/16k/clean_test/p257_432.wav,/home/vpopescu/projects/ultra-low-power-se/datasets/datasets/voicebank-demand/16k/noisy_test/p257_432.wav,/tmp/exp_fc_base_full_eval_j8p2wsn0/p257_432.wav,1.8703315454227691,1.6681571754444964,2.424196206398916,3.2441210746765137,2.063166379928589,2.8440420627593994,0.798552451875479,1.0835970640182495,1.708758008761831,-0.10406913404420592,9.836859319436918,9.934586977848584,6.472795578313234,-3.4617913995353495,0.7444789893037238,55.61137224713561
p257_433,/home/vpopescu/projects/ultra-low-power-se/datasets/datasets/voicebank-demand/16k/clean_test/p257_433.wav,/home/vpopescu/projects/ultra-low-power-se/datasets/datasets/voicebank-demand/16k/noisy_test/p257_433.wav,/tmp/exp_fc_base_full_eval_j8p2wsn0/p257_433.wav,2.2603798004451856,2.3290688277271694,3.2958444614084175,4.023945331573486,2.93839430809021,3.300422430038452,0.37206768122805156,1.398873209953308,2.511807294983901,0.6758127212031475,10.94888966526419,10.29658267379376,5.271099063654139,-5.02548361013962,0.9319539914746987,28.646493356640246
p257_434,/home/vpopescu/projects/ultra-low-power-se/datasets/datasets/voicebank-demand/16k/clean_test/p257_434.wav,/home/vpopescu/projects/ultra-low-power-se/datasets/datasets/voicebank-demand/16k/noisy_test/p257_434.wav,/tmp/exp_fc_base_full_eval_j8p2wsn0/p257_434.wav,2.0997649637010602,2.5181657673822104,3.341620563608895,3.6282899379730225,2.6282312870025635,3.0705268383026123,0.4094671828355574,1.823604702949524,-1.1385597369597003,7.298678084489432,7.575229362359917,0.29491656566341834,6.354420778323977,6.059504212660559,0.8530617837160985,47.74126012576441
