stem,clean,noisy,enh,CBAK,COVL,CSIG,DNSMOS_BAK,DNSMOS_OVR,DNSMOS_SIG,LLR,PESQ,SEG_SNR,SI-SNRi,SI_SDR,SNR_IN,SNR_OUT,SNRi,STOI,WSS
p232_001,/home/vpopescu/projects/ultra-low-power-se/datasets/datasets/voicebank-demand/16k/clean_test/p232_001.wav,/home/vpopescu/projects/ultra-low-power-se/datasets/datasets/voicebank-demand/16k/noisy_test/p232_001.wav,/tmp/exp_mask_df_v4_full_eval_txdanchi/p232_001.wav,2.88557543102065,3.404246268454201,4.106390550058466,3.9534175395965576,3.3606226444244385,3.4871606826782227,0.37024028638018036,2.7241101264953613,2.262700750853661,-2.37951775862299,13.091388881987868,15.473800887487322,6.122297713122715,-9.351503174364606,0.8774822554767723,27.585622392559024
p232_002,/home/vpopescu/projects/ultra-low-power-se/datasets/datasets/voicebank-demand/16k/clean_test/p232_002.wav,/home/vpopescu/projects/ultra-low-power-se/datasets/datasets/voicebank-demand/16k/noisy_test/p232_002.wav,/tmp/exp_mask_df_v4_full_eval_txdanchi/p232_002.wav,3.0684800407665858,3.578998451884581,4.364308580845097,4.208437442779541,3.6006972789764404,3.9061849117279053,0.23613567200601557,2.7622532844543457,3.679951568753905,-0.39665168693949227,10.923300670406729,11.311187574456959,5.917026659161299,-5.39416091529566,0.9376171413256325,16.816282576298146
p232_003,/home/vpopescu/projects/ultra-low-power-se/datasets/datasets/voicebank-demand/16k/clean_test/p232_003.wav,/home/vpopescu/projects/ultra-low-power-se/datasets/datasets/voicebank-demand/16k/noisy_test/p232_003.wav,/tmp/exp_mask_df_v4_full_eval_txdanchi/p232_003.wav,2.8469646850511054,3.382609847480792,4.162967713881732,4.083007335662842,3.2562108039855957,3.5692739486694336,0.2971786337429559,2.591447114944458,1.8984537092183824,3.269451570955064,10.00126539152205,6.7148582931324885,5.7975029686463735,-0.917355324486115,0.9475285896688944,20.764231367586117
p232_005,/home/vpopescu/projects/ultra-low-power-se/datasets/datasets/voicebank-demand/16k/clean_test/p232_005.wav,/home/vpopescu/projects/ultra-low-power-se/datasets/datasets/voicebank-demand/16k/noisy_test/p232_005.wav,/tmp/exp_mask_df_v4_full_eval_txdanchi/p232_005.wav,2.1916725227972904,2.1207473111123964,2.8515462648373626,2.8086721897125244,3.9072623252868652,3.824587821960449,0.7888404144574541,1.449689507484436,1.604561721112512,5.293846165197077,7.149317343509193,1.8527002911409471,5.841339807949076,3.988639516808129,0.8672688119557412,33.766635744336895
p232_006,/home/vpopescu/projects/ultra-low-power-se/datasets/datasets/voicebank-demand/16k/clean_test/p232_006.wav,/home/vpopescu/projects/ultra-low-power-se/datasets/datasets/voicebank-demand/16k/noisy_test/p232_006.wav,/tmp/exp_mask_df_v4_full_eval_txdanchi/p232_006.wav,2.721847553589959,2.848288808242149,3.5919765768759264,3.429945468902588,3.089578151702881,3.272571086883545,0.5409141669161706,2.1137866973876953,3.9336339989286935,-5.074185300678431,11.773944646456016,16.855944699955845,6.173477902755714,-10.682466797200131,0.936126857289401,24.337347099123818
p232_007,/home/vpopescu/projects/ultra-low-power-se/datasets/datasets/voicebank-demand/16k/clean_test/p232_007.wav,/home/vpopescu/projects/ultra-low-power-se/datasets/datasets/voicebank-demand/16k/noisy_test/p232_007.wav,/tmp/exp_mask_df_v4_full_eval_txdanchi/p232_007.wav,2.3821074857723636,2.3016892980641757,3.077160518419615,3.395902633666992,3.4379193782806396,3.923936367034912,0.6842524586664341,1.5557026863098145,3.1554874173695744,-0.9141659583271036,10.89519031288295,11.813925678151318,6.3788867441565955,-5.435038933994722,0.9141638355282365,27.759157939715816
p232_009,/home/vpopescu/projects/ultra-low-power-se/datasets/datasets/voicebank-demand/16k/clean_test/p232_009.wav,/home/vpopescu/projects/ultra-low-power-se/datasets/datasets/voicebank-demand/16k/noisy_test/p232_009.wav,/tmp/exp_mask_df_v4_full_eval_txdanchi/p232_009.wav,2.4417815651390544,2.544663100674127,3.3204824135003728,3.4615259170532227,3.330873966217041,3.6386935710906982,0.5989947539688913,1.7887564897537231,2.1485162314654445,3.0215546017690844,9.789105945372707,6.784228972442677,5.895490181889441,-0.8887387905532362,0.9324542586285473,26.085794220792568
p232_010,/home/vpopescu/projects/ultra-low-power-se/datasets/datasets/voicebank-demand/16k/clean_test/p232_010.wav,/home/vpopescu/projects/ultra-low-power-se/datasets/datasets/voicebank-demand/16k/noisy_test/p232_010.wav,/tmp/exp_mask_df_v4_full_eval_txdanchi/p232_010.wav,1.763605348134948,1.5742593780814391,1.9688765668856147,2.3908934593200684,2.235819101333618,3.1577706336975098,1.4175425982207217,1.3269429206848145,-2.2623096058978716,3.427449543446643,4.30920960779512,0.9068956931466065,5.117071274531282,4.210175581384676,0.8218875384454919,51.73540896868956
p232_011,/home/vpopescu/projects/ultra-low-power-se/datasets/datasets/voicebank-demand/16k/clean_test/p232_011.wav,/home/vpopescu/projects/ultra-low-power-se/datasets/datasets/voicebank-demand/16k/noisy_test/p232_011.wav,/tmp/exp_mask_df_v4_full_eval_txdanchi/p232_011.wav,2.8247397649172714,3.0305971119660997,3.824301387493033,3.7814126014709473,3.48935604095459,3.933711528778076,0.4141871228702896,2.2273309230804443,4.292318379188719,-5.047934140255409,11.753801162450387,16.805718614479474,6.266861481571922,-10.538857132907552,0.9345831124155123,20.620067743438543
p232_012,/home/vpopescu/projects/ultra-low-power-se/datasets/datasets/voicebank-demand/16k/clean_test/p232_012.wav,/home/vpopescu/projects/ultra-low-power-se/datasets/datasets/voicebank-demand/16k/noisy_test/p232_012.wav,/tmp/exp_mask_df_v4_full_eval_txdanchi/p232_012.wav,2.8337769265790334,3.063023905647385,3.803662816190688,3.558300733566284,3.2536752223968506,3.7167763710021973,0.49260112855916394,2.30432391166687,3.683415273403553,-0.7385549774792164,11.164171798054204,11.895845069509301,6.126427596407761,-5.76941747310154,0.939682701545393,19.10643791745056
p232_013,/home/vpopescu/projects/ultra-low-power-se/datasets/datasets/voicebank-demand/16k/clean_test/p232_013.wav,/home/vpopescu/projects/ultra-low-power-se/datasets/datasets/voicebank-demand/16k/noisy_test/p232_013.wav,/tmp/exp_mask_df_v4_full_eval_txdanchi/p232_013.wav,2.2876779116520267,2.289598467931766,3.0427499311351194,2.871446371078491,3.0773537158966064,3.435418128967285,0.6836062897921441,1.5999267101287842,2.0833183739491314,1.6465287594913303,8.448073392613953,6.7967044595223225,5.935992476048625,-0.8607119834736974,0.9169753988126345,34.61944476404679
p232_014,/home/vpopescu/projects/ultra-low-power-se/datasets/datasets/voicebank-demand/16k/clean_test/p232_014.wav,/home/vpopescu/projects/ultra-low-power-se/datasets/datasets/voicebank-demand/16k/noisy_test/p232_014.wav,/tmp/exp_mask_df_v4_full_eval_txdanchi/p232_014.wav,2.27420401887226,2.123633819084247,2.7190200314904005,3.44752836227417,3.692136764526367,3.869999408721924,1.0234131129638588,1.5637589693069458,1.554474109744269,5.5686212421219174,7.493508614584981,1.990606262144627,5.964581771732994,3.973975509588367,0.8986851455890134,29.314948195764103
p232_015,/home/vpopescu/projects/ultra-low-power-se/datasets/datasets/voicebank-demand/16k/clean_test/p232_015.wav,/home/vpopescu/projects/ultra-low-power-se/datasets/datasets/voicebank-demand/16k/noisy_test/p232_015.wav,/tmp/exp_mask_df_v4_full_eval_txdanchi/p232_015.wav,3.163881139506847,3.662312377498801,4.4835286085554165,4.2465410232543945,3.750352144241333,3.916926860809326,0.18966803880423486,2.7741146087646484,4.311019098512985,-4.507815955637703,12.43904476883375,16.948133612653812,5.796364891855324,-11.151768720798488,0.9588146016161262,9.677120955567544
p232_016,/home/vpopescu/projects/ultra-low-power-se/datasets/datasets/voicebank-demand/16k/clean_test/p232_016.wav,/home/vpopescu/projects/ultra-low-power-se/datasets/datasets/voicebank-demand/16k/noisy_test/p232_016.wav,/tmp/exp_mask_df_v4_full_eval_txdanchi/p232_016.wav,3.0207255494268384,3.416086592025316,4.26425582741512,4.148880481719971,3.2982375621795654,3.658344030380249,0.23502833469750578,2.5099503993988037,4.2072735022191825,-0.5036548566686356,11.488774985528254,11.98961273919512,5.67145795500304,-6.31815478419208,0.9534356446420563,11.155567446513967
p232_017,/home/vpopescu/projects/ultra-low-power-se/datasets/datasets/voicebank-demand/16k/clean_test/p232_017.wav,/home/vpopescu/projects/ultra-low-power-se/datasets/datasets/voicebank-demand/16k/noisy_test/p232_017.wav,/tmp/exp_mask_df_v4_full_eval_txdanchi/p232_017.wav,2.7839352387577816,3.216136468060757,4.016801543193688,3.9918713569641113,3.055691719055176,3.5700314044952393,0.35269993596763477,2.3866934776306152,2.026431280425504,3.2525078833436627,9.691409398215438,6.432944281503865,5.768911314605129,-0.6640329668987359,0.9415937554728264,16.938487745208448
p232_019,/home/vpopescu/projects/ultra-low-power-se/datasets/datasets/voicebank-demand/16k/clean_test/p232_019.wav,/home/vpopescu/projects/ultra-low-power-se/datasets/datasets/voicebank-demand/16k/noisy_test/p232_019.wav,/tmp/exp_mask_df_v4_full_eval_txdanchi/p232_019.wav,2.6722896130284046,2.9455076373624736,3.6911639716348166,4.124160289764404,3.6092653274536133,3.6310014724731445,0.5164243114332836,2.1945436000823975,2.222039451413239,6.0456282361363725,8.103099089002143,2.047911580650361,5.896094852038499,3.848183271388138,0.9434433203697828,21.527244750002236
p232_020,/home/vpopescu/projects/ultra-low-power-se/datasets/datasets/voicebank-demand/16k/clean_test/p232_020.wav,/home/vpopescu/projects/ultra-low-power-se/datasets/datasets/voicebank-demand/16k/noisy_test/p232_020.wav,/tmp/exp_mask_df_v4_full_eval_txdanchi/p232_020.wav,2.8689641707410867,3.2277332526920035,4.021783925909587,3.890404462814331,3.520143508911133,4.02544641494751,0.3303088044149759,2.428889036178589,3.5930083336351495,-4.469015798029604,11.766722147437118,16.235216180937808,6.213169628872642,-10.022046552065166,0.9269175762159674,21.77204479589902
p232_021,/home/vpopescu/projects/ultra-low-power-se/datasets/datasets/voicebank-demand/16k/clean_test/p232_021.wav,/home/vpopescu/projects/ultra-low-power-se/datasets/datasets/voicebank-demand/16k/noisy_test/p232_021.wav,/tmp/exp_mask_df_v4_full_eval_txdanchi/p232_021.wav,2.78788381472094,3.0836026607812905,3.952056993407946,3.8239240646362305,3.594968557357788,3.7740859985351562,0.29480205941779514,2.191803455352783,3.6517814193348967,-0.7985568882700509,11.116242393971792,11.911204871875775,5.747126209505501,-6.164078662370274,0.9438602576268132,17.694352336541236
p232_022,/home/vpopescu/projects/ultra-low-power-se/datasets/datasets/voicebank-demand/16k/clean_test/p232_022.wav,/home/vpopescu/projects/ultra-low-power-se/datasets/datasets/voicebank-demand/16k/noisy_test/p232_022.wav,/tmp/exp_mask_df_v4_full_eval_txdanchi/p232_022.wav,2.580610169007907,2.636218431025038,3.42255531907554,3.7431328296661377,3.594263792037964,3.8998515605926514,0.574234356444666,1.8462104797363281,3.398326577094912,2.7874920122892606,9.77878127480798,7.006162069639875,6.3100294286060885,-0.6961326410337865,0.9381521118430446,21.42471638043388
p232_023,/home/vpopescu/projects/ultra-low-power-se/datasets/datasets/voicebank-demand/16k/clean_test/p232_023.wav,/home/vpopescu/projects/ultra-low-power-se/datasets/datasets/voicebank-demand/16k/noisy_test/p232_023.wav,/tmp/exp_mask_df_v4_full_eval_txdanchi/p232_023.wav,2.2389097073442104,2.2688693490943255,3.0157805322796096,3.2410428524017334,4.158812522888184,4.264529228210449,0.7236385644806197,1.5663089752197266,1.1384198116295023,5.108670949219896,7.0977308850755625,1.9711035258784093,5.7913619322394085,3.820258406360999,0.9196955876368651,30.78663299192534
p232_024,/home/vpopescu/projects/ultra-low-power-se/datasets/datasets/voicebank-demand/16k/clean_test/p232_024.wav,/home/vpopescu/projects/ultra-low-power-se/datasets/datasets/voicebank-demand/16k/noisy_test/p232_024.wav,/tmp/exp_mask_df_v4_full_eval_txdanchi/p232_024.wav,3.2593814568152784,3.7524553112065506,4.552597029155595,4.1245551109313965,3.7680611610412598,3.9341912269592285,0.18947596707150416,2.882681369781494,4.961131085502638,-4.7825009485115935,12.022381478053969,16.800630274682607,5.904756852914441,-10.895873421768165,0.9571411602098976,9.298785189563171
p232_025,/home/vpopescu/projects/ultra-low-power-se/datasets/datasets/voicebank-demand/16k/clean_test/p232_025.wav,/home/vpopescu/projects/ultra-low-power-se/datasets/datasets/voicebank-demand/16k/noisy_test/p232_025.wav,/tmp/exp_mask_df_v4_full_eval_txdanchi/p232_025.wav,2.839018750951328,3.3538604220320245,4.099224594896947,3.898468255996704,3.462379217147827,3.7570462226867676,0.3339012290437265,2.6219239234924316,2.0884130576339843,0.5006477864809522,11.134029957243651,10.63416832983352,5.923915016276762,-4.710253313556757,0.9397935617840226,25.690129586999355
p232_027,/home/vpopescu/projects/ultra-low-power-se/datasets/datasets/voicebank-demand/16k/clean_test/p232_027.wav,/home/vpopescu/projects/ultra-low-power-se/datasets/datasets/voicebank-demand/16k/noisy_test/p232_027.wav,/tmp/exp_mask_df_v4_full_eval_txdanchi/p232_027.wav,2.899246624354688,3.286447561987836,4.094000139485877,4.034626483917236,3.541626214981079,3.995349407196045,0.3309343815767957,2.435930013656616,3.173171007384856,3.078888669139384,9.786387924256326,6.702510823404175,5.581795104744978,-1.1207157186591976,0.9490390847506177,14.148242234060005
p232_028,/home/vpopescu/projects/ultra-low-power-se/datasets/datasets/voicebank-demand/16k/clean_test/p232_028.wav,/home/vpopescu/projects/ultra-low-power-se/datasets/datasets/voicebank-demand/16k/noisy_test/p232_028.wav,/tmp/exp_mask_df_v4_full_eval_txdanchi/p232_028.wav,1.9487691067043733,2.2140356924137023,2.9087924835108514,3.2247838973999023,3.564086437225342,3.390475273132324,0.7288378785511498,1.6463093757629395,-2.223625613540259,6.685172370624685,6.886452799204962,0.21083111673047075,5.896547037295976,5.685715920565506,0.8083273840498238,47.43976589389646
p232_029,/home/vpopescu/projects/ultra-low-power-se/datasets/datasets/voicebank-demand/16k/clean_test/p232_029.wav,/home/vpopescu/projects/ultra-low-power-se/datasets/datasets/voicebank-demand/16k/noisy_test/p232_029.wav,/tmp/exp_mask_df_v4_full_eval_txdanchi/p232_029.wav,2.4777804461412627,2.519584764544837,3.2391202002858446,3.4497294425964355,3.4643096923828125,3.8035740852355957,0.649500338847206,1.8591164350509644,3.072739402671782,-5.104807015947216,11.41439377924182,16.498336166012262,5.750278266389172,-10.74805789962309,0.947486322695415,34.06568459734577
p232_030,/home/vpopescu/projects/ultra-low-power-se/datasets/datasets/voicebank-demand/16k/clean_test/p232_030.wav,/home/vpopescu/projects/ultra-low-power-se/datasets/datasets/voicebank-demand/16k/noisy_test/p232_030.wav,/tmp/exp_mask_df_v4_full_eval_txdanchi/p232_030.wav,2.6704173350582114,2.8872133119269856,3.7157774487240225,3.768831491470337,3.6537671089172363,3.831146001815796,0.40287072705089716,2.0615172386169434,3.3500055223636047,-0.6716803972310839,11.045899880674233,11.718943308518984,6.024109046767148,-5.694834261751836,0.9561601742464069,22.862607558513467
p232_031,/home/vpopescu/projects/ultra-low-power-se/datasets/datasets/voicebank-demand/16k/clean_test/p232_031.wav,/home/vpopescu/projects/ultra-low-power-se/datasets/datasets/voicebank-demand/16k/noisy_test/p232_031.wav,/tmp/exp_mask_df_v4_full_eval_txdanchi/p232_031.wav,2.281186406358747,2.328906931733958,2.969793012030179,3.215488910675049,2.775517702102661,3.3708057403564453,0.8201152661755012,1.7686548233032227,1.1227077073505813,3.8677484058696088,9.426537296689293,5.531379155645501,5.740219430778001,0.20884027513249936,0.7935301555374085,38.42302639189709
p232_032,/home/vpopescu/projects/ultra-low-power-se/datasets/datasets/voicebank-demand/16k/clean_test/p232_032.wav,/home/vpopescu/projects/ultra-low-power-se/datasets/datasets/voicebank-demand/16k/noisy_test/p232_032.wav,/tmp/exp_mask_df_v4_full_eval_txdanchi/p232_032.wav,1.9528740769366695,1.6535511520433364,2.2006321314131143,3.193709135055542,3.5185091495513916,3.7612571716308594,1.2080855303212994,1.2062015533447266,0.5589054176595818,3.0786962053210796,4.622233734406627,1.7387753222251,5.038119265484196,3.2993439432590965,0.7949114981102776,41.84304383923763
p232_033,/home/vpopescu/projects/ultra-low-power-se/datasets/datasets/voicebank-demand/16k/clean_test/p232_033.wav,/home/vpopescu/projects/ultra-low-power-se/datasets/datasets/voicebank-demand/16k/noisy_test/p232_033.wav,/tmp/exp_mask_df_v4_full_eval_txdanchi/p232_033.wav,2.6973995668766353,2.956393106335532,3.556930589459551,3.30764102935791,2.7896294593811035,2.8521196842193604,0.6290887470311559,2.4409849643707275,2.8113508795298383,-2.7916360020596898,12.172484002951228,14.942286085389727,5.870675500266699,-9.071610585123029,0.8174425228783458,40.072335928993134
p232_034,/home/vpopescu/projects/ultra-low-power-se/datasets/datasets/voicebank-demand/16k/clean_test/p232_034.wav,/home/vpopescu/projects/ultra-low-power-se/datasets/datasets/voicebank-demand/16k/noisy_test/p232_034.wav,/tmp/exp_mask_df_v4_full_eval_txdanchi/p232_034.wav,2.270334382003118,2.242345715536329,2.9886811926683965,2.7312779426574707,3.181851863861084,2.9852170944213867,0.698362864655584,1.5717895030975342,2.292095988508319,-0.6589347757670012,9.410642188360857,10.131634584113627,5.679929677257861,-4.451704906855766,0.8441201604415852,37.05472110764674
p232_035,/home/vpopescu/projects/ultra-low-power-se/datasets/datasets/voicebank-demand/16k/clean_test/p232_035.wav,/home/vpopescu/projects/ultra-low-power-se/datasets/datasets/voicebank-demand/16k/noisy_test/p232_035.wav,/tmp/exp_mask_df_v4_full_eval_txdanchi/p232_035.wav,2.444957422782926,2.485493542048489,3.19768328919193,3.1439902782440186,3.4908084869384766,3.7322604656219482,0.7030429136644879,1.807626485824585,2.3904725365533137,2.4558375555167693,9.088674340203454,6.6471274831785525,5.968673858552378,-0.6784536246261741,0.943297049661198,29.098258177726322
p232_036,/home/vpopescu/projects/ultra-low-power-se/datasets/datasets/voicebank-demand/16k/clean_test/p232_036.wav,/home/vpopescu/projects/ultra-low-power-se/datasets/datasets/voicebank-demand/16k/noisy_test/p232_036.wav,/tmp/exp_mask_df_v4_full_eval_txdanchi/p232_036.wav,1.964691563611034,1.8130360613334167,2.439170227045458,2.778289556503296,2.920142889022827,3.4185948371887207,1.0192535339670843,1.2907308340072632,0.188359930267387,3.664279305579065,5.242331580931014,1.4825526470947414,5.353551954535485,3.8709993074407434,0.8309138902734053,42.59206437875471
p232_037,/home/vpopescu/projects/ultra-low-power-se/datasets/datasets/voicebank-demand/16k/clean_test/p232_037.wav,/home/vpopescu/projects/ultra-low-power-se/datasets/datasets/voicebank-demand/16k/noisy_test/p232_037.wav,/tmp/exp_mask_df_v4_full_eval_txdanchi/p232_037.wav,3.1205063809555846,3.5870817715867087,4.411145189022708,4.205622673034668,2.9807591438293457,3.6972923278808594,0.20846571194165994,2.7016372680664062,4.2877071668644655,-4.888689048505952,11.676027845681071,16.564046035132346,5.477331412278836,-11.08671462285351,0.953352640659932,10.714540670374095
p232_038,/home/vpopescu/projects/ultra-low-power-se/datasets/datasets/voicebank-demand/16k/clean_test/p232_038.wav,/home/vpopescu/projects/ultra-low-power-se/datasets/datasets/voicebank-demand/16k/noisy_test/p232_038.wav,/tmp/exp_mask_df_v4_full_eval_txdanchi/p232_038.wav,2.809044380950036,3.245330508504688,4.057299681280233,3.9405765533447266,3.230646848678589,3.108948230743408,0.3011322915937526,2.424086809158325,2.5747702499066594,0.6651449202760826,11.614015069109358,10.945719651134509,5.896863504491819,-5.04885614664269,0.9121969708977838,20.839948510251766
p232_039,/home/vpopescu/projects/ultra-low-power-se/datasets/datasets/voicebank-demand/16k/clean_test/p232_039.wav,/home/vpopescu/projects/ultra-low-power-se/datasets/datasets/voicebank-demand/16k/noisy_test/p232_039.wav,/tmp/exp_mask_df_v4_full_eval_txdanchi/p232_039.wav,2.417563058458724,2.5987002177529637,3.3113712640690602,3.7055892944335938,3.2282798290252686,3.2165303230285645,0.6572397271111948,1.9206898212432861,1.1178043170060865,5.218421043852839,9.647536420008828,4.420877736019154,5.828524286165768,1.4076465501466142,0.7652941409841885,29.27833543813574
p232_040,/home/vpopescu/projects/ultra-low-power-se/datasets/datasets/voicebank-demand/16k/clean_test/p232_040.wav,/home/vpopescu/projects/ultra-low-power-se/datasets/datasets/voicebank-demand/16k/noisy_test/p232_040.wav,/tmp/exp_mask_df_v4_full_eval_txdanchi/p232_040.wav,2.620618145420119,3.325685938721382,4.012734685540131,4.036588668823242,3.4877798557281494,3.5370700359344482,0.40547537924996413,2.676859140396118,-1.2275912471065682,6.805158145396372,7.282318327594032,0.5104077323935136,5.603537704859911,5.093129972466397,0.9612409289794537,30.79746787450169
p232_041,/home/vpopescu/projects/ultra-low-power-se/datasets/datasets/voicebank-demand/16k/clean_test/p232_041.wav,/home/vpopescu/projects/ultra-low-power-se/datasets/datasets/voicebank-demand/16k/noisy_test/p232_041.wav,/tmp/exp_mask_df_v4_full_eval_txdanchi/p232_041.wav,2.566920791011458,2.7542937757922163,3.453836083650818,3.274733543395996,2.611379861831665,3.634046792984009,0.5899761352297278,2.1117074489593506,2.5569455522433144,-4.986837863690287,10.831448449753365,15.826907251041401,5.1381831720953155,-10.688724078946086,0.8866658776164696,33.93756276892006
p232_042,/home/vpopescu/projects/ultra-low-power-se/datasets/datasets/voicebank-demand/16k/clean_test/p232_042.wav,/home/vpopescu/projects/ultra-low-power-se/datasets/datasets/voicebank-demand/16k/noisy_test/p232_042.wav,/tmp/exp_mask_df_v4_full_eval_txdanchi/p232_042.wav,2.953986801221793,3.48057876509275,4.241834117586665,4.277997016906738,3.606032133102417,3.859822988510132,0.2903205455916653,2.706345319747925,2.694267243550509,0.4041707637206873,11.636348576992932,11.237504155217731,5.906745880250948,-5.330758274966784,0.9614546907363954,20.48358542305672
p232_043,/home/vpopescu/projects/ultra-low-power-se/datasets/datasets/voicebank-demand/16k/clean_test/p232_043.wav,/home/vpopescu/projects/ultra-low-power-se/datasets/datasets/voicebank-demand/16k/noisy_test/p232_043.wav,/tmp/exp_mask_df_v4_full_eval_txdanchi/p232_043.wav,2.17880249070612,2.38164264219194,3.1220167917537047,3.397127389907837,3.3065943717956543,3.725895643234253,0.665436100675685,1.7059720754623413,-0.4077867675489706,2.668295445548342,8.544396539104822,5.83804711521465,5.650879068161254,-0.18716804705339563,0.8287184430024052,34.99451357275635
p232_044,/home/vpopescu/projects/ultra-low-power-se/datasets/datasets/voicebank-demand/16k/clean_test/p232_044.wav,/home/vpopescu/projects/ultra-low-power-se/datasets/datasets/voicebank-demand/16k/noisy_test/p232_044.wav,/tmp/exp_mask_df_v4_full_eval_txdanchi/p232_044.wav,1.8698837654367617,1.8236964554460502,2.3153579269949653,2.602050304412842,3.358590602874756,3.319134473800659,1.1622429917894002,1.486356496810913,-1.6324210690205156,6.872058166150303,6.602159033272484,-0.17129727265052191,5.7871693412671945,5.958466613917716,0.8007788798353537,53.10744467008029
p232_045,/home/vpopescu/projects/ultra-low-power-se/datasets/datasets/voicebank-demand/16k/clean_test/p232_045.wav,/home/vpopescu/projects/ultra-low-power-se/datasets/datasets/voicebank-demand/16k/noisy_test/p232_045.wav,/tmp/exp_mask_df_v4_full_eval_txdanchi/p232_045.wav,3.240060935176597,4.0220684583726385,4.68969612616484,3.9029388427734375,3.0339694023132324,3.294804811477661,0.21771955469273732,3.343505620956421,2.537244489746445,-2.4513381639615535,11.923513597404341,14.371099507925093,5.51881284852933,-8.852286659395762,0.9297039611421324,21.711593499228332
p232_046,/home/vpopescu/projects/ultra-low-power-se/datasets/datasets/voicebank-demand/16k/clean_test/p232_046.wav,/home/vpopescu/projects/ultra-low-power-se/datasets/datasets/voicebank-demand/16k/noisy_test/p232_046.wav,/tmp/exp_mask_df_v4_full_eval_txdanchi/p232_046.wav,2.3395053920517332,2.4824380878354697,3.173342814052032,3.456496000289917,2.6905291080474854,3.072500467300415,0.6821874002590912,1.8727734088897705,1.2727660315962417,-0.1125117448399422,9.785848876138964,9.92355625136127,5.3757438428423825,-4.547812408518887,0.8031813188107976,38.5520796268772
p232_047,/home/vpopescu/projects/ultra-low-power-se/datasets/datasets/voicebank-demand/16k/clean_test/p232_047.wav,/home/vpopescu/projects/ultra-low-power-se/datasets/datasets/voicebank-demand/16k/noisy_test/p232_047.wav,/tmp/exp_mask_df_v4_full_eval_txdanchi/p232_047.wav,2.5015900659975165,2.8723564940852535,3.6670587747467165,3.5518722534179688,3.002833604812622,3.5561861991882324,0.4233787374021485,2.1124765872955322,1.0038651175873279,3.315264660804101,9.051645043305777,5.6983290965639455,5.706157590757895,0.007828494193949709,0.8990782379083783,29.345320733964293
p232_048,/home/vpopescu/projects/ultra-low-power-se/datasets/datasets/voicebank-demand/16k/clean_test/p232_048.wav,/home/vpopescu/projects/ultra-low-power-se/datasets/datasets/voicebank-demand/16k/noisy_test/p232_048.wav,/tmp/exp_mask_df_v4_full_eval_txdanchi/p232_048.wav,1.9870256956708099,2.4096778701243085,3.127371691164667,3.218869924545288,3.2798500061035156,3.686668872833252,0.6026650989394383,1.8308806419372559,-2.738392622174729,6.55843742714282,5.903611630989557,-0.6738945517869083,5.228954874703719,5.9028494264906275,0.6726919644687986,49.94521656831292
p232_049,/home/vpopescu/projects/ultra-low-power-se/datasets/datasets/voicebank-demand/16k/clean_test/p232_049.wav,/home/vpopescu/projects/ultra-low-power-se/datasets/datasets/voicebank-demand/16k/noisy_test/p232_049.wav,/tmp/exp_mask_df_v4_full_eval_txdanchi/p232_049.wav,2.788943537024633,3.0293271502438555,3.866506832802004,4.104403018951416,3.6703407764434814,3.9050047397613525,0.3518103965441537,2.1793811321258545,4.002334824687708,-4.877296840479694,11.56623192851268,16.446150891351184,5.728118810219951,-10.718032081131234,0.9543235222693821,19.849676869550176
p232_050,/home/vpopescu/projects/ultra-low-power-se/datasets/datasets/voicebank-demand/16k/clean_test/p232_050.wav,/home/vpopescu/projects/ultra-low-power-se/datasets/datasets/voicebank-demand/16k/noisy_test/p232_050.wav,/tmp/exp_mask_df_v4_full_eval_txdanchi/p232_050.wav,2.3230431018193185,2.3009233421218784,2.906200699394824,3.0909550189971924,3.164369583129883,3.446157932281494,0.8733084616242951,1.7869278192520142,1.8938289562096782,0.43191157171947125,10.908290654323103,10.497685144402766,6.204827109243631,-4.292858035159135,0.8876392808142575,40.63137428919342
p232_051,/home/vpopescu/projects/ultra-low-power-se/datasets/datasets/voicebank-demand/16k/clean_test/p232_051.wav,/home/vpopescu/projects/ultra-low-power-se/datasets/datasets/voicebank-demand/16k/noisy_test/p232_051.wav,/tmp/exp_mask_df_v4_full_eval_txdanchi/p232_051.wav,1.9234325985912484,1.9218053586831454,2.436013228577606,3.081406831741333,3.184086561203003,3.4643571376800537,1.1251261995554056,1.5309038162231445,-1.806854386655493,3.79307900008651,8.9501570378501,5.141397012415619,6.771356651203405,1.6299596387877857,0.8798347569744628,46.92965702915977
p232_052,/home/vpopescu/projects/ultra-low-power-se/datasets/datasets/voicebank-demand/16k/clean_test/p232_052.wav,/home/vpopescu/projects/ultra-low-power-se/datasets/datasets/voicebank-demand/16k/noisy_test/p232_052.wav,/tmp/exp_mask_df_v4_full_eval_txdanchi/p232_052.wav,1.7947210032121987,1.6258502702947202,2.1560363917871497,2.1604361534118652,3.0805983543395996,3.204479694366455,1.204925664390458,1.2297009229660034,-1.3641111974690907,3.5908555555874475,4.820439789616701,1.1833939355574785,5.234748911242635,4.051354975685157,0.7659515586178471,48.733861789285456
p232_053,/home/vpopescu/projects/ultra-low-power-se/datasets/datasets/voicebank-demand/16k/clean_test/p232_053.wav,/home/vpopescu/projects/ultra-low-power-se/datasets/datasets/voicebank-demand/16k/noisy_test/p232_053.wav,/tmp/exp_mask_df_v4_full_eval_txdanchi/p232_053.wav,2.4254044587687753,2.617634364636832,3.434820132796474,3.8368871212005615,2.9281911849975586,3.2130229473114014,0.46354056298820223,1.8575001955032349,2.187934758913362,-4.749072821971858,10.703215990889952,15.466768556769164,5.730004816440967,-9.736763740328197,0.9260526160105707,33.47436064190181
p232_054,/home/vpopescu/projects/ultra-low-power-se/datasets/datasets/voicebank-demand/16k/clean_test/p232_054.wav,/home/vpopescu/projects/ultra-low-power-se/datasets/datasets/voicebank-demand/16k/noisy_test/p232_054.wav,/tmp/exp_mask_df_v4_full_eval_txdanchi/p232_054.wav,2.571586878822034,2.7213277829290203,3.49766178684888,3.1288857460021973,2.976768970489502,3.569826126098633,0.5092228910285441,1.981443166732788,3.13442684457177,-0.9451632542754265,10.762578585296401,11.70778792222547,6.007146583862857,-5.7006413383626136,0.9433035253285356,29.573120869179927
p232_055,/home/vpopescu/projects/ultra-low-power-se/datasets/datasets/voicebank-demand/16k/clean_test/p232_055.wav,/home/vpopescu/projects/ultra-low-power-se/datasets/datasets/voicebank-demand/16k/noisy_test/p232_055.wav,/tmp/exp_mask_df_v4_full_eval_txdanchi/p232_055.wav,2.3628202888216014,2.5439126405146033,3.157675049712135,3.5389106273651123,3.190593719482422,3.14201021194458,0.8254732392788854,1.9690427780151367,0.00225933662156859,4.655732775076522,9.954338845676194,5.267608424246152,6.266867756773498,0.9992593325273456,0.8566404975840258,30.36064246811328
p232_056,/home/vpopescu/projects/ultra-low-power-se/datasets/datasets/voicebank-demand/16k/clean_test/p232_056.wav,/home/vpopescu/projects/ultra-low-power-se/datasets/datasets/voicebank-demand/16k/noisy_test/p232_056.wav,/tmp/exp_mask_df_v4_full_eval_txdanchi/p232_056.wav,1.835894346738556,1.8365725520606615,2.440722703417336,2.47322154045105,2.565687656402588,2.400115728378296,1.022513654902275,1.3543885946273804,-1.9257162887129646,4.355549475379062,4.864372386282563,0.5885614299583886,5.408060967233087,4.819499537274699,0.8094701454341097,46.31189647205927
p232_057,/home/vpopescu/projects/ultra-low-power-se/datasets/datasets/voicebank-demand/16k/clean_test/p232_057.wav,/home/vpopescu/projects/ultra-low-power-se/datasets/datasets/voicebank-demand/16k/noisy_test/p232_057.wav,/tmp/exp_mask_df_v4_full_eval_txdanchi/p232_057.wav,2.8632333037848303,3.2164309947914425,4.051422593115067,4.287172317504883,2.501608371734619,3.07367205619812,0.30308931169245723,2.350001335144043,3.493190761888133,-5.3744126961748435,10.702680698707795,16.07555378614582,5.862678013954862,-10.212875772190959,0.9379604913699505,16.305478916139194
p232_058,/home/vpopescu/projects/ultra-low-power-se/datasets/datasets/voicebank-demand/16k/clean_test/p232_058.wav,/home/vpopescu/projects/ultra-low-power-se/datasets/datasets/voicebank-demand/16k/noisy_test/p232_058.wav,/tmp/exp_mask_df_v4_full_eval_txdanchi/p232_058.wav,3.058518734267542,3.5143233846236073,4.326303612645048,4.151594161987305,3.6704940795898438,3.782968282699585,0.2415914038162015,2.6530606746673584,3.9373236747026295,-0.4013278255177557,11.327177856855847,11.7335853357696,5.805986758750093,-5.927598577019507,0.939782174959927,13.099379961388731
p232_059,/home/vpopescu/projects/ultra-low-power-se/datasets/datasets/voicebank-demand/16k/clean_test/p232_059.wav,/home/vpopescu/projects/ultra-low-power-se/datasets/datasets/voicebank-demand/16k/noisy_test/p232_059.wav,/tmp/exp_mask_df_v4_full_eval_txdanchi/p232_059.wav,2.435954841793297,2.7884290041669026,3.56087581103295,3.9249026775360107,2.9933228492736816,3.488431215286255,0.5005271037886448,2.0422825813293457,0.3028946758937193,4.458105878683417,9.168883846967795,4.686316029424499,5.681952610140955,0.9956365807164564,0.7908118367080029,27.619799523347805
p232_060,/home/vpopescu/projects/ultra-low-power-se/datasets/datasets/voicebank-demand/16k/clean_test/p232_060.wav,/home/vpopescu/projects/ultra-low-power-se/datasets/datasets/voicebank-demand/16k/noisy_test/p232_060.wav,/tmp/exp_mask_df_v4_full_eval_txdanchi/p232_060.wav,2.468294045856882,2.938205790513032,3.4965146853862903,3.740708112716675,2.9959168434143066,3.351991653442383,0.7530575069551095,2.420325756072998,-1.6512804124015223,6.667651233432524,6.76404520676644,0.09135438164304281,5.474035914493291,5.382681532850248,0.8370544935068472,31.227285652102214
p232_061,/home/vpopescu/projects/ultra-low-power-se/datasets/datasets/voicebank-demand/16k/clean_test/p232_061.wav,/home/vpopescu/projects/ultra-low-power-se/datasets/datasets/voicebank-demand/16k/noisy_test/p232_061.wav,/tmp/exp_mask_df_v4_full_eval_txdanchi/p232_061.wav,2.832525104180808,3.1694785723604704,3.9854937721897308,3.851776361465454,2.995058536529541,3.6620359420776367,0.32848941154323164,2.341078281402588,3.4982944623626957,-5.138317853187511,11.417941469767994,16.56388072038594,5.665652108470576,-10.898228611915362,0.9535866671957999,20.128980779782705
p232_062,/home/vpopescu/projects/ultra-low-power-se/datasets/datasets/voicebank-demand/16k/clean_test/p232_062.wav,/home/vpopescu/projects/ultra-low-power-se/datasets/datasets/voicebank-demand/16k/noisy_test/p232_062.wav,/tmp/exp_mask_df_v4_full_eval_txdanchi/p232_062.wav,2.598833816590093,2.8263432154258368,3.614602423544528,3.0681021213531494,3.5529911518096924,3.752686023712158,0.4701060738061413,2.0568606853485107,2.6093608807059594,-0.7831560735464045,10.615589542316613,11.393900338931505,5.898596367601653,-5.495303971329853,0.9447248682337132,26.105046641567206
p232_063,/home/vpopescu/projects/ultra-low-power-se/datasets/datasets/voicebank-demand/16k/clean_test/p232_063.wav,/home/vpopescu/projects/ultra-low-power-se/datasets/datasets/voicebank-demand/16k/noisy_test/p232_063.wav,/tmp/exp_mask_df_v4_full_eval_txdanchi/p232_063.wav,2.368130739747943,2.701346081683717,3.436433392837009,3.1872963905334473,3.023541212081909,3.1261274814605713,0.5709066987216063,2.010773181915283,-0.1269323999196556,4.268069562085868,9.713978045181625,5.442420011092365,6.059761110052172,0.6173410989598072,0.9527496943151048,31.288871430374833
p232_064,/home/vpopescu/projects/ultra-low-power-se/datasets/datasets/voicebank-demand/16k/clean_test/p232_064.wav,/home/vpopescu/projects/ultra-low-power-se/datasets/datasets/voicebank-demand/16k/noisy_test/p232_064.wav,/tmp/exp_mask_df_v4_full_eval_txdanchi/p232_064.wav,2.030568641919782,2.352776099324098,3.154953621949486,3.278364658355713,3.186293363571167,3.3803982734680176,0.563158155268064,1.6315853595733643,-1.8573971479535636,5.9957261021446,6.976717417019554,0.8777505952923771,5.958597142738719,5.080846547446342,0.9341005710284526,38.04473423360168
p232_065,/home/vpopescu/projects/ultra-low-power-se/datasets/datasets/voicebank-demand/16k/clean_test/p232_065.wav,/home/vpopescu/projects/ultra-low-power-se/datasets/datasets/voicebank-demand/16k/noisy_test/p232_065.wav,/tmp/exp_mask_df_v4_full_eval_txdanchi/p232_065.wav,2.635412254753598,2.996581787032981,3.696432243051817,3.369931221008301,3.044837236404419,3.421949625015259,0.432936251075078,2.405998945236206,2.6020438454351753,-3.361327250422681,11.886571286636824,15.205346371718207,5.729502655935161,-9.475843715783046,0.9110987888413475,44.654857618817815
p232_066,/home/vpopescu/projects/ultra-low-power-se/datasets/datasets/voicebank-demand/16k/clean_test/p232_066.wav,/home/vpopescu/projects/ultra-low-power-se/datasets/datasets/voicebank-demand/16k/noisy_test/p232_066.wav,/tmp/exp_mask_df_v4_full_eval_txdanchi/p232_066.wav,2.7060816063756734,2.9833644520851674,3.7656662261804685,3.216007709503174,3.185164213180542,3.458916187286377,0.4288668446561152,2.2098898887634277,2.9487511659081944,-0.5712702348432028,10.90312514996703,11.471635660409396,5.662084889055898,-5.809550771353497,0.9300162209323042,24.288154843637344
p232_067,/home/vpopescu/projects/ultra-low-power-se/datasets/datasets/voicebank-demand/16k/clean_test/p232_067.wav,/home/vpopescu/projects/ultra-low-power-se/datasets/datasets/voicebank-demand/16k/noisy_test/p232_067.wav,/tmp/exp_mask_df_v4_full_eval_txdanchi/p232_067.wav,2.663781229392007,3.098375709755101,3.942581256162815,4.009408950805664,3.250852108001709,3.650421142578125,0.3122358183426092,2.2427449226379395,1.5701328626682014,3.028722459150986,9.297129855758975,6.274770974490575,5.6075194307068985,-0.6672515437836761,0.9316201405302045,20.167030568146366
p232_068,/home/vpopescu/projects/ultra-low-power-se/datasets/datasets/voicebank-demand/16k/clean_test/p232_068.wav,/home/vpopescu/projects/ultra-low-power-se/datasets/datasets/voicebank-demand/16k/noisy_test/p232_068.wav,/tmp/exp_mask_df_v4_full_eval_txdanchi/p232_068.wav,2.5674927896266873,2.80845961644369,3.5282652429867634,3.6334192752838135,3.7983036041259766,3.58379864692688,0.5949905575356834,2.096322536468506,1.5856424944433158,6.164208823341796,7.50146387151609,1.351031313128005,5.833394590913311,4.482363277785306,0.9155517134822231,24.063551422169677
p232_069,/home/vpopescu/projects/ultra-low-power-se/datasets/datasets/voicebank-demand/16k/clean_test/p232_069.wav,/home/vpopescu/projects/ultra-low-power-se/datasets/datasets/voicebank-demand/16k/noisy_test/p232_069.wav,/tmp/exp_mask_df_v4_full_eval_txdanchi/p232_069.wav,2.682222433777643,2.892627439157418,3.7102193405953354,3.8459317684173584,3.3005869388580322,3.626847982406616,0.3933306728167141,2.0986833572387695,3.721891237383261,-5.183044515220086,11.183187277325661,16.360839664574858,6.0021214729180254,-10.358718191656832,0.9448076316168484,27.061051276804857
p232_070,/home/vpopescu/projects/ultra-low-power-se/datasets/datasets/voicebank-demand/16k/clean_test/p232_070.wav,/home/vpopescu/projects/ultra-low-power-se/datasets/datasets/voicebank-demand/16k/noisy_test/p232_070.wav,/tmp/exp_mask_df_v4_full_eval_txdanchi/p232_070.wav,2.523948791102447,2.5895960477746183,3.390229422848218,3.4437787532806396,3.1931164264678955,3.5142204761505127,0.5376103224687868,1.8137102127075195,3.367928536177283,-0.026916877151007768,11.247742010878572,11.275434001317048,6.187206138701966,-5.088227862615082,0.8900640872983246,27.026312621559434
p232_071,/home/vpopescu/projects/ultra-low-power-se/datasets/datasets/voicebank-demand/16k/clean_test/p232_071.wav,/home/vpopescu/projects/ultra-low-power-se/datasets/datasets/voicebank-demand/16k/noisy_test/p232_071.wav,/tmp/exp_mask_df_v4_full_eval_txdanchi/p232_071.wav,2.099757503254043,1.9880801055687272,2.5868891985156464,3.2602643966674805,3.112131118774414,3.674956798553467,0.9948709195500142,1.490676760673523,0.7897585335865304,3.208488405646917,9.39119432013438,6.1933742979616735,6.419980829035072,0.2266065310733989,0.8624117996601623,42.36296799483594
p232_072,/home/vpopescu/projects/ultra-low-power-se/datasets/datasets/voicebank-demand/16k/clean_test/p232_072.wav,/home/vpopescu/projects/ultra-low-power-se/datasets/datasets/voicebank-demand/16k/noisy_test/p232_072.wav,/tmp/exp_mask_df_v4_full_eval_txdanchi/p232_072.wav,1.8410677419905896,1.736641183809651,2.3614008595280414,2.655918598175049,3.012295961380005,3.4245309829711914,1.021001321805896,1.2418869733810425,-0.8290329886996612,4.776381510066806,5.452578079733367,0.8811604973761935,5.247221806138454,4.36606130876226,0.7558668136756216,47.76073614249568
p232_073,/home/vpopescu/projects/ultra-low-power-se/datasets/datasets/voicebank-demand/16k/clean_test/p232_073.wav,/home/vpopescu/projects/ultra-low-power-se/datasets/datasets/voicebank-demand/16k/noisy_test/p232_073.wav,/tmp/exp_mask_df_v4_full_eval_txdanchi/p232_073.wav,2.5039989799828533,2.8696711471540826,3.5139803686271005,3.4109621047973633,3.3074593544006348,3.7042250633239746,0.5692270143282687,2.3336751461029053,1.0475456233070937,-3.8769123053541037,11.565992836556271,15.430073786007659,5.911198157413503,-9.518875628594156,0.9573916776845607,44.499016303240325
p232_074,/home/vpopescu/projects/ultra-low-power-se/datasets/datasets/voicebank-demand/16k/clean_test/p232_074.wav,/home/vpopescu/projects/ultra-low-power-se/datasets/datasets/voicebank-demand/16k/noisy_test/p232_074.wav,/tmp/exp_mask_df_v4_full_eval_txdanchi/p232_074.wav,2.5873855161766923,2.683585208109961,3.2233589296638168,3.307673692703247,2.9326086044311523,3.2456746101379395,0.9235426347448941,2.1485321521759033,1.4843887752201073,0.49332081791388305,11.734394865211932,11.216508477790022,5.926701060589971,-5.289807417200051,0.9025605748399126,23.8756207717508
p232_075,/home/vpopescu/projects/ultra-low-power-se/datasets/datasets/voicebank-demand/16k/clean_test/p232_075.wav,/home/vpopescu/projects/ultra-low-power-se/datasets/datasets/voicebank-demand/16k/noisy_test/p232_075.wav,/tmp/exp_mask_df_v4_full_eval_txdanchi/p232_075.wav,2.2303336675718914,2.4279432600120288,3.1390731853400835,3.30365252494812,3.3014414310455322,3.5450499057769775,0.6678719109166662,1.802198886871338,0.1549051615469399,2.4495379493354488,8.742773039719774,6.208357352236201,5.827688786038713,-0.380668566197488,0.9366315057929908,39.268060790009336
p232_076,/home/vpopescu/projects/ultra-low-power-se/datasets/datasets/voicebank-demand/16k/clean_test/p232_076.wav,/home/vpopescu/projects/ultra-low-power-se/datasets/datasets/voicebank-demand/16k/noisy_test/p232_076.wav,/tmp/exp_mask_df_v4_full_eval_txdanchi/p232_076.wav,1.783533139287794,1.910136486737491,2.6268587694657235,2.9581735134124756,3.3741352558135986,3.4602468013763428,0.7455697352151109,1.3801136016845703,-1.5402841925234803,4.188188467999508,4.971842710579979,0.8164774616069298,4.919924399648617,4.103446938041688,0.8413544923905392,59.01760831263592
p232_077,/home/vpopescu/projects/ultra-low-power-se/datasets/datasets/voicebank-demand/16k/clean_test/p232_077.wav,/home/vpopescu/projects/ultra-low-power-se/datasets/datasets/voicebank-demand/16k/noisy_test/p232_077.wav,/tmp/exp_mask_df_v4_full_eval_txdanchi/p232_077.wav,3.1374141278145586,3.7777557799923875,4.513153217951514,4.1646552085876465,3.0081377029418945,3.363302707672119,0.21888279783825493,3.02405047416687,3.1183311171674895,-3.4937204752434763,11.63379510819987,15.129413530739908,5.776503704845506,-9.352909825894402,0.8704186841662284,19.790979888393846
p232_078,/home/vpopescu/projects/ultra-low-power-se/datasets/datasets/voicebank-demand/16k/clean_test/p232_078.wav,/home/vpopescu/projects/ultra-low-power-se/datasets/datasets/voicebank-demand/16k/noisy_test/p232_078.wav,/tmp/exp_mask_df_v4_full_eval_txdanchi/p232_078.wav,2.833552354311901,3.2476820928480636,4.012619561804622,4.08060884475708,3.326390027999878,3.6446118354797363,0.38675441126018534,2.461036443710327,2.4223955554269803,-0.6514503346062597,10.383966967012233,11.045884692672098,5.6232485645575325,-5.422636128114566,0.953741011553944,18.490569396219357
p232_079,/home/vpopescu/projects/ultra-low-power-se/datasets/datasets/voicebank-demand/16k/clean_test/p232_079.wav,/home/vpopescu/projects/ultra-low-power-se/datasets/datasets/voicebank-demand/16k/noisy_test/p232_079.wav,/tmp/exp_mask_df_v4_full_eval_txdanchi/p232_079.wav,2.781928293794158,3.156995708344454,3.883858269896491,3.7200896739959717,3.2418832778930664,3.414943218231201,0.4761883562385945,2.4124486446380615,2.0634103786061853,4.274031045649581,10.153750591854324,5.902330498793845,5.857900089918926,-0.044430408874919,0.9207727551399111,19.316716027860707
p232_080,/home/vpopescu/projects/ultra-low-power-se/datasets/datasets/voicebank-demand/16k/clean_test/p232_080.wav,/home/vpopescu/projects/ultra-low-power-se/datasets/datasets/voicebank-demand/16k/noisy_test/p232_080.wav,/tmp/exp_mask_df_v4_full_eval_txdanchi/p232_080.wav,1.9800369447614703,2.409800447109606,3.1603651918245066,3.551539182662964,3.4524893760681152,3.2908642292022705,0.6363367102656428,1.725976824760437,-3.6694202588489158,6.086998475929895,5.347064897019514,-0.7138685244066221,4.839384107439919,5.553252631846541,0.9345076420099013,35.400928738076715
p232_081,/home/vpopescu/projects/ultra-low-power-se/datasets/datasets/voicebank-demand/16k/clean_test/p232_081.wav,/home/vpopescu/projects/ultra-low-power-se/datasets/datasets/voicebank-demand/16k/noisy_test/p232_081.wav,/tmp/exp_mask_df_v4_full_eval_txdanchi/p232_081.wav,2.86606513185896,3.220524034566519,4.024886165103847,3.6118974685668945,3.624420642852783,3.751880645751953,0.3065652227703418,2.4206271171569824,3.8115042943549176,-3.4504864881070336,12.289044763719946,15.739222445176084,6.341478566798572,-9.397743878377511,0.9053844927712718,23.588485812348075
p232_082,/home/vpopescu/projects/ultra-low-power-se/datasets/datasets/voicebank-demand/16k/clean_test/p232_082.wav,/home/vpopescu/projects/ultra-low-power-se/datasets/datasets/voicebank-demand/16k/noisy_test/p232_082.wav,/tmp/exp_mask_df_v4_full_eval_txdanchi/p232_082.wav,1.9954848611568388,1.8741731407953386,2.4339995775160244,2.8049674034118652,3.3741350173950195,3.2730226516723633,0.993765539044144,1.5065276622772217,1.0339414275484173,0.1739396624806684,10.464813895412725,10.285376173554042,5.8173850078415175,-4.467991165712524,0.8480065340191016,60.53909590674622
p232_083,/home/vpopescu/projects/ultra-low-power-se/datasets/datasets/voicebank-demand/16k/clean_test/p232_083.wav,/home/vpopescu/projects/ultra-low-power-se/datasets/datasets/voicebank-demand/16k/noisy_test/p232_083.wav,/tmp/exp_mask_df_v4_full_eval_txdanchi/p232_083.wav,2.339866407202062,2.637240180687495,3.4246547681646646,3.395869493484497,3.3747241497039795,3.6132965087890625,0.5060834579834975,1.902874231338501,0.4087518995985189,3.785440645925301,9.230186697215563,5.41934369328004,6.027675762070588,0.6083320687905482,0.8656614184453437,32.779835007492515
p232_084,/home/vpopescu/projects/ultra-low-power-se/datasets/datasets/voicebank-demand/16k/clean_test/p232_084.wav,/home/vpopescu/projects/ultra-low-power-se/datasets/datasets/voicebank-demand/16k/noisy_test/p232_084.wav,/tmp/exp_mask_df_v4_full_eval_txdanchi/p232_084.wav,1.914944506236918,2.012072619017909,2.735121556129479,3.3807880878448486,3.505833387374878,3.556966781616211,0.7904491958007125,1.3943740129470825,-1.3631396634485693,6.746419542278308,6.333720270134809,-0.3091644770287225,5.754440509258151,6.063604986286873,0.8522992641491114,42.812639022075366
p232_085,/home/vpopescu/projects/ultra-low-power-se/datasets/datasets/voicebank-demand/16k/clean_test/p232_085.wav,/home/vpopescu/projects/ultra-low-power-se/datasets/datasets/voicebank-demand/16k/noisy_test/p232_085.wav,/tmp/exp_mask_df_v4_full_eval_txdanchi/p232_085.wav,3.1079194654452516,3.673716328724217,4.472917955092119,3.814084768295288,2.9807934761047363,2.9981720447540283,0.19822372341861721,2.825274705886841,3.4377368119952347,-4.2103675292531655,11.614338262723754,15.831462963500778,5.404950181005206,-10.426512782495571,0.9549781426387601,13.305609017765455
p232_086,/home/vpopescu/projects/ultra-low-power-se/datasets/datasets/voicebank-demand/16k/clean_test/p232_086.wav,/home/vpopescu/projects/ultra-low-power-se/datasets/datasets/voicebank-demand/16k/noisy_test/p232_086.wav,/tmp/exp_mask_df_v4_full_eval_txdanchi/p232_086.wav,2.823316347275416,3.2946916323060504,4.150116774666269,3.6635162830352783,3.1852400302886963,3.7694010734558105,0.2290699819316177,2.4179797172546387,2.571750027978478,0.08357149490169213,10.815241665977872,10.720195992922806,6.006432317397541,-4.713763675525264,0.9431814077637178,18.35688704784936
p232_087,/home/vpopescu/projects/ultra-low-power-se/datasets/datasets/voicebank-demand/16k/clean_test/p232_087.wav,/home/vpopescu/projects/ultra-low-power-se/datasets/datasets/voicebank-demand/16k/noisy_test/p232_087.wav,/tmp/exp_mask_df_v4_full_eval_txdanchi/p232_087.wav,2.7907047218949543,3.3509164037307726,4.086878566146189,3.69987154006958,3.6133744716644287,3.4671764373779297,0.3626169072404546,2.617098808288574,1.1098376502767267,3.567932058003599,9.34576831037348,5.792054864452911,5.075578528538973,-0.7164763359139386,0.9060740156582024,23.455468633488234
p232_088,/home/vpopescu/projects/ultra-low-power-se/datasets/datasets/voicebank-demand/16k/clean_test/p232_088.wav,/home/vpopescu/projects/ultra-low-power-se/datasets/datasets/voicebank-demand/16k/noisy_test/p232_088.wav,/tmp/exp_mask_df_v4_full_eval_txdanchi/p232_088.wav,2.5219940137501187,2.897608161757563,3.704825784152713,3.882587194442749,3.5971601009368896,3.545090675354004,0.40401443463139103,2.11682391166687,1.1068552472436566,6.202264219474401,7.689126112002473,1.4517604887963844,5.403359428614318,3.951598939817934,0.9028541798212333,27.654242371856498
p232_089,/home/vpopescu/projects/ultra-low-power-se/datasets/datasets/voicebank-demand/16k/clean_test/p232_089.wav,/home/vpopescu/projects/ultra-low-power-se/datasets/datasets/voicebank-demand/16k/noisy_test/p232_089.wav,/tmp/exp_mask_df_v4_full_eval_txdanchi/p232_089.wav,2.6758461368096618,2.8770610160964742,3.5945484992155494,3.666735887527466,3.53350567817688,3.711636543273926,0.5276264912214932,2.204867362976074,3.327491823824759,-5.313756575581682,10.887688955509914,16.21971898152336,5.838836330123708,-10.380882651399652,0.8798923435255852,31.67320679912304
p232_090,/home/vpopescu/projects/ultra-low-power-se/datasets/datasets/voicebank-demand/16k/clean_test/p232_090.wav,/home/vpopescu/projects/ultra-low-power-se/datasets/datasets/voicebank-demand/16k/noisy_test/p232_090.wav,/tmp/exp_mask_df_v4_full_eval_txdanchi/p232_090.wav,2.441983536035871,2.5020908064558824,3.299420132650021,3.5592589378356934,3.334620952606201,3.7613234519958496,0.5707132512708719,1.7350778579711914,2.7786984839028843,-1.0726737208623405,10.3235088017927,11.394884197798078,5.670773799395104,-5.724110398402973,0.9366318582490678,28.063097794320004
p232_091,/home/vpopescu/projects/ultra-low-power-se/datasets/datasets/voicebank-demand/16k/clean_test/p232_091.wav,/home/vpopescu/projects/ultra-low-power-se/datasets/datasets/voicebank-demand/16k/noisy_test/p232_091.wav,/tmp/exp_mask_df_v4_full_eval_txdanchi/p232_091.wav,2.173019265841947,2.2323259634208035,2.8539472129615495,2.800579309463501,2.817009210586548,3.4938442707061768,0.9043961318539019,1.677048683166504,-0.22162853480328953,3.1841541817867993,8.351498742172375,5.2776246440342955,5.709406947943014,0.43178230390871875,0.9059836300184811,35.52105814557639
p232_092,/home/vpopescu/projects/ultra-low-power-se/datasets/datasets/voicebank-demand/16k/clean_test/p232_092.wav,/home/vpopescu/projects/ultra-low-power-se/datasets/datasets/voicebank-demand/16k/noisy_test/p232_092.wav,/tmp/exp_mask_df_v4_full_eval_txdanchi/p232_092.wav,2.003475258149933,2.1240518472576575,2.757016659604354,2.9492945671081543,2.662987232208252,3.2377326488494873,0.8989918225831729,1.5838181972503662,-1.6341563772926901,5.771106390924649,6.26533177551344,0.5580110379067483,5.622574366584168,5.064563328677419,0.8382937184531734,40.66256976661469
p232_093,/home/vpopescu/projects/ultra-low-power-se/datasets/datasets/voicebank-demand/16k/clean_test/p232_093.wav,/home/vpopescu/projects/ultra-low-power-se/datasets/datasets/voicebank-demand/16k/noisy_test/p232_093.wav,/tmp/exp_mask_df_v4_full_eval_txdanchi/p232_093.wav,2.733265973171967,2.8494238769346265,3.5362821926554395,3.154496908187866,3.6759886741638184,3.381845235824585,0.6058474419449882,2.1903655529022217,3.966630821595767,-4.877594715689902,11.242583081644321,16.093186876405987,5.901382366221118,-10.19180451018487,0.8880805969169303,28.23235755368971
p232_094,/home/vpopescu/projects/ultra-low-power-se/datasets/datasets/voicebank-demand/16k/clean_test/p232_094.wav,/home/vpopescu/projects/ultra-low-power-se/datasets/datasets/voicebank-demand/16k/noisy_test/p232_094.wav,/tmp/exp_mask_df_v4_full_eval_txdanchi/p232_094.wav,2.495037776189105,2.5507877737050184,3.2938268486035462,3.5279829502105713,3.14280104637146,3.4759538173675537,0.642038642352416,1.8317499160766602,2.7699752405828226,-0.8965781054257764,10.563154386404175,11.487092049367151,6.1256488942372735,-5.361443155129877,0.9158949163586441,27.006731978893736
p232_095,/home/vpopescu/projects/ultra-low-power-se/datasets/datasets/voicebank-demand/16k/clean_test/p232_095.wav,/home/vpopescu/projects/ultra-low-power-se/datasets/datasets/voicebank-demand/16k/noisy_test/p232_095.wav,/tmp/exp_mask_df_v4_full_eval_txdanchi/p232_095.wav,2.197796028501189,1.5776986001602489,1.9900194342133184,3.359600782394409,3.6784284114837646,3.9027867317199707,1.5006302425652962,1.216936469078064,3.3287772942227845,1.294264724569934,8.708547596647872,7.455976902293081,6.078789861156028,-1.377187041137053,0.8717523031425934,32.516081893451585
p232_096,/home/vpopescu/projects/ultra-low-power-se/datasets/datasets/voicebank-demand/16k/clean_test/p232_096.wav,/home/vpopescu/projects/ultra-low-power-se/datasets/datasets/voicebank-demand/16k/noisy_test/p232_096.wav,/tmp/exp_mask_df_v4_full_eval_txdanchi/p232_096.wav,1.819333090484961,1.6694437416286503,2.176813863401315,3.247407913208008,3.353621482849121,3.4713995456695557,1.2403814172427776,1.2809215784072876,-1.6876917560763147,5.980885937226397,6.680895858249509,0.8436708555387253,5.839163285666542,4.9954924301278165,0.7791602647208171,45.80326333727349
p232_097,/home/vpopescu/projects/ultra-low-power-se/datasets/datasets/voicebank-demand/16k/clean_test/p232_097.wav,/home/vpopescu/projects/ultra-low-power-se/datasets/datasets/voicebank-demand/16k/noisy_test/p232_097.wav,/tmp/exp_mask_df_v4_full_eval_txdanchi/p232_097.wav,2.6419996314603145,2.838289702163977,3.692612449982379,3.9264538288116455,3.26442813873291,3.757286310195923,0.38516914726271384,1.9847242832183838,3.420764547781593,-5.292919915538864,11.073337701143938,16.36094575107654,5.711638532399883,-10.649307218676656,0.9514546305914776,22.315248918330447
p232_098,/home/vpopescu/projects/ultra-low-power-se/datasets/datasets/voicebank-demand/16k/clean_test/p232_098.wav,/home/vpopescu/projects/ultra-low-power-se/datasets/datasets/voicebank-demand/16k/noisy_test/p232_098.wav,/tmp/exp_mask_df_v4_full_eval_txdanchi/p232_098.wav,2.603468047841639,2.8622767182109405,3.7638967349760684,4.122872829437256,3.654921531677246,3.73523211479187,0.3377030540763744,1.9318366050720215,2.539649774637239,-0.2544957903069509,10.85900424226881,11.109426094534317,5.559048514063303,-5.5503775804710145,0.8943095724787419,16.278255026419046
p232_099,/home/vpopescu/projects/ultra-low-power-se/datasets/datasets/voicebank-demand/16k/clean_test/p232_099.wav,/home/vpopescu/projects/ultra-low-power-se/datasets/datasets/voicebank-demand/16k/noisy_test/p232_099.wav,/tmp/exp_mask_df_v4_full_eval_txdanchi/p232_099.wav,2.8957992288949015,3.4461662019434294,4.170693337623275,3.68031907081604,3.166311740875244,3.443371295928955,0.3593915516626037,2.7093324661254883,1.7710518876707009,3.38489462960134,9.762165803613447,6.370256242036842,5.65679341951085,-0.713462822525992,0.9541895897912767,20.691136976619422
p232_100,/home/vpopescu/projects/ultra-low-power-se/datasets/datasets/voicebank-demand/16k/clean_test/p232_100.wav,/home/vpopescu/projects/ultra-low-power-se/datasets/datasets/voicebank-demand/16k/noisy_test/p232_100.wav,/tmp/exp_mask_df_v4_full_eval_txdanchi/p232_100.wav,2.5233956059427864,2.97436052310906,3.6261114093609588,3.885632038116455,3.195844888687134,3.256950855255127,0.6115702306206865,2.3493518829345703,-0.5690604686422273,6.9905663894291665,7.259536406653062,0.2521750933803216,5.772141716750027,5.519966623369705,0.8516967144210953,28.249112082211152
p232_101,/home/vpopescu/projects/ultra-low-power-se/datasets/datasets/voicebank-demand/16k/clean_test/p232_101.wav,/home/vpopescu/projects/ultra-low-power-se/datasets/datasets/voicebank-demand/16k/noisy_test/p232_101.wav,/tmp/exp_mask_df_v4_full_eval_txdanchi/p232_101.wav,2.7580024489005,3.2149484738929406,3.973268176372958,3.5355210304260254,3.538675308227539,3.7822060585021973,0.35297451404715674,2.483693838119507,2.134903315563391,-3.8984304316450853,11.852972844265832,15.754640592920646,5.173464465537352,-10.581176127383294,0.9679985414364946,28.243159228731113
p232_102,/home/vpopescu/projects/ultra-low-power-se/datasets/datasets/voicebank-demand/16k/clean_test/p232_102.wav,/home/vpopescu/projects/ultra-low-power-se/datasets/datasets/voicebank-demand/16k/noisy_test/p232_102.wav,/tmp/exp_mask_df_v4_full_eval_txdanchi/p232_102.wav,2.5642624907005667,2.8159218345343193,3.6220206061043565,4.124801158905029,2.819380044937134,3.4442431926727295,0.415961613830594,2.055136203765869,2.6571087066098777,-0.3765327925361266,10.352022383329615,10.746775814361486,5.316824357019731,-5.4299514573417555,0.8681801395003449,31.355780459420156
p232_103,/home/vpopescu/projects/ultra-low-power-se/datasets/datasets/voicebank-demand/16k/clean_test/p232_103.wav,/home/vpopescu/projects/ultra-low-power-se/datasets/datasets/voicebank-demand/16k/noisy_test/p232_103.wav,/tmp/exp_mask_df_v4_full_eval_txdanchi/p232_103.wav,2.3081445073794575,2.3761692566423127,3.1770127013824143,2.8193626403808594,3.6463491916656494,3.8493993282318115,0.5965606746502173,1.6214812994003296,1.8533423844466979,2.6522359931281603,9.31461598025217,6.649834807887094,6.078262868894965,-0.571571938992129,0.896387532172606,31.097731993434557
p232_104,/home/vpopescu/projects/ultra-low-power-se/datasets/datasets/voicebank-demand/16k/clean_test/p232_104.wav,/home/vpopescu/projects/ultra-low-power-se/datasets/datasets/voicebank-demand/16k/noisy_test/p232_104.wav,/tmp/exp_mask_df_v4_full_eval_txdanchi/p232_104.wav,2.2266278234207477,2.42578211225437,3.1718785508612015,3.2963461875915527,3.3563716411590576,3.565619945526123,0.6532579498505277,1.732369303703308,-0.11329518803350523,5.947164884850867,7.210214944679715,1.2697351590659933,5.876773814958693,4.6070386558927,0.9188836784441399,32.61530098618893
p232_105,/home/vpopescu/projects/ultra-low-power-se/datasets/datasets/voicebank-demand/16k/clean_test/p232_105.wav,/home/vpopescu/projects/ultra-low-power-se/datasets/datasets/voicebank-demand/16k/noisy_test/p232_105.wav,/tmp/exp_mask_df_v4_full_eval_txdanchi/p232_105.wav,3.12529271539378,3.8214535174664697,4.5478311700720475,3.818248987197876,3.108258008956909,3.363906145095825,0.2182575104009727,3.074366807937622,2.4985602983748434,-3.5442622879521757,11.84823000981411,15.426654509802631,5.623007409178079,-9.803647100624552,0.9263190021378415,19.380559656859702
p232_106,/home/vpopescu/projects/ultra-low-power-se/datasets/datasets/voicebank-demand/16k/clean_test/p232_106.wav,/home/vpopescu/projects/ultra-low-power-se/datasets/datasets/voicebank-demand/16k/noisy_test/p232_106.wav,/tmp/exp_mask_df_v4_full_eval_txdanchi/p232_106.wav,2.9603079733515614,3.4648939522547533,4.2365033159886485,4.039445400238037,3.0786046981811523,3.5343799591064453,0.28690366228743913,2.674936294555664,2.9083097511959064,0.7037085533951881,11.841416505284151,11.147933108134662,5.851224785843035,-5.296708322291627,0.9484554525528909,19.362155681626874
p232_107,/home/vpopescu/projects/ultra-low-power-se/datasets/datasets/voicebank-demand/16k/clean_test/p232_107.wav,/home/vpopescu/projects/ultra-low-power-se/datasets/datasets/voicebank-demand/16k/noisy_test/p232_107.wav,/tmp/exp_mask_df_v4_full_eval_txdanchi/p232_107.wav,2.814074693068601,3.3694742318973065,4.09785191512604,3.6790897846221924,3.442574977874756,3.726720094680786,0.37812240298759137,2.6336233615875244,1.1459782552502897,3.4799608727381326,9.661365309009627,6.190483439147794,5.493174844529106,-0.6973085946186881,0.9303364675814392,21.570557693000556
p232_108,/home/vpopescu/projects/ultra-low-power-se/datasets/datasets/voicebank-demand/16k/clean_test/p232_108.wav,/home/vpopescu/projects/ultra-low-power-se/datasets/datasets/voicebank-demand/16k/noisy_test/p232_108.wav,/tmp/exp_mask_df_v4_full_eval_txdanchi/p232_108.wav,2.173309884914933,2.6227957064990135,3.3985669044939524,3.5196914672851562,3.393063545227051,3.432215929031372,0.5089951456450805,1.9177746772766113,-1.9520478838874578,6.921022390292922,7.387481233780736,0.45696871700401354,5.875839190616902,5.4188704736128885,0.9000848876191505,36.34391344833958
p232_109,/home/vpopescu/projects/ultra-low-power-se/datasets/datasets/voicebank-demand/16k/clean_test/p232_109.wav,/home/vpopescu/projects/ultra-low-power-se/datasets/datasets/voicebank-demand/16k/noisy_test/p232_109.wav,/tmp/exp_mask_df_v4_full_eval_txdanchi/p232_109.wav,2.7398297641380425,2.9843838333552783,3.8035517970223793,3.9979360103607178,3.7376999855041504,3.7137558460235596,0.37192698506163285,2.1740877628326416,3.7451748075790916,-5.14376161969653,11.458080891737932,16.599147997859752,5.793987865695329,-10.805160132164424,0.9399956923307925,24.190028481920354
p232_110,/home/vpopescu/projects/ultra-low-power-se/datasets/datasets/voicebank-demand/16k/clean_test/p232_110.wav,/home/vpopescu/projects/ultra-low-power-se/datasets/datasets/voicebank-demand/16k/noisy_test/p232_110.wav,/tmp/exp_mask_df_v4_full_eval_txdanchi/p232_110.wav,2.254769899467063,1.998593093976681,2.3753043106560328,2.755417585372925,2.441387176513672,3.2865676879882812,1.353587135886047,1.7039183378219604,1.2749442600715508,-0.3814364508287156,10.607728502693147,10.95169804119963,6.258948700691281,-4.69274934050835,0.9172021693303299,39.14636491376305
p232_112,/home/vpopescu/projects/ultra-low-power-se/datasets/datasets/voicebank-demand/16k/clean_test/p232_112.wav,/home/vpopescu/projects/ultra-low-power-se/datasets/datasets/voicebank-demand/16k/noisy_test/p232_112.wav,/tmp/exp_mask_df_v4_full_eval_txdanchi/p232_112.wav,2.3788314963241732,2.656521090230469,3.419872850735958,3.402186155319214,2.887765407562256,3.3854475021362305,0.5499159414377325,1.9337129592895508,0.5250409804010832,3.7993462268369376,9.141181160033007,5.396758883898385,6.102251016526966,0.7054921326285815,0.8790343326748487,30.365839997357185
p232_113,/home/vpopescu/projects/ultra-low-power-se/datasets/datasets/voicebank-demand/16k/clean_test/p232_113.wav,/home/vpopescu/projects/ultra-low-power-se/datasets/datasets/voicebank-demand/16k/noisy_test/p232_113.wav,/tmp/exp_mask_df_v4_full_eval_txdanchi/p232_113.wav,1.7727853611880375,1.7209307107313982,2.151508218457402,2.59127140045166,3.4213333129882812,3.4301464557647705,1.3147249874793598,1.4289376735687256,-3.0797130773939636,3.9604789897649897,3.6991884775899737,-0.21852273736650438,4.6156965801225605,4.834219317489064,0.7115433116157753,50.032131843141975
p232_114,/home/vpopescu/projects/ultra-low-power-se/datasets/datasets/voicebank-demand/16k/clean_test/p232_114.wav,/home/vpopescu/projects/ultra-low-power-se/datasets/datasets/voicebank-demand/16k/noisy_test/p232_114.wav,/tmp/exp_mask_df_v4_full_eval_txdanchi/p232_114.wav,2.8090310403436582,2.818308095607909,3.4045302333669087,3.5232038497924805,3.3226945400238037,3.7504689693450928,0.8182749669440121,2.2204489707946777,4.0929043668297584,-5.6391213075893045,11.197056381601115,16.83439864967115,5.864234014454317,-10.970164635216834,0.913752627165731,20.599506115210364
p232_115,/home/vpopescu/projects/ultra-low-power-se/datasets/datasets/voicebank-demand/16k/clean_test/p232_115.wav,/home/vpopescu/projects/ultra-low-power-se/datasets/datasets/voicebank-demand/16k/noisy_test/p232_115.wav,/tmp/exp_mask_df_v4_full_eval_txdanchi/p232_115.wav,2.513387079515808,2.4834341180607633,3.0941681807550836,3.2821128368377686,3.5681071281433105,3.6668403148651123,0.8327778325211503,1.9297854900360107,3.089056610253841,-0.5670814628498828,10.835981788858792,11.413377290175756,6.133241698896221,-5.280135591279535,0.9171661539004369,33.95156445248524
p232_116,/home/vpopescu/projects/ultra-low-power-se/datasets/datasets/voicebank-demand/16k/clean_test/p232_116.wav,/home/vpopescu/projects/ultra-low-power-se/datasets/datasets/voicebank-demand/16k/noisy_test/p232_116.wav,/tmp/exp_mask_df_v4_full_eval_txdanchi/p232_116.wav,2.261762680408854,2.2007637177042434,2.8037040219252845,3.5405800342559814,2.279285192489624,3.219268560409546,1.0036832427385745,1.61421537399292,0.554945551081693,4.0954848615874715,10.101721775514317,6.004653988470583,6.469922389468218,0.4652684009976351,0.8975903341088906,25.541976868272524
p232_117,/home/vpopescu/projects/ultra-low-power-se/datasets/datasets/voicebank-demand/16k/clean_test/p232_117.wav,/home/vpopescu/projects/ultra-low-power-se/datasets/datasets/voicebank-demand/16k/noisy_test/p232_117.wav,/tmp/exp_mask_df_v4_full_eval_txdanchi/p232_117.wav,2.0282158922927795,1.8517012419756114,2.5393119911593196,3.2229573726654053,3.285475492477417,3.810988664627075,0.921071555833779,1.2582495212554932,1.2122794790606308,4.478121059573677,6.2175794566155815,1.718621173796662,5.592213204866166,3.873592031069504,0.8850138254990485,40.51442657830937
p232_118,/home/vpopescu/projects/ultra-low-power-se/datasets/datasets/voicebank-demand/16k/clean_test/p232_118.wav,/home/vpopescu/projects/ultra-low-power-se/datasets/datasets/voicebank-demand/16k/noisy_test/p232_118.wav,/tmp/exp_mask_df_v4_full_eval_txdanchi/p232_118.wav,3.007464258132522,3.475347361377724,4.266923544795635,4.380806922912598,3.483581066131592,3.774545192718506,0.2814823749236039,2.64028263092041,3.3550847794426595,-4.924164909946386,11.413092788671097,16.331886173583474,5.349738155472372,-10.9821480181111,0.9508740683954442,14.28016865033167
p232_119,/home/vpopescu/projects/ultra-low-power-se/datasets/datasets/voicebank-demand/16k/clean_test/p232_119.wav,/home/vpopescu/projects/ultra-low-power-se/datasets/datasets/voicebank-demand/16k/noisy_test/p232_119.wav,/tmp/exp_mask_df_v4_full_eval_txdanchi/p232_119.wav,2.8498636873868928,3.2086584260360604,4.011505396390584,3.669912338256836,2.7689268589019775,3.2092838287353516,0.34748464961892145,2.3811724185943604,3.205341295655566,0.03350272591819348,11.263463105309363,11.215605679830574,5.918570960386207,-5.297034719444367,0.9199877596925033,17.753318618216046
p232_120,/home/vpopescu/projects/ultra-low-power-se/datasets/datasets/voicebank-demand/16k/clean_test/p232_120.wav,/home/vpopescu/projects/ultra-low-power-se/datasets/datasets/voicebank-demand/16k/noisy_test/p232_120.wav,/tmp/exp_mask_df_v4_full_eval_txdanchi/p232_120.wav,2.649643831955651,3.2891510329552536,4.064824188466056,3.3814895153045654,2.848010540008545,2.9502029418945312,0.3125242891381133,2.527311325073242,-0.20775926570422598,4.189501736696793,9.116139984781833,4.948112463180984,5.336012929046705,0.38790046586572036,0.9010539965994878,25.61744966999896
p232_121,/home/vpopescu/projects/ultra-low-power-se/datasets/datasets/voicebank-demand/16k/clean_test/p232_121.wav,/home/vpopescu/projects/ultra-low-power-se/datasets/datasets/voicebank-demand/16k/noisy_test/p232_121.wav,/tmp/exp_mask_df_v4_full_eval_txdanchi/p232_121.wav,2.345324199183865,2.3919386357740633,3.340649588581809,3.76313853263855,3.1920998096466064,3.4795501232147217,0.4155575524521251,1.444949984550476,2.747916531782852,5.318315704064455,6.795498140879269,1.520869790653974,5.5632611062392385,4.042391315585265,0.92296871200812,21.782947847654572
p232_123,/home/vpopescu/projects/ultra-low-power-se/datasets/datasets/voicebank-demand/16k/clean_test/p232_123.wav,/home/vpopescu/projects/ultra-low-power-se/datasets/datasets/voicebank-demand/16k/noisy_test/p232_123.wav,/tmp/exp_mask_df_v4_full_eval_txdanchi/p232_123.wav,2.734517602296956,2.9983375014222466,3.860562285457539,3.6610937118530273,3.298190116882324,3.4026856422424316,0.32429670865660776,2.124521017074585,3.5691834702526393,-4.897644163833792,11.788858842802608,16.68753145777857,5.933896709723654,-10.753634748054914,0.939157213038818,19.980286070087374
p232_124,/home/vpopescu/projects/ultra-low-power-se/datasets/datasets/voicebank-demand/16k/clean_test/p232_124.wav,/home/vpopescu/projects/ultra-low-power-se/datasets/datasets/voicebank-demand/16k/noisy_test/p232_124.wav,/tmp/exp_mask_df_v4_full_eval_txdanchi/p232_124.wav,2.5207712612828277,2.770008705404235,3.5241520219022466,3.781067371368408,3.533582925796509,3.5451362133026123,0.5446765498616515,2.0345828533172607,1.5428056410186042,0.7748073058015521,10.84485815520319,10.065357024280225,6.006178948905998,-4.059178075374227,0.8834321071416721,26.13658542671353
p232_125,/home/vpopescu/projects/ultra-low-power-se/datasets/datasets/voicebank-demand/16k/clean_test/p232_125.wav,/home/vpopescu/projects/ultra-low-power-se/datasets/datasets/voicebank-demand/16k/noisy_test/p232_125.wav,/tmp/exp_mask_df_v4_full_eval_txdanchi/p232_125.wav,2.3473777298663077,2.532469505830024,3.1647968604810495,3.1844351291656494,3.4221606254577637,3.433500051498413,0.769952637878803,1.966144323348999,0.3749470980549185,4.493389422869956,9.849932934494763,5.332022529352201,6.166521935465817,0.8344994061136166,0.8351779188272733,35.72298912456764
p232_126,/home/vpopescu/projects/ultra-low-power-se/datasets/datasets/voicebank-demand/16k/clean_test/p232_126.wav,/home/vpopescu/projects/ultra-low-power-se/datasets/datasets/voicebank-demand/16k/noisy_test/p232_126.wav,/tmp/exp_mask_df_v4_full_eval_txdanchi/p232_126.wav,2.1823552798240797,2.3576644845988755,3.135958501471105,3.420330047607422,3.664719581604004,3.9139366149902344,0.6351971091396468,1.6282851696014404,-0.1282678443591039,5.567719070446129,6.595518576333364,0.897326823398301,5.710388554365199,4.813061730966898,0.8773375697024774,31.69773672154076
p232_127,/home/vpopescu/projects/ultra-low-power-se/datasets/datasets/voicebank-demand/16k/clean_test/p232_127.wav,/home/vpopescu/projects/ultra-low-power-se/datasets/datasets/voicebank-demand/16k/noisy_test/p232_127.wav,/tmp/exp_mask_df_v4_full_eval_txdanchi/p232_127.wav,3.0139004323560434,3.5262551593906455,4.33626235162976,4.101818084716797,2.499272346496582,3.1434433460235596,0.23219067228503085,2.673586368560791,3.2226411313466876,-4.229899960633228,11.50439768541119,15.729704757481429,5.673656059810067,-10.056048697671361,0.9442122791111519,14.44289187012231
p232_128,/home/vpopescu/projects/ultra-low-power-se/datasets/datasets/voicebank-demand/16k/clean_test/p232_128.wav,/home/vpopescu/projects/ultra-low-power-se/datasets/datasets/voicebank-demand/16k/noisy_test/p232_128.wav,/tmp/exp_mask_df_v4_full_eval_txdanchi/p232_128.wav,2.4228227164837266,2.5520874434036833,3.241372026775248,3.325610876083374,3.0091257095336914,3.186415910720825,0.7161253321120149,1.8934648036956787,1.3213030769393437,-0.5672058886647235,10.557617033614076,11.139841695318378,5.629148654492092,-5.510693040826285,0.9520245379788042,28.499364789998094
p232_129,/home/vpopescu/projects/ultra-low-power-se/datasets/datasets/voicebank-demand/16k/clean_test/p232_129.wav,/home/vpopescu/projects/ultra-low-power-se/datasets/datasets/voicebank-demand/16k/noisy_test/p232_129.wav,/tmp/exp_mask_df_v4_full_eval_txdanchi/p232_129.wav,2.612700585444885,2.998732973120711,3.8510633237972303,4.12326192855835,3.589447498321533,3.9230992794036865,0.30897071100031737,2.1608381271362305,1.9423599343739533,2.8370304720229607,9.472686566958318,6.648194819448952,5.694189051023294,-0.9540057684256587,0.948053567502866,25.22124502739889
p232_130,/home/vpopescu/projects/ultra-low-power-se/datasets/datasets/voicebank-demand/16k/clean_test/p232_130.wav,/home/vpopescu/projects/ultra-low-power-se/datasets/datasets/voicebank-demand/16k/noisy_test/p232_130.wav,/tmp/exp_mask_df_v4_full_eval_txdanchi/p232_130.wav,2.0903343385464686,2.3106985314540154,3.140247836827976,3.7139949798583984,3.48437237739563,3.8318259716033936,0.550723644254096,1.5510661602020264,-0.5577153076124011,5.987362347033862,7.241880185441685,1.230656462169383,5.662950936992267,4.432294474822884,0.9362811317219222,35.70560309293126
p232_131,/home/vpopescu/projects/ultra-low-power-se/datasets/datasets/voicebank-demand/16k/clean_test/p232_131.wav,/home/vpopescu/projects/ultra-low-power-se/datasets/datasets/voicebank-demand/16k/noisy_test/p232_131.wav,/tmp/exp_mask_df_v4_full_eval_txdanchi/p232_131.wav,2.6877904802499866,2.899268836696788,3.723816200179827,4.118685722351074,3.567784070968628,3.8763766288757324,0.4033969864212072,2.0783369541168213,3.5174376270117627,-5.103481017664375,11.377454714985655,16.488510376229083,5.713882173465688,-10.774628202763395,0.9449491026100977,23.03616490279932
p232_132,/home/vpopescu/projects/ultra-low-power-se/datasets/datasets/voicebank-demand/16k/clean_test/p232_132.wav,/home/vpopescu/projects/ultra-low-power-se/datasets/datasets/voicebank-demand/16k/noisy_test/p232_132.wav,/tmp/exp_mask_df_v4_full_eval_txdanchi/p232_132.wav,2.5457962674118,2.6879060806134367,3.397512520021333,2.9999852180480957,2.9576568603515625,3.407682180404663,0.6162146713869157,2.0219874382019043,2.5964788466711797,0.5722166741042098,11.288046026131456,10.688592672495055,6.2745252316426825,-4.414067440852373,0.8346453961956739,31.18455648414214
p232_133,/home/vpopescu/projects/ultra-low-power-se/datasets/datasets/voicebank-demand/16k/clean_test/p232_133.wav,/home/vpopescu/projects/ultra-low-power-se/datasets/datasets/voicebank-demand/16k/noisy_test/p232_133.wav,/tmp/exp_mask_df_v4_full_eval_txdanchi/p232_133.wav,2.012718166855439,1.7839048694595794,2.4181052548941286,3.3296725749969482,3.4816722869873047,3.8743460178375244,1.023971156778121,1.248744010925293,1.1568151856830577,2.802897568778387,9.055047342309589,6.230313833319481,6.221042881200528,-0.009270952118952458,0.8606465210825842,41.58011815212626
p232_134,/home/vpopescu/projects/ultra-low-power-se/datasets/datasets/voicebank-demand/16k/clean_test/p232_134.wav,/home/vpopescu/projects/ultra-low-power-se/datasets/datasets/voicebank-demand/16k/noisy_test/p232_134.wav,/tmp/exp_mask_df_v4_full_eval_txdanchi/p232_134.wav,1.703783085983605,1.7431729389323523,2.3626528967793003,2.1176066398620605,2.9656357765197754,2.6340103149414062,0.9816972343990958,1.29215669631958,-2.5314856708663647,4.99988508158109,5.382587832701326,0.4796041964984691,5.268943230898523,4.7893390344000535,0.7924484820360536,55.48345965608186
p232_135,/home/vpopescu/projects/ultra-low-power-se/datasets/datasets/voicebank-demand/16k/clean_test/p232_135.wav,/home/vpopescu/projects/ultra-low-power-se/datasets/datasets/voicebank-demand/16k/noisy_test/p232_135.wav,/tmp/exp_mask_df_v4_full_eval_txdanchi/p232_135.wav,2.842810522688777,3.2340064170477207,3.86348933223099,3.542536497116089,3.0324995517730713,3.3769941329956055,0.5113862732705284,2.658592939376831,2.7989559508376285,-3.457410494494944,12.093765264102004,15.569161417692019,5.9869701121134895,-9.58219130557853,0.9114820227282979,34.04730389087399
p232_136,/home/vpopescu/projects/ultra-low-power-se/datasets/datasets/voicebank-demand/16k/clean_test/p232_136.wav,/home/vpopescu/projects/ultra-low-power-se/datasets/datasets/voicebank-demand/16k/noisy_test/p232_136.wav,/tmp/exp_mask_df_v4_full_eval_txdanchi/p232_136.wav,2.1486815577963614,2.240477938707564,2.944266907222226,3.09055757522583,3.303605318069458,3.522041082382202,0.6979770638246601,1.66937255859375,0.9003839535036153,0.32733600665891593,10.39844887858803,10.087478669830038,6.0874890214209145,-3.999989648409123,0.7713156445307021,48.57181632602555
p232_137,/home/vpopescu/projects/ultra-low-power-se/datasets/datasets/voicebank-demand/16k/clean_test/p232_137.wav,/home/vpopescu/projects/ultra-low-power-se/datasets/datasets/voicebank-demand/16k/noisy_test/p232_137.wav,/tmp/exp_mask_df_v4_full_eval_txdanchi/p232_137.wav,2.1012610384323027,2.1703003765498163,2.8347986172591426,3.084122657775879,3.3947458267211914,3.4187488555908203,0.8419311363690768,1.5903775691986084,-0.31832721921484447,4.15389141953828,9.408759834334845,5.256396663402442,6.029067787912385,0.7726711245099427,0.9072203934068431,38.983546404870914
p232_138,/home/vpopescu/projects/ultra-low-power-se/datasets/datasets/voicebank-demand/16k/clean_test/p232_138.wav,/home/vpopescu/projects/ultra-low-power-se/datasets/datasets/voicebank-demand/16k/noisy_test/p232_138.wav,/tmp/exp_mask_df_v4_full_eval_txdanchi/p232_138.wav,2.262623614630858,2.2369734286242706,2.638770257284806,2.976269245147705,3.263995409011841,3.3976821899414062,1.1768272590708502,1.9551925659179688,0.35654918122996476,6.278386259859667,6.576553215334211,0.3590153960210101,5.937315295850084,5.578299899829074,0.7532710445906612,46.91729004220275
p232_139,/home/vpopescu/projects/ultra-low-power-se/datasets/datasets/voicebank-demand/16k/clean_test/p232_139.wav,/home/vpopescu/projects/ultra-low-power-se/datasets/datasets/voicebank-demand/16k/noisy_test/p232_139.wav,/tmp/exp_mask_df_v4_full_eval_txdanchi/p232_139.wav,2.8891763118767217,3.358269410092528,4.21321259339921,4.157895088195801,3.2885453701019287,3.4489002227783203,0.21543691347061475,2.4728431701660156,3.0035383925639088,-4.536036976130129,11.45038387659878,15.988002479674828,5.600529823535281,-10.387472656139547,0.9640345688190037,16.58080602773712
p232_140,/home/vpopescu/projects/ultra-low-power-se/datasets/datasets/voicebank-demand/16k/clean_test/p232_140.wav,/home/vpopescu/projects/ultra-low-power-se/datasets/datasets/voicebank-demand/16k/noisy_test/p232_140.wav,/tmp/exp_mask_df_v4_full_eval_txdanchi/p232_140.wav,2.9764547938493044,3.574789202973058,4.312745140953601,3.659668207168579,3.1283352375030518,3.142936944961548,0.26903117744951094,2.8408567905426025,2.4266952147544156,2.2767371849636877,12.468593195855892,10.183987954186446,6.088369561419588,-4.095618392766857,0.8460573728457834,24.050935794226802
p232_141,/home/vpopescu/projects/ultra-low-power-se/datasets/datasets/voicebank-demand/16k/clean_test/p232_141.wav,/home/vpopescu/projects/ultra-low-power-se/datasets/datasets/voicebank-demand/16k/noisy_test/p232_141.wav,/tmp/exp_mask_df_v4_full_eval_txdanchi/p232_141.wav,2.8618121145939903,3.2237183253461574,3.9660434449167905,4.1059441566467285,3.324162006378174,3.3629143238067627,0.41830389702125015,2.470457077026367,3.043835843818664,4.657508593255341,10.09990192005425,5.44822056045737,6.007800111472024,0.5595795510146537,0.8165017329989069,20.68971805502696
p232_142,/home/vpopescu/projects/ultra-low-power-se/datasets/datasets/voicebank-demand/16k/clean_test/p232_142.wav,/home/vpopescu/projects/ultra-low-power-se/datasets/datasets/voicebank-demand/16k/noisy_test/p232_142.wav,/tmp/exp_mask_df_v4_full_eval_txdanchi/p232_142.wav,2.584550310022043,2.7206930770813655,3.42748938564942,3.958526611328125,3.5091664791107178,3.60099458694458,0.6616732623502509,2.011167287826538,2.26559088470837,6.053428125686767,7.844797084842331,1.8703954159301495,5.736158497211171,3.865763081281022,0.8830986675192879,21.93141132795278
p232_143,/home/vpopescu/projects/ultra-low-power-se/datasets/datasets/voicebank-demand/16k/clean_test/p232_143.wav,/home/vpopescu/projects/ultra-low-power-se/datasets/datasets/voicebank-demand/16k/noisy_test/p232_143.wav,/tmp/exp_mask_df_v4_full_eval_txdanchi/p232_143.wav,2.6914358996222836,3.115690907468468,3.749977330824237,2.899343967437744,3.192270040512085,3.06510329246521,0.5028737582250521,2.5765275955200195,1.9174309790100834,-3.6824801642058773,11.581355472512517,15.277168850629646,5.888505671561256,-9.388663179068391,0.9425190476816414,42.134634673417295
p232_144,/home/vpopescu/projects/ultra-low-power-se/datasets/datasets/voicebank-demand/16k/clean_test/p232_144.wav,/home/vpopescu/projects/ultra-low-power-se/datasets/datasets/voicebank-demand/16k/noisy_test/p232_144.wav,/tmp/exp_mask_df_v4_full_eval_txdanchi/p232_144.wav,2.684161562547085,3.066240027592692,3.8273909262925683,3.710862159729004,3.360934019088745,3.4961190223693848,0.3971919862972171,2.340843439102173,2.222460992962355,-0.5861440395057187,10.46833717652409,11.096414231170009,6.015344671058892,-5.081069560111117,0.9328422403094511,29.825234842911712
p232_145,/home/vpopescu/projects/ultra-low-power-se/datasets/datasets/voicebank-demand/16k/clean_test/p232_145.wav,/home/vpopescu/projects/ultra-low-power-se/datasets/datasets/voicebank-demand/16k/noisy_test/p232_145.wav,/tmp/exp_mask_df_v4_full_eval_txdanchi/p232_145.wav,2.3639783492690913,2.426514860970203,3.1185304881205322,3.255305767059326,3.4326283931732178,3.588181257247925,0.7178913865906759,1.8025767803192139,1.8943762782356313,3.29125691631432,9.370570248339288,6.09113451061803,6.141031071630123,0.049896561012093166,0.8662045543176367,35.85700817890541
p232_146,/home/vpopescu/projects/ultra-low-power-se/datasets/datasets/voicebank-demand/16k/clean_test/p232_146.wav,/home/vpopescu/projects/ultra-low-power-se/datasets/datasets/voicebank-demand/16k/noisy_test/p232_146.wav,/tmp/exp_mask_df_v4_full_eval_txdanchi/p232_146.wav,2.3827921231260962,2.6872295883267427,3.385408864384409,3.430363655090332,3.2833991050720215,3.702897548675537,0.6250759343856569,2.0403876304626465,0.0433398659552838,6.044024400632949,6.991253653002727,0.8457723708004261,5.620341137526371,4.774568766725945,0.8480840132841195,32.74908225574736
p232_147,/home/vpopescu/projects/ultra-low-power-se/datasets/datasets/voicebank-demand/16k/clean_test/p232_147.wav,/home/vpopescu/projects/ultra-low-power-se/datasets/datasets/voicebank-demand/16k/noisy_test/p232_147.wav,/tmp/exp_mask_df_v4_full_eval_txdanchi/p232_147.wav,3.1919274322375593,3.7586926782495684,4.54424544773625,3.834594964981079,3.009587526321411,3.357478141784668,0.1948879300213277,2.915933132171631,3.9200360005903945,-4.597108210747946,11.744293063249884,16.351949909586875,5.632464897991831,-10.719485011595044,0.9583507543009017,11.835838996810761
p232_148,/home/vpopescu/projects/ultra-low-power-se/datasets/datasets/voicebank-demand/16k/clean_test/p232_148.wav,/home/vpopescu/projects/ultra-low-power-se/datasets/datasets/voicebank-demand/16k/noisy_test/p232_148.wav,/tmp/exp_mask_df_v4_full_eval_txdanchi/p232_148.wav,2.931796213889299,3.4480020106569356,4.259386254929518,4.0615034103393555,3.208146333694458,3.5970280170440674,0.2564155502894985,2.597855806350708,2.5715601612828967,-0.7416914881870973,10.866149078705273,11.605389071508963,5.769735231356904,-5.835653840152059,0.9556031637652749,15.1410216724517
p232_150,/home/vpopescu/projects/ultra-low-power-se/datasets/datasets/voicebank-demand/16k/clean_test/p232_150.wav,/home/vpopescu/projects/ultra-low-power-se/datasets/datasets/voicebank-demand/16k/noisy_test/p232_150.wav,/tmp/exp_mask_df_v4_full_eval_txdanchi/p232_150.wav,2.7560181082934103,3.304604627990214,4.119862252467562,3.98705792427063,3.2539234161376953,3.709381580352783,0.2709974582544272,2.481536865234375,1.3353228033106515,3.2744276213519425,9.144667348878835,5.8705140658923565,5.555075417946745,-0.3154386479456113,0.9436741643042011,21.183121413884486
p232_151,/home/vpopescu/projects/ultra-low-power-se/datasets/datasets/voicebank-demand/16k/clean_test/p232_151.wav,/home/vpopescu/projects/ultra-low-power-se/datasets/datasets/voicebank-demand/16k/noisy_test/p232_151.wav,/tmp/exp_mask_df_v4_full_eval_txdanchi/p232_151.wav,2.084119502771357,2.2525640657024786,3.004116598451813,3.3463034629821777,3.566906690597534,3.812361240386963,0.6651657205390281,1.594958782196045,-0.4358395249047266,5.709017312008208,7.032753440624308,1.3348364158143218,5.538029201837972,4.20319278602365,0.937457582878921,40.687557864193565
p232_152,/home/vpopescu/projects/ultra-low-power-se/datasets/datasets/voicebank-demand/16k/clean_test/p232_152.wav,/home/vpopescu/projects/ultra-low-power-se/datasets/datasets/voicebank-demand/16k/noisy_test/p232_152.wav,/tmp/exp_mask_df_v4_full_eval_txdanchi/p232_152.wav,2.472527111385196,2.614283075880628,3.342000731176939,3.2705936431884766,3.5080909729003906,3.595844268798828,0.580529060550944,1.961993932723999,2.5807170238608435,-3.8717468025592545,11.709850521433598,15.598506012828022,5.974346844919914,-9.624159167908108,0.9440143002935113,37.4130229943012
p232_153,/home/vpopescu/projects/ultra-low-power-se/datasets/datasets/voicebank-demand/16k/clean_test/p232_153.wav,/home/vpopescu/projects/ultra-low-power-se/datasets/datasets/voicebank-demand/16k/noisy_test/p232_153.wav,/tmp/exp_mask_df_v4_full_eval_txdanchi/p232_153.wav,2.2635475338111974,2.2641293891392094,2.9763251731301534,2.885683536529541,3.12351655960083,3.7170159816741943,0.7502444221090327,1.6207023859024048,1.6708362022579364,0.5113892391414545,11.299304809753167,10.776690414320228,6.824299055675146,-3.952391358645082,0.844423547874672,35.77298391320025
p232_154,/home/vpopescu/projects/ultra-low-power-se/datasets/datasets/voicebank-demand/16k/clean_test/p232_154.wav,/home/vpopescu/projects/ultra-low-power-se/datasets/datasets/voicebank-demand/16k/noisy_test/p232_154.wav,/tmp/exp_mask_df_v4_full_eval_txdanchi/p232_154.wav,2.04565559702261,2.016066972995135,2.722267996691488,3.2616848945617676,3.2869677543640137,3.780158519744873,0.8275652141926427,1.4041650295257568,0.3974158573930971,1.7227086696112632,7.961713959770896,6.142238908021223,6.118513277336102,-0.02372563068512168,0.8750587841850256,40.65321230092378
p232_155,/home/vpopescu/projects/ultra-low-power-se/datasets/datasets/voicebank-demand/16k/clean_test/p232_155.wav,/home/vpopescu/projects/ultra-low-power-se/datasets/datasets/voicebank-demand/16k/noisy_test/p232_155.wav,/tmp/exp_mask_df_v4_full_eval_txdanchi/p232_155.wav,1.8160732009132574,1.631665436847852,2.195675588419213,2.755089044570923,3.2450530529022217,3.442237377166748,1.1498199217977172,1.2025387287139893,-0.8106328826277931,2.3604108978792255,3.557103366816915,1.2527250416851474,4.718947660075967,3.4662226183908196,0.7831989942940206,48.81006282949691
p232_156,/home/vpopescu/projects/ultra-low-power-se/datasets/datasets/voicebank-demand/16k/clean_test/p232_156.wav,/home/vpopescu/projects/ultra-low-power-se/datasets/datasets/voicebank-demand/16k/noisy_test/p232_156.wav,/tmp/exp_mask_df_v4_full_eval_txdanchi/p232_156.wav,2.7301269707692177,2.936221130041928,3.7380031882503273,3.679206132888794,2.7569801807403564,3.2504587173461914,0.4048098375008708,2.154261350631714,3.9855026283081645,-4.194935704441539,11.772343433973925,15.935873561310212,6.447290779008678,-9.488582782301535,0.8737151121746808,26.38523148802226
p232_158,/home/vpopescu/projects/ultra-low-power-se/datasets/datasets/voicebank-demand/16k/clean_test/p232_158.wav,/home/vpopescu/projects/ultra-low-power-se/datasets/datasets/voicebank-demand/16k/noisy_test/p232_158.wav,/tmp/exp_mask_df_v4_full_eval_txdanchi/p232_158.wav,2.4696902624055674,2.402934478334185,3.0843814164945718,3.2655136585235596,3.2434396743774414,3.5922811031341553,0.7883253765320218,1.7510039806365967,3.1065316342088045,-1.2815235863111774,10.298323850081383,11.55628093573913,6.014172437308063,-5.542108498431067,0.9311356759131879,28.143019041982864
p232_159,/home/vpopescu/projects/ultra-low-power-se/datasets/datasets/voicebank-demand/16k/clean_test/p232_159.wav,/home/vpopescu/projects/ultra-low-power-se/datasets/datasets/voicebank-demand/16k/noisy_test/p232_159.wav,/tmp/exp_mask_df_v4_full_eval_txdanchi/p232_159.wav,2.0972087937568724,2.1612092865668826,2.71831417455151,3.2857110500335693,2.828907012939453,2.8491263389587402,0.9869274810389439,1.7085342407226562,-0.8034391489784204,3.426917187794741,9.059701034448226,5.677426891930237,5.856491447007213,0.17906455507697583,0.9375162473755408,43.26484384613092
p232_160,/home/vpopescu/projects/ultra-low-power-se/datasets/datasets/voicebank-demand/16k/clean_test/p232_160.wav,/home/vpopescu/projects/ultra-low-power-se/datasets/datasets/voicebank-demand/16k/noisy_test/p232_160.wav,/tmp/exp_mask_df_v4_full_eval_txdanchi/p232_160.wav,1.9649983690706792,1.3400655761405316,1.5960493652735122,2.884810447692871,3.6064791679382324,3.5298402309417725,1.7766389128025106,1.1848104000091553,0.9956614345754905,3.9285364214754424,6.3096523017670725,2.4412643190959105,5.828298871654486,3.387034552558575,0.8259749788441728,42.58109607313613
p232_161,/home/vpopescu/projects/ultra-low-power-se/datasets/datasets/voicebank-demand/16k/clean_test/p232_161.wav,/home/vpopescu/projects/ultra-low-power-se/datasets/datasets/voicebank-demand/16k/noisy_test/p232_161.wav,/tmp/exp_mask_df_v4_full_eval_txdanchi/p232_161.wav,3.0888359638481795,3.5883312690145783,4.404876530047394,4.183742046356201,3.802386999130249,3.8389670848846436,0.209653777211519,2.7188472747802734,3.844841583404021,-4.628103396607637,11.733934230886401,16.365310748214878,5.825501060680848,-10.53980968753403,0.9444300696765664,12.428293321606393
p232_162,/home/vpopescu/projects/ultra-low-power-se/datasets/datasets/voicebank-demand/16k/clean_test/p232_162.wav,/home/vpopescu/projects/ultra-low-power-se/datasets/datasets/voicebank-demand/16k/noisy_test/p232_162.wav,/tmp/exp_mask_df_v4_full_eval_txdanchi/p232_162.wav,2.280368051482391,2.396129980587588,3.356624548049569,3.727518320083618,3.263415813446045,3.4337053298950195,0.3826706256212736,1.4486665725708008,1.936899679481954,1.2951685087749798,11.497247714305342,10.196830356271914,6.084854034107018,-4.111976322164896,0.9235429474702782,24.017035716259247
p232_163,/home/vpopescu/projects/ultra-low-power-se/datasets/datasets/voicebank-demand/16k/clean_test/p232_163.wav,/home/vpopescu/projects/ultra-low-power-se/datasets/datasets/voicebank-demand/16k/noisy_test/p232_163.wav,/tmp/exp_mask_df_v4_full_eval_txdanchi/p232_163.wav,2.5560975102476973,2.900187170505803,3.7390591079530533,3.8151042461395264,3.6250803470611572,3.356344223022461,0.3880688177545239,2.058939218521118,1.4363845953648282,4.09552953445143,10.101942772587849,6.005852037812936,6.069097356860334,0.0632453190473985,0.9126000930200241,21.79538081619728
p232_164,/home/vpopescu/projects/ultra-low-power-se/datasets/datasets/voicebank-demand/16k/clean_test/p232_164.wav,/home/vpopescu/projects/ultra-low-power-se/datasets/datasets/voicebank-demand/16k/noisy_test/p232_164.wav,/tmp/exp_mask_df_v4_full_eval_txdanchi/p232_164.wav,2.3294874752275927,2.481720462007817,3.1941519204115876,3.6676523685455322,2.988487482070923,3.0991570949554443,0.7088539813893472,1.7995848655700684,0.5285400919022613,6.659035954046484,7.86842767611036,1.1669697831000867,6.060765966270621,4.893796183170534,0.8911575413116136,28.2874451863917
p232_165,/home/vpopescu/projects/ultra-low-power-se/datasets/datasets/voicebank-demand/16k/clean_test/p232_165.wav,/home/vpopescu/projects/ultra-low-power-se/datasets/datasets/voicebank-demand/16k/noisy_test/p232_165.wav,/tmp/exp_mask_df_v4_full_eval_txdanchi/p232_165.wav,2.6069553232228304,2.805979750689957,3.4673042497375564,3.343742609024048,2.3837616443634033,3.1746113300323486,0.6154325028515404,2.2125134468078613,2.688349653635798,-4.10143648507777,11.343063019543214,15.471424127336157,5.525736724895056,-9.9456874024411,0.9420680222478204,36.28459036148323
p232_167,/home/vpopescu/projects/ultra-low-power-se/datasets/datasets/voicebank-demand/16k/clean_test/p232_167.wav,/home/vpopescu/projects/ultra-low-power-se/datasets/datasets/voicebank-demand/16k/noisy_test/p232_167.wav,/tmp/exp_mask_df_v4_full_eval_txdanchi/p232_167.wav,2.779507775701817,3.19356305616073,4.013936296121294,3.4770803451538086,3.2552433013916016,3.6503968238830566,0.3083876729606399,2.364169120788574,2.557675134652444,-0.31400091037440525,10.996367566798003,11.322526110730335,5.735074499373786,-5.587451611356549,0.9538752374201689,20.8140853597464
p232_169,/home/vpopescu/projects/ultra-low-power-se/datasets/datasets/voicebank-demand/16k/clean_test/p232_169.wav,/home/vpopescu/projects/ultra-low-power-se/datasets/datasets/voicebank-demand/16k/noisy_test/p232_169.wav,/tmp/exp_mask_df_v4_full_eval_txdanchi/p232_169.wav,2.46909022946482,2.551492705492442,3.317485255120095,3.7784056663513184,3.3572838306427,3.6810717582702637,0.6089225218816351,1.807501196861267,2.4901918117875406,3.033142704963489,9.631146845587882,6.590500596565926,6.196605869160717,-0.39389472740520937,0.9419285139847391,26.539632396782956
p232_170,/home/vpopescu/projects/ultra-low-power-se/datasets/datasets/voicebank-demand/16k/clean_test/p232_170.wav,/home/vpopescu/projects/ultra-low-power-se/datasets/datasets/voicebank-demand/16k/noisy_test/p232_170.wav,/tmp/exp_mask_df_v4_full_eval_txdanchi/p232_170.wav,2.0848145963704994,2.1853854770788876,2.9285473582916035,2.919923782348633,3.133739471435547,3.552001714706421,0.688894649919209,1.549588680267334,0.21318344413325624,5.7420701476667535,6.374995558871848,0.7194819067498199,5.80126806117744,5.08178615442762,0.7392058220100621,43.33133568252586
p232_171,/home/vpopescu/projects/ultra-low-power-se/datasets/datasets/voicebank-demand/16k/clean_test/p232_171.wav,/home/vpopescu/projects/ultra-low-power-se/datasets/datasets/voicebank-demand/16k/noisy_test/p232_171.wav,/tmp/exp_mask_df_v4_full_eval_txdanchi/p232_171.wav,2.796009989843235,3.1565438475269247,3.9445210280963923,3.9903066158294678,3.3951544761657715,3.5183753967285156,0.34932333675344523,2.3795480728149414,3.154362122365605,-3.867528010199523,11.898204060842964,15.774270199902737,5.848062956078613,-9.926207243824123,0.9465906585731728,24.8769718101914
p232_172,/home/vpopescu/projects/ultra-low-power-se/datasets/datasets/voicebank-demand/16k/clean_test/p232_172.wav,/home/vpopescu/projects/ultra-low-power-se/datasets/datasets/voicebank-demand/16k/noisy_test/p232_172.wav,/tmp/exp_mask_df_v4_full_eval_txdanchi/p232_172.wav,3.188146646972015,3.8831157364070816,4.582544251477657,3.9708824157714844,2.9742329120635986,3.1149959564208984,0.24249092738093606,3.156735420227051,2.7480640977800173,0.29135743173869066,11.1565027073253,10.861640653922093,5.548190493907445,-5.313450160014648,0.9441567970174385,18.271560293807973
p232_173,/home/vpopescu/projects/ultra-low-power-se/datasets/datasets/voicebank-demand/16k/clean_test/p232_173.wav,/home/vpopescu/projects/ultra-low-power-se/datasets/datasets/voicebank-demand/16k/noisy_test/p232_173.wav,/tmp/exp_mask_df_v4_full_eval_txdanchi/p232_173.wav,2.4478342610782207,2.8659321282848618,3.5910900296477863,3.502084255218506,2.924441337585449,3.0435502529144287,0.495734260588535,2.2071192264556885,0.1557806098895154,2.9904943537961035,8.944161373577993,5.926262801407995,5.692559584771985,-0.23370321663601068,0.9013592929248037,35.85470108437682
p232_174,/home/vpopescu/projects/ultra-low-power-se/datasets/datasets/voicebank-demand/16k/clean_test/p232_174.wav,/home/vpopescu/projects/ultra-low-power-se/datasets/datasets/voicebank-demand/16k/noisy_test/p232_174.wav,/tmp/exp_mask_df_v4_full_eval_txdanchi/p232_174.wav,1.9876020171641142,2.0645535233155283,2.7294440721441666,3.419123888015747,3.2090952396392822,3.674042224884033,0.8527939172162038,1.510209321975708,-0.9483102139691052,6.217627796479128,7.16479979637111,0.9353221374079959,5.946425704035475,5.0111035666274795,0.8774819990269009,44.07635646574573
p232_175,/home/vpopescu/projects/ultra-low-power-se/datasets/datasets/voicebank-demand/16k/clean_test/p232_175.wav,/home/vpopescu/projects/ultra-low-power-se/datasets/datasets/voicebank-demand/16k/noisy_test/p232_175.wav,/tmp/exp_mask_df_v4_full_eval_txdanchi/p232_175.wav,2.6890179241714214,2.8975477830228065,3.7445603754702783,3.6067800521850586,3.2272214889526367,3.7864110469818115,0.3633409163099944,2.0595693588256836,3.7923614656174065,-5.3558661588243535,11.185798762671178,16.54368112010854,5.6968360919640375,-10.846845028144504,0.956741196514487,24.05357166873602
p232_176,/home/vpopescu/projects/ultra-low-power-se/datasets/datasets/voicebank-demand/16k/clean_test/p232_176.wav,/home/vpopescu/projects/ultra-low-power-se/datasets/datasets/voicebank-demand/16k/noisy_test/p232_176.wav,/tmp/exp_mask_df_v4_full_eval_txdanchi/p232_176.wav,2.3268244171192554,2.2934028906757282,3.014852418899208,3.431290626525879,3.225674867630005,3.496381998062134,0.7259591558089415,1.6394824981689453,2.505416120168176,-1.3807658330323456,10.084504130153606,11.453785954767026,6.01837917825938,-5.435406776507646,0.9141093862752283,35.527061796585045
p232_177,/home/vpopescu/projects/ultra-low-power-se/datasets/datasets/voicebank-demand/16k/clean_test/p232_177.wav,/home/vpopescu/projects/ultra-low-power-se/datasets/datasets/voicebank-demand/16k/noisy_test/p232_177.wav,/tmp/exp_mask_df_v4_full_eval_txdanchi/p232_177.wav,1.905079975665861,1.953684091780744,2.5756417219253147,2.803518295288086,3.4388537406921387,3.473978281021118,0.9513584763708307,1.4516830444335938,-1.603163499793068,2.683913381699563,8.118697042439305,5.305446471341967,6.079821544022913,0.7743750726809457,0.8208936970619087,45.97503129806195
p232_178,/home/vpopescu/projects/ultra-low-power-se/datasets/datasets/voicebank-demand/16k/clean_test/p232_178.wav,/home/vpopescu/projects/ultra-low-power-se/datasets/datasets/voicebank-demand/16k/noisy_test/p232_178.wav,/tmp/exp_mask_df_v4_full_eval_txdanchi/p232_178.wav,1.9948489773316007,1.882816059377757,2.3754199314738638,3.1380395889282227,2.7444546222686768,3.3552725315093994,1.16541448973391,1.520553708076477,-0.43552759125253426,6.014907805150222,6.902835418232288,0.8891081729362602,5.937124676237325,5.048016503301064,0.8128197626845008,48.362493840006486
p232_179,/home/vpopescu/projects/ultra-low-power-se/datasets/datasets/voicebank-demand/16k/clean_test/p232_179.wav,/home/vpopescu/projects/ultra-low-power-se/datasets/datasets/voicebank-demand/16k/noisy_test/p232_179.wav,/tmp/exp_mask_df_v4_full_eval_txdanchi/p232_179.wav,2.533976236513476,2.660788297505029,3.507870168400477,3.3706672191619873,2.829159736633301,3.7274813652038574,0.43821718318726205,1.838568091392517,3.3338493190781335,-6.095336073357155,10.545220656298051,16.63905200452286,5.762271794473333,-10.876780210049528,0.9311198754433843,26.984545467724203
p232_180,/home/vpopescu/projects/ultra-low-power-se/datasets/datasets/voicebank-demand/16k/clean_test/p232_180.wav,/home/vpopescu/projects/ultra-low-power-se/datasets/datasets/voicebank-demand/16k/noisy_test/p232_180.wav,/tmp/exp_mask_df_v4_full_eval_txdanchi/p232_180.wav,2.652225395753658,2.837517635067316,3.5538679512771387,3.357145309448242,3.5279605388641357,3.8293704986572266,0.5661389401336533,2.1482977867126465,2.9736190411578836,-1.317802970958704,10.168619137494819,11.474207341659712,6.15976006145908,-5.314447280200632,0.9388332225616243,27.999849412561982
p232_181,/home/vpopescu/projects/ultra-low-power-se/datasets/datasets/voicebank-demand/16k/clean_test/p232_181.wav,/home/vpopescu/projects/ultra-low-power-se/datasets/datasets/voicebank-demand/16k/noisy_test/p232_181.wav,/tmp/exp_mask_df_v4_full_eval_txdanchi/p232_181.wav,2.146238970325001,2.3379996162843795,2.965324473398196,2.962073802947998,3.2267754077911377,3.345597982406616,0.7885584218163657,1.833140254020691,-0.5724713470569963,2.72028551501399,8.457689185879378,5.761968073004329,5.572374174994243,-0.1895938980100862,0.9481941558523581,46.84805374747116
p232_182,/home/vpopescu/projects/ultra-low-power-se/datasets/datasets/voicebank-demand/16k/clean_test/p232_182.wav,/home/vpopescu/projects/ultra-low-power-se/datasets/datasets/voicebank-demand/16k/noisy_test/p232_182.wav,/tmp/exp_mask_df_v4_full_eval_txdanchi/p232_182.wav,1.845676523176499,1.7069911117475645,2.1449005346123995,2.9868032932281494,3.487943649291992,3.6302452087402344,1.3171531320965901,1.4006626605987549,-1.8679413045829674,2.9567465698045576,4.301162756687463,1.3963324660513468,4.967559947467077,3.57122748141573,0.902831388423018,48.594275200139855
p232_183,/home/vpopescu/projects/ultra-low-power-se/datasets/datasets/voicebank-demand/16k/clean_test/p232_183.wav,/home/vpopescu/projects/ultra-low-power-se/datasets/datasets/voicebank-demand/16k/noisy_test/p232_183.wav,/tmp/exp_mask_df_v4_full_eval_txdanchi/p232_183.wav,2.97964676580811,3.5191226270123765,4.282969716563042,4.082606792449951,3.018568277359009,3.2017223834991455,0.26690163403825334,2.74593448638916,2.8855726859905415,-2.6616985622780103,12.259943711118195,14.919714619824056,5.430831015926213,-9.488883603897843,0.9361891411077018,21.242999700473185
p232_184,/home/vpopescu/projects/ultra-low-power-se/datasets/datasets/voicebank-demand/16k/clean_test/p232_184.wav,/home/vpopescu/projects/ultra-low-power-se/datasets/datasets/voicebank-demand/16k/noisy_test/p232_184.wav,/tmp/exp_mask_df_v4_full_eval_txdanchi/p232_184.wav,2.718959646048414,2.9283873562219735,3.6803303381082846,3.79618239402771,3.311351776123047,3.528660535812378,0.5311344432112991,2.1560449600219727,2.9152088385625454,0.07569115192855591,10.98567693057251,10.928898009692595,5.798987496118424,-5.129910513574171,0.9383952671566359,18.46971452450421
p232_185,/home/vpopescu/projects/ultra-low-power-se/datasets/datasets/voicebank-demand/16k/clean_test/p232_185.wav,/home/vpopescu/projects/ultra-low-power-se/datasets/datasets/voicebank-demand/16k/noisy_test/p232_185.wav,/tmp/exp_mask_df_v4_full_eval_txdanchi/p232_185.wav,2.6095800074324895,2.8876944021023667,3.6303425842080848,3.563688278198242,3.61468505859375,3.7263340950012207,0.5340852760799991,2.1481151580810547,1.759803185232837,3.4020041849320517,9.735449242478365,6.315142561638107,5.820762164868443,-0.4943803967696647,0.9593421908565628,23.155234114274712
p232_186,/home/vpopescu/projects/ultra-low-power-se/datasets/datasets/voicebank-demand/16k/clean_test/p232_186.wav,/home/vpopescu/projects/ultra-low-power-se/datasets/datasets/voicebank-demand/16k/noisy_test/p232_186.wav,/tmp/exp_mask_df_v4_full_eval_txdanchi/p232_186.wav,1.8973148820141845,2.0955184050012776,2.7844485151896072,3.621825933456421,3.510246753692627,3.5724215507507324,0.8103838696560173,1.5114351511001587,-2.521916981606694,5.935009486900037,6.140672442792008,0.2342734237163865,5.6802339385107885,5.445960514794402,0.8611027856720428,42.89576433863847
p232_187,/home/vpopescu/projects/ultra-low-power-se/datasets/datasets/voicebank-demand/16k/clean_test/p232_187.wav,/home/vpopescu/projects/ultra-low-power-se/datasets/datasets/voicebank-demand/16k/noisy_test/p232_187.wav,/tmp/exp_mask_df_v4_full_eval_txdanchi/p232_187.wav,2.5381419237394263,2.7739995877751618,3.314610009371868,3.015791177749634,3.4005088806152344,3.5149855613708496,0.762775673048038,2.344352960586548,1.5905493567534967,-2.752257407455369,12.17393575382119,14.931071555629732,5.804884644001699,-9.126186911628032,0.7188027980331986,45.237628699487736
p232_188,/home/vpopescu/projects/ultra-low-power-se/datasets/datasets/voicebank-demand/16k/clean_test/p232_188.wav,/home/vpopescu/projects/ultra-low-power-se/datasets/datasets/voicebank-demand/16k/noisy_test/p232_188.wav,/tmp/exp_mask_df_v4_full_eval_txdanchi/p232_188.wav,2.734092049826657,3.0327008749341524,3.792389847415706,3.2632710933685303,3.025322437286377,3.0991902351379395,0.43320973905595894,2.291137456893921,2.9966624904788297,0.27992034472802096,11.524522796093779,11.247673704529369,6.087320247358903,-5.160353457170466,0.9027597179650361,26.265913066971848
p232_189,/home/vpopescu/projects/ultra-low-power-se/datasets/datasets/voicebank-demand/16k/clean_test/p232_189.wav,/home/vpopescu/projects/ultra-low-power-se/datasets/datasets/voicebank-demand/16k/noisy_test/p232_189.wav,/tmp/exp_mask_df_v4_full_eval_txdanchi/p232_189.wav,2.2366168336276617,2.3895014713565135,3.1513790839480897,3.0325686931610107,3.650853395462036,3.8475050926208496,0.6069445362541195,1.711586833000183,0.8896611761920558,2.525686457209054,8.625778258519082,6.159395667226173,5.740844401208244,-0.41855126601792936,0.8493588473160641,38.79576094950355
p232_190,/home/vpopescu/projects/ultra-low-power-se/datasets/datasets/voicebank-demand/16k/clean_test/p232_190.wav,/home/vpopescu/projects/ultra-low-power-se/datasets/datasets/voicebank-demand/16k/noisy_test/p232_190.wav,/tmp/exp_mask_df_v4_full_eval_txdanchi/p232_190.wav,1.9980041295734543,2.2620634770425503,2.975953472994026,2.282601833343506,3.2215054035186768,3.0067224502563477,0.6945677036009918,1.6631923913955688,-1.8383190432770242,5.338146334634492,6.049707864245587,0.6540404070610475,5.529231660968838,4.875191253907791,0.9328276965329024,45.02681911245354
p232_191,/home/vpopescu/projects/ultra-low-power-se/datasets/datasets/voicebank-demand/16k/clean_test/p232_191.wav,/home/vpopescu/projects/ultra-low-power-se/datasets/datasets/voicebank-demand/16k/noisy_test/p232_191.wav,/tmp/exp_mask_df_v4_full_eval_txdanchi/p232_191.wav,2.78629763390638,3.278557145394933,4.063982027551377,4.1475701332092285,3.123911142349243,3.585634469985962,0.3183445020740853,2.49273681640625,1.902746704989833,-4.025186111634618,11.573177984037937,15.598505568587678,5.531425359770616,-10.067080208817062,0.9282792127243538,22.7290866785953
p232_193,/home/vpopescu/projects/ultra-low-power-se/datasets/datasets/voicebank-demand/16k/clean_test/p232_193.wav,/home/vpopescu/projects/ultra-low-power-se/datasets/datasets/voicebank-demand/16k/noisy_test/p232_193.wav,/tmp/exp_mask_df_v4_full_eval_txdanchi/p232_193.wav,2.6642304505545593,2.96574878536845,3.7338566042865633,3.4817590713500977,3.0833728313446045,3.697953701019287,0.4314903121183299,2.228844404220581,2.641122945423091,0.3573064248251381,11.34375596027764,10.971807709367834,5.789080844500242,-5.1827268648675915,0.9414479711456575,28.792560032076164
p232_194,/home/vpopescu/projects/ultra-low-power-se/datasets/datasets/voicebank-demand/16k/clean_test/p232_194.wav,/home/vpopescu/projects/ultra-low-power-se/datasets/datasets/voicebank-demand/16k/noisy_test/p232_194.wav,/tmp/exp_mask_df_v4_full_eval_txdanchi/p232_194.wav,2.603293859968327,2.8571572098165996,3.6546688227368502,3.53786563873291,3.4500062465667725,3.6582698822021484,0.44630836298472126,2.076244354248047,2.4850582879787613,3.0373377685566885,9.679431089660412,6.63310788556493,5.807857832707044,-0.8252500528578857,0.9445267113722697,25.672801929271582
p232_195,/home/vpopescu/projects/ultra-low-power-se/datasets/datasets/voicebank-demand/16k/clean_test/p232_195.wav,/home/vpopescu/projects/ultra-low-power-se/datasets/datasets/voicebank-demand/16k/noisy_test/p232_195.wav,/tmp/exp_mask_df_v4_full_eval_txdanchi/p232_195.wav,2.7107477252525918,3.308864009320953,3.971286656476821,3.8170006275177,2.9088521003723145,3.3178679943084717,0.4731938089163748,2.6646268367767334,-0.14378632710401956,6.497321042066371,7.539979755367777,1.0162084651631118,5.759742898904989,4.7435344337418766,0.9213236837194128,26.840766302733314
p232_196,/home/vpopescu/projects/ultra-low-power-se/datasets/datasets/voicebank-demand/16k/clean_test/p232_196.wav,/home/vpopescu/projects/ultra-low-power-se/datasets/datasets/voicebank-demand/16k/noisy_test/p232_196.wav,/tmp/exp_mask_df_v4_full_eval_txdanchi/p232_196.wav,2.630145822524816,2.940441556130079,3.6283228339915397,3.801835775375366,3.378021478652954,3.5669212341308594,0.5099087836856502,2.3305227756500244,2.392252647384796,-3.301753132702549,11.883151641157497,15.170740004189792,5.7550756344196365,-9.415664369770155,0.9563985914966432,38.3651401458768
p232_197,/home/vpopescu/projects/ultra-low-power-se/datasets/datasets/voicebank-demand/16k/clean_test/p232_197.wav,/home/vpopescu/projects/ultra-low-power-se/datasets/datasets/voicebank-demand/16k/noisy_test/p232_197.wav,/tmp/exp_mask_df_v4_full_eval_txdanchi/p232_197.wav,2.7045778250812402,2.919329950074604,3.658824728846982,3.075774669647217,3.2385873794555664,3.614654064178467,0.4919779104760825,2.2124714851379395,3.4417993727458476,-0.2869347753229672,11.092500922587508,11.377173956982197,6.053491981842956,-5.323681975139242,0.9375943224905988,29.11670075681185
p232_198,/home/vpopescu/projects/ultra-low-power-se/datasets/datasets/voicebank-demand/16k/clean_test/p232_198.wav,/home/vpopescu/projects/ultra-low-power-se/datasets/datasets/voicebank-demand/16k/noisy_test/p232_198.wav,/tmp/exp_mask_df_v4_full_eval_txdanchi/p232_198.wav,2.0041124461885165,2.1827007652459356,2.8231152950659864,2.823136806488037,3.1948111057281494,3.626016616821289,0.811517668080163,1.680427074432373,-1.342630345636134,2.9096459184004946,8.477937397372793,5.589624033298566,5.75360410641141,0.16398007311284335,0.9403814848519237,49.79228337358305
p232_199,/home/vpopescu/projects/ultra-low-power-se/datasets/datasets/voicebank-demand/16k/clean_test/p232_199.wav,/home/vpopescu/projects/ultra-low-power-se/datasets/datasets/voicebank-demand/16k/noisy_test/p232_199.wav,/tmp/exp_mask_df_v4_full_eval_txdanchi/p232_199.wav,1.8747955212462983,1.8813030060693672,2.559406360411235,2.7842154502868652,3.151824712753296,3.534409523010254,0.8974003564352178,1.3201483488082886,-1.1791739247236437,4.107521519904955,5.308527621746938,1.1921176557134214,5.139534472704618,3.9474168169911965,0.8634272269920245,45.1353474609248
p232_200,/home/vpopescu/projects/ultra-low-power-se/datasets/datasets/voicebank-demand/16k/clean_test/p232_200.wav,/home/vpopescu/projects/ultra-low-power-se/datasets/datasets/voicebank-demand/16k/noisy_test/p232_200.wav,/tmp/exp_mask_df_v4_full_eval_txdanchi/p232_200.wav,2.8110141052078497,3.014314916105889,3.795256060514878,3.726909875869751,2.8740310668945312,3.7265868186950684,0.46606605282186164,2.201587438583374,3.777658134506838,-4.902789524342413,11.461497861375523,16.367103611213402,5.863448187565909,-10.503655423647494,0.9496305569196424,16.19102184413342
p232_201,/home/vpopescu/projects/ultra-low-power-se/datasets/datasets/voicebank-demand/16k/clean_test/p232_201.wav,/home/vpopescu/projects/ultra-low-power-se/datasets/datasets/voicebank-demand/16k/noisy_test/p232_201.wav,/tmp/exp_mask_df_v4_full_eval_txdanchi/p232_201.wav,2.6331953299650577,2.84091360403905,3.5669300623544,3.5156357288360596,2.9388935565948486,3.168285369873047,0.5552891336107946,2.137479066848755,2.6496721329654638,-0.6247378539725528,10.790551771448174,11.403981146219483,5.921842245384444,-5.4821389008350385,0.9511426862366151,27.06414405221016
p232_202,/home/vpopescu/projects/ultra-low-power-se/datasets/datasets/voicebank-demand/16k/clean_test/p232_202.wav,/home/vpopescu/projects/ultra-low-power-se/datasets/datasets/voicebank-demand/16k/noisy_test/p232_202.wav,/tmp/exp_mask_df_v4_full_eval_txdanchi/p232_202.wav,2.3570095519768555,2.247782731918755,2.935357419866146,3.445037841796875,3.1476173400878906,3.886324167251587,0.8653003442301288,1.5681508779525757,2.2060060460756654,2.397222238592784,9.415218718670658,7.011139531022023,6.023353327604207,-0.9877862034178158,0.8809968024866908,23.649278369606087
p232_203,/home/vpopescu/projects/ultra-low-power-se/datasets/datasets/voicebank-demand/16k/clean_test/p232_203.wav,/home/vpopescu/projects/ultra-low-power-se/datasets/datasets/voicebank-demand/16k/noisy_test/p232_203.wav,/tmp/exp_mask_df_v4_full_eval_txdanchi/p232_203.wav,1.7909080856995963,1.383392546332869,1.7226754626371497,3.1237690448760986,3.5211994647979736,3.560974597930908,1.5867609154880662,1.1835846900939941,-0.9186326301972387,3.842529008973658,5.4301941896800425,1.5162944139140866,5.221644171815151,3.7053497579010646,0.8717838479552075,50.138791494700975
p232_204,/home/vpopescu/projects/ultra-low-power-se/datasets/datasets/voicebank-demand/16k/clean_test/p232_204.wav,/home/vpopescu/projects/ultra-low-power-se/datasets/datasets/voicebank-demand/16k/noisy_test/p232_204.wav,/tmp/exp_mask_df_v4_full_eval_txdanchi/p232_204.wav,3.1116272965138805,3.7078050068478223,4.4891726535018055,4.126944541931152,3.258596420288086,3.6708240509033203,0.21397135722283406,2.875588893890381,3.0886749693670126,-4.672273210906514,11.859811759831878,16.533877957034214,5.208616184118588,-11.325261772915626,0.9685436976094147,13.070102547977575
p232_205,/home/vpopescu/projects/ultra-low-power-se/datasets/datasets/voicebank-demand/16k/clean_test/p232_205.wav,/home/vpopescu/projects/ultra-low-power-se/datasets/datasets/voicebank-demand/16k/noisy_test/p232_205.wav,/tmp/exp_mask_df_v4_full_eval_txdanchi/p232_205.wav,3.15147182452191,3.8652919902481067,4.606142952959316,3.969373941421509,3.026517629623413,3.0226259231567383,0.20235251366121504,3.0835061073303223,2.394949910734563,0.3568119664293157,10.953730413611002,10.592899429910211,5.3503320178844955,-5.242567412025716,0.9386082476968519,15.332277022608709
p232_206,/home/vpopescu/projects/ultra-low-power-se/datasets/datasets/voicebank-demand/16k/clean_test/p232_206.wav,/home/vpopescu/projects/ultra-low-power-se/datasets/datasets/voicebank-demand/16k/noisy_test/p232_206.wav,/tmp/exp_mask_df_v4_full_eval_txdanchi/p232_206.wav,2.6948656110660254,3.046515046373997,3.8921387402639596,3.044288158416748,2.4326515197753906,3.11783766746521,0.33327201204641466,2.1871109008789062,2.4269930017724874,3.5701935320353826,9.897238432646521,6.3201501817999715,5.9829164041023795,-0.337233777697592,0.9306487445680456,19.639136952251164
p232_207,/home/vpopescu/projects/ultra-low-power-se/datasets/datasets/voicebank-demand/16k/clean_test/p232_207.wav,/home/vpopescu/projects/ultra-low-power-se/datasets/datasets/voicebank-demand/16k/noisy_test/p232_207.wav,/tmp/exp_mask_df_v4_full_eval_txdanchi/p232_207.wav,2.154233845730938,2.3476592422349034,3.088779294422855,3.92842435836792,3.0307061672210693,3.3893535137176514,0.7005334638291212,1.651651382446289,-0.8255321892783953,6.800990664764822,7.09067744821974,0.25066924410155006,5.856967132956972,5.606297888855422,0.8543923384957162,31.035283879121305
p232_208,/home/vpopescu/projects/ultra-low-power-se/datasets/datasets/voicebank-demand/16k/clean_test/p232_208.wav,/home/vpopescu/projects/ultra-low-power-se/datasets/datasets/voicebank-demand/16k/noisy_test/p232_208.wav,/tmp/exp_mask_df_v4_full_eval_txdanchi/p232_208.wav,2.910896403216472,3.3717075302388233,4.076431271925817,3.3290326595306396,3.3985681533813477,3.5312838554382324,0.37508712478708994,2.6924595832824707,2.9774372828575566,-2.7583787226448635,11.893418803965814,14.636125899003716,5.731476715878313,-8.904649183125404,0.7934681511410672,28.239689487510773
p232_209,/home/vpopescu/projects/ultra-low-power-se/datasets/datasets/voicebank-demand/16k/clean_test/p232_209.wav,/home/vpopescu/projects/ultra-low-power-se/datasets/datasets/voicebank-demand/16k/noisy_test/p232_209.wav,/tmp/exp_mask_df_v4_full_eval_txdanchi/p232_209.wav,2.867875868099549,3.3465504367695185,4.024286119191198,3.5932869911193848,2.973318338394165,3.2538180351257324,0.45773730160601317,2.6673686504364014,1.8919600254040503,1.8866667791898681,11.855949786434481,9.963454726679725,6.629757512938471,-3.333697213741254,0.786659680563497,22.902832629929392
p232_210,/home/vpopescu/projects/ultra-low-power-se/datasets/datasets/voicebank-demand/16k/clean_test/p232_210.wav,/home/vpopescu/projects/ultra-low-power-se/datasets/datasets/voicebank-demand/16k/noisy_test/p232_210.wav,/tmp/exp_mask_df_v4_full_eval_txdanchi/p232_210.wav,2.368680514809116,2.827544393168403,3.611978944709768,3.2762176990509033,2.5561914443969727,3.3719635009765625,0.4284654565868604,2.1022417545318604,-0.48897045079111884,3.300613559695412,8.48193190112316,5.197558449054789,5.960235641152412,0.7626771920976232,0.9354818210455043,34.19798649389605
p232_211,/home/vpopescu/projects/ultra-low-power-se/datasets/datasets/voicebank-demand/16k/clean_test/p232_211.wav,/home/vpopescu/projects/ultra-low-power-se/datasets/datasets/voicebank-demand/16k/noisy_test/p232_211.wav,/tmp/exp_mask_df_v4_full_eval_txdanchi/p232_211.wav,1.9135728815974886,2.3508567778873988,3.1100993281109277,3.2940187454223633,2.8643364906311035,3.2894248962402344,0.6012024495625743,1.6970553398132324,-3.6533722912225555,7.12998819638986,6.5732403076743315,-0.5072572881627283,5.968651664457282,6.47590895262001,0.7910476154107583,43.065302355173614
p232_213,/home/vpopescu/projects/ultra-low-power-se/datasets/datasets/voicebank-demand/16k/clean_test/p232_213.wav,/home/vpopescu/projects/ultra-low-power-se/datasets/datasets/voicebank-demand/16k/noisy_test/p232_213.wav,/tmp/exp_mask_df_v4_full_eval_txdanchi/p232_213.wav,2.847443770285664,3.360678541809871,4.15091663913443,4.183320045471191,3.416746139526367,3.6528756618499756,0.2623213161006436,2.5839836597442627,2.4987201804545687,-3.03330680355198,11.835966457498095,14.876260215840064,5.895724569529579,-8.980535646310486,0.9358871289360514,25.588541491533054
p232_214,/home/vpopescu/projects/ultra-low-power-se/datasets/datasets/voicebank-demand/16k/clean_test/p232_214.wav,/home/vpopescu/projects/ultra-low-power-se/datasets/datasets/voicebank-demand/16k/noisy_test/p232_214.wav,/tmp/exp_mask_df_v4_full_eval_txdanchi/p232_214.wav,2.6850131738569836,3.1253005282784523,3.867529616084996,3.8061492443084717,3.3168256282806396,3.296248197555542,0.41893079079621115,2.405050277709961,1.45510351590522,0.28430792382340897,10.930654900912257,10.684324198976771,5.932056241037297,-4.752267957939474,0.9646158659915423,27.181768627200906
p232_215,/home/vpopescu/projects/ultra-low-power-se/datasets/datasets/voicebank-demand/16k/clean_test/p232_215.wav,/home/vpopescu/projects/ultra-low-power-se/datasets/datasets/voicebank-demand/16k/noisy_test/p232_215.wav,/tmp/exp_mask_df_v4_full_eval_txdanchi/p232_215.wav,2.6958893246662425,3.2756120856174906,3.9695252673844994,3.7196993827819824,3.283968210220337,3.3626203536987305,0.40561139218296666,2.627734899520874,0.505928863403155,4.0375700044152705,9.709884737530714,5.638849717359491,5.469362488338253,-0.16948722902123858,0.9574536161641258,32.29163938559052
p232_216,/home/vpopescu/projects/ultra-low-power-se/datasets/datasets/voicebank-demand/16k/clean_test/p232_216.wav,/home/vpopescu/projects/ultra-low-power-se/datasets/datasets/voicebank-demand/16k/noisy_test/p232_216.wav,/tmp/exp_mask_df_v4_full_eval_txdanchi/p232_216.wav,2.2910934620026087,2.5189260840971874,3.284710438121492,3.4333972930908203,3.399261474609375,3.573456287384033,0.5644207520673685,1.8246328830718994,0.6323635811339607,5.646019689687871,7.069964335262685,1.3533227113624724,5.497564073807658,4.144241362445186,0.9427219722680644,36.41713738817127
p232_217,/home/vpopescu/projects/ultra-low-power-se/datasets/datasets/voicebank-demand/16k/clean_test/p232_217.wav,/home/vpopescu/projects/ultra-low-power-se/datasets/datasets/voicebank-demand/16k/noisy_test/p232_217.wav,/tmp/exp_mask_df_v4_full_eval_txdanchi/p232_217.wav,2.7487722451904477,2.901439592027956,3.4603151390149267,3.2587292194366455,3.5530846118927,3.5435564517974854,0.755256705899226,2.392810583114624,3.2236552447709554,-3.322134533760016,11.812103887600236,15.136520255147195,5.833159714076759,-9.303360541070436,0.8695672869219897,33.154499136987575
p232_218,/home/vpopescu/projects/ultra-low-power-se/datasets/datasets/voicebank-demand/16k/clean_test/p232_218.wav,/home/vpopescu/projects/ultra-low-power-se/datasets/datasets/voicebank-demand/16k/noisy_test/p232_218.wav,/tmp/exp_mask_df_v4_full_eval_txdanchi/p232_218.wav,2.449268636137405,2.5702262443273156,3.365514310996386,3.360299825668335,3.1008849143981934,3.3690383434295654,0.5156693314033781,1.8321012258529663,2.763758650563172,-0.11712544041665396,10.767519453585795,10.889178460606672,5.9055331806486056,-4.983645279958067,0.8995183148589115,33.513220686541814
p232_219,/home/vpopescu/projects/ultra-low-power-se/datasets/datasets/voicebank-demand/16k/clean_test/p232_219.wav,/home/vpopescu/projects/ultra-low-power-se/datasets/datasets/voicebank-demand/16k/noisy_test/p232_219.wav,/tmp/exp_mask_df_v4_full_eval_txdanchi/p232_219.wav,2.334773288207032,2.2961047976705276,3.0774745689382517,3.3937675952911377,3.8174142837524414,4.011191368103027,0.6633515454281511,1.5562909841537476,2.6657087475486767,2.1961370152073396,8.81068480804435,6.618564871922997,5.918964632998847,-0.69960023892415,0.901196941433437,30.153350473432287
p232_220,/home/vpopescu/projects/ultra-low-power-se/datasets/datasets/voicebank-demand/16k/clean_test/p232_220.wav,/home/vpopescu/projects/ultra-low-power-se/datasets/datasets/voicebank-demand/16k/noisy_test/p232_220.wav,/tmp/exp_mask_df_v4_full_eval_txdanchi/p232_220.wav,2.1652332554004516,2.156723563630452,2.898858650473487,3.1617109775543213,3.5330159664154053,3.5866682529449463,0.7533405433184633,1.477705955505371,1.0477647784318018,4.887188362694715,6.552650291274046,1.6669723189381624,5.6577220493372185,3.990749730399056,0.9004754664255948,34.44562462461702
p232_221,/home/vpopescu/projects/ultra-low-power-se/datasets/datasets/voicebank-demand/16k/clean_test/p232_221.wav,/home/vpopescu/projects/ultra-low-power-se/datasets/datasets/voicebank-demand/16k/noisy_test/p232_221.wav,/tmp/exp_mask_df_v4_full_eval_txdanchi/p232_221.wav,2.6806895066049012,2.659914450498507,3.3108889854582473,3.3908238410949707,3.115068197250366,3.6334362030029297,0.7449330309322976,2.0287387371063232,4.170903354013107,-5.6931221770588465,11.30753462611331,17.014610141083384,6.079228269170311,-10.935381871913073,0.9531432722685523,26.544931576392408
p232_223,/home/vpopescu/projects/ultra-low-power-se/datasets/datasets/voicebank-demand/16k/clean_test/p232_223.wav,/home/vpopescu/projects/ultra-low-power-se/datasets/datasets/voicebank-demand/16k/noisy_test/p232_223.wav,/tmp/exp_mask_df_v4_full_eval_txdanchi/p232_223.wav,2.392698453480161,2.588997603562913,3.2689107821357974,2.7931976318359375,3.0280447006225586,3.4142086505889893,0.6368023537433591,2.007639169692993,1.4945405284167865,-0.06721366074913071,10.623749672157434,10.662223119519982,6.35469507455012,-4.307528044969862,0.8873607558922246,42.15844613190676
p232_224,/home/vpopescu/projects/ultra-low-power-se/datasets/datasets/voicebank-demand/16k/clean_test/p232_224.wav,/home/vpopescu/projects/ultra-low-power-se/datasets/datasets/voicebank-demand/16k/noisy_test/p232_224.wav,/tmp/exp_mask_df_v4_full_eval_txdanchi/p232_224.wav,2.2128664391253143,2.2796178578551713,2.9266819987794763,3.2707152366638184,2.4005236625671387,3.007702112197876,0.8350217438478336,1.708963394165039,0.38965838590508733,1.9931344219207503,7.808868109374422,5.8433177547687665,5.605886780192795,-0.23743097457597173,0.8727497705003525,37.5095059425135
p232_225,/home/vpopescu/projects/ultra-low-power-se/datasets/datasets/voicebank-demand/16k/clean_test/p232_225.wav,/home/vpopescu/projects/ultra-low-power-se/datasets/datasets/voicebank-demand/16k/noisy_test/p232_225.wav,/tmp/exp_mask_df_v4_full_eval_txdanchi/p232_225.wav,1.7775861175122256,1.7312356112457186,2.1949102940495786,3.279684543609619,3.07151460647583,3.760075569152832,1.2156267174314652,1.4441789388656616,-2.2826009531639886,4.711049982196682,5.411927465533179,0.5131931415366213,5.160268742661135,4.647075601124513,0.8705096667288608,57.56107931660418
p232_226,/home/vpopescu/projects/ultra-low-power-se/datasets/datasets/voicebank-demand/16k/clean_test/p232_226.wav,/home/vpopescu/projects/ultra-low-power-se/datasets/datasets/voicebank-demand/16k/noisy_test/p232_226.wav,/tmp/exp_mask_df_v4_full_eval_txdanchi/p232_226.wav,3.0686896203820684,3.620954360666759,4.424725689438075,4.048997402191162,3.604243278503418,3.7413597106933594,0.20090713115722258,2.777498483657837,3.38274305903055,-4.287075462706881,11.813667736004483,16.108063812932357,6.090504828564873,-10.017558984367485,0.948968645005941,15.152495360757511
p232_227,/home/vpopescu/projects/ultra-low-power-se/datasets/datasets/voicebank-demand/16k/clean_test/p232_227.wav,/home/vpopescu/projects/ultra-low-power-se/datasets/datasets/voicebank-demand/16k/noisy_test/p232_227.wav,/tmp/exp_mask_df_v4_full_eval_txdanchi/p232_227.wav,2.7993023139762756,3.1597132401225165,3.953733275251759,4.009700775146484,2.9850358963012695,3.514101505279541,0.379121981956926,2.3420848846435547,2.7196885138135807,-1.2448877625396726,10.31890693260275,11.558511917222166,5.784748620840801,-5.7737632963813645,0.95229473189852,17.93637675051415
p232_228,/home/vpopescu/projects/ultra-low-power-se/datasets/datasets/voicebank-demand/16k/clean_test/p232_228.wav,/home/vpopescu/projects/ultra-low-power-se/datasets/datasets/voicebank-demand/16k/noisy_test/p232_228.wav,/tmp/exp_mask_df_v4_full_eval_txdanchi/p232_228.wav,2.4270415962804406,2.8247850890699087,3.663987401010585,3.766204357147217,2.7174277305603027,3.018805742263794,0.3937502921641318,2.003429889678955,0.25044335789707184,4.169941640280025,9.557683478573443,5.38598515030963,5.722305960684151,0.336320810374521,0.9408995642917789,25.7679746476593
p232_229,/home/vpopescu/projects/ultra-low-power-se/datasets/datasets/voicebank-demand/16k/clean_test/p232_229.wav,/home/vpopescu/projects/ultra-low-power-se/datasets/datasets/voicebank-demand/16k/noisy_test/p232_229.wav,/tmp/exp_mask_df_v4_full_eval_txdanchi/p232_229.wav,2.3940782283084463,2.727630752171273,3.3735932208293473,3.819302558898926,3.230592727661133,3.1591224670410156,0.6934716301582599,2.1292874813079834,-0.5132220970816633,6.511642627713736,6.779379340935313,0.21057026543242902,5.807684603026276,5.5971143375938475,0.925282029138567,32.19831366294637
p232_230,/home/vpopescu/projects/ultra-low-power-se/datasets/datasets/voicebank-demand/16k/clean_test/p232_230.wav,/home/vpopescu/projects/ultra-low-power-se/datasets/datasets/voicebank-demand/16k/noisy_test/p232_230.wav,/tmp/exp_mask_df_v4_full_eval_txdanchi/p232_230.wav,2.6234625915415424,2.8303029555974746,3.5551415171864233,3.3658390045166016,3.5600619316101074,3.6965811252593994,0.5544092884101568,2.1339430809020996,2.6524042497310223,-4.091064766444571,11.766451972638297,15.8643039063195,6.11837361591938,-9.745930290400121,0.8660410002049704,28.237666980387896
p232_231,/home/vpopescu/projects/ultra-low-power-se/datasets/datasets/voicebank-demand/16k/clean_test/p232_231.wav,/home/vpopescu/projects/ultra-low-power-se/datasets/datasets/voicebank-demand/16k/noisy_test/p232_231.wav,/tmp/exp_mask_df_v4_full_eval_txdanchi/p232_231.wav,2.596502544936141,2.999149802235876,3.751225449564108,3.756340265274048,3.303110122680664,3.312605619430542,0.4576390849826903,2.2656073570251465,1.0142085227992168,0.008674572038451345,10.813616700123488,10.798704555882452,5.88541983335523,-4.913284722527222,0.9584270317037566,26.336129808318507
p232_232,/home/vpopescu/projects/ultra-low-power-se/datasets/datasets/voicebank-demand/16k/clean_test/p232_232.wav,/home/vpopescu/projects/ultra-low-power-se/datasets/datasets/voicebank-demand/16k/noisy_test/p232_232.wav,/tmp/exp_mask_df_v4_full_eval_txdanchi/p232_232.wav,2.2371134717982706,2.415448430100964,3.1591900891287934,2.9261891841888428,3.408907413482666,3.5661325454711914,0.627916038779898,1.752732515335083,0.5288184501042995,2.9070001551586095,9.25628663830839,6.362355352135042,5.888159311443655,-0.4741960406913872,0.9301851340807934,38.28689041263854
p232_234,/home/vpopescu/projects/ultra-low-power-se/datasets/datasets/voicebank-demand/16k/clean_test/p232_234.wav,/home/vpopescu/projects/ultra-low-power-se/datasets/datasets/voicebank-demand/16k/noisy_test/p232_234.wav,/tmp/exp_mask_df_v4_full_eval_txdanchi/p232_234.wav,2.0304175959214685,2.3880041415213618,3.071625608027839,3.207517147064209,3.2500245571136475,3.6463377475738525,0.6777394735212604,1.830993413925171,-2.3151477728452003,6.259979162775365,6.3914080330987115,-0.004998477525750602,5.840980402692796,5.845978880218547,0.8281415229981027,47.56327803507363
p232_235,/home/vpopescu/projects/ultra-low-power-se/datasets/datasets/voicebank-demand/16k/clean_test/p232_235.wav,/home/vpopescu/projects/ultra-low-power-se/datasets/datasets/voicebank-demand/16k/noisy_test/p232_235.wav,/tmp/exp_mask_df_v4_full_eval_txdanchi/p232_235.wav,2.907450578906092,3.3142008713355326,4.157784562025539,4.195088863372803,2.9368131160736084,3.758209705352783,0.24885337013005668,2.441316604614258,3.5578938376640084,-5.438891221559164,11.291529365191188,16.730166459637484,5.467155203613614,-11.26301125602387,0.9613921641097992,16.8065814103366
p232_236,/home/vpopescu/projects/ultra-low-power-se/datasets/datasets/voicebank-demand/16k/clean_test/p232_236.wav,/home/vpopescu/projects/ultra-low-power-se/datasets/datasets/voicebank-demand/16k/noisy_test/p232_236.wav,/tmp/exp_mask_df_v4_full_eval_txdanchi/p232_236.wav,2.8033106458981223,3.529251893746807,4.131201638400858,3.8049116134643555,3.1515614986419678,3.2177846431732178,0.41459344974963924,3.0006566047668457,0.04764469267077592,2.0735629661717017,12.086443791296954,10.008344571006022,5.579969898226722,-4.4283746727793005,0.9096389237994095,38.286403831241245
p232_237,/home/vpopescu/projects/ultra-low-power-se/datasets/datasets/voicebank-demand/16k/clean_test/p232_237.wav,/home/vpopescu/projects/ultra-low-power-se/datasets/datasets/voicebank-demand/16k/noisy_test/p232_237.wav,/tmp/exp_mask_df_v4_full_eval_txdanchi/p232_237.wav,2.8652653636618375,3.4510109256763783,4.234060625453808,3.9859421253204346,3.4763455390930176,3.7308385372161865,0.26470412871643373,2.658322334289551,1.7142432919893424,3.107114920748563,9.417200164285678,6.30763885786786,5.33137310606352,-0.9762657518043403,0.9530328861903261,21.058577074842358
p232_238,/home/vpopescu/projects/ultra-low-power-se/datasets/datasets/voicebank-demand/16k/clean_test/p232_238.wav,/home/vpopescu/projects/ultra-low-power-se/datasets/datasets/voicebank-demand/16k/noisy_test/p232_238.wav,/tmp/exp_mask_df_v4_full_eval_txdanchi/p232_238.wav,2.5762049265116844,3.360989720633015,4.0766526673782195,3.863821268081665,3.5875320434570312,3.410494327545166,0.32937116982376063,2.699279308319092,-1.7580714166786,6.1448076116074954,6.63389325244513,0.46322128132731094,4.8775362529064905,4.41431497157918,0.9559413484474366,33.89886908772698
p232_239,/home/vpopescu/projects/ultra-low-power-se/datasets/datasets/voicebank-demand/16k/clean_test/p232_239.wav,/home/vpopescu/projects/ultra-low-power-se/datasets/datasets/voicebank-demand/16k/noisy_test/p232_239.wav,/tmp/exp_mask_df_v4_full_eval_txdanchi/p232_239.wav,2.4371874857832685,2.7181438287580963,3.4653482672392437,3.9034669399261475,3.508681058883667,3.5965237617492676,0.49283786023018533,2.0608274936676025,1.59684544470831,-5.338784988680727,10.23936284511085,15.608219669119684,5.6594214257990005,-9.948798243320685,0.963559307581161,40.355617029495576
p232_240,/home/vpopescu/projects/ultra-low-power-se/datasets/datasets/voicebank-demand/16k/clean_test/p232_240.wav,/home/vpopescu/projects/ultra-low-power-se/datasets/datasets/voicebank-demand/16k/noisy_test/p232_240.wav,/tmp/exp_mask_df_v4_full_eval_txdanchi/p232_240.wav,2.6737874490962605,2.8946266205029016,3.693987160138351,3.4756743907928467,3.2296335697174072,3.6917576789855957,0.43393984152565507,2.1073596477508545,3.271273564234178,-0.755391463225946,10.748725604599862,11.492798314148258,5.876177288672685,-5.616621025475573,0.9489730915569071,24.80295672505729
p232_241,/home/vpopescu/projects/ultra-low-power-se/datasets/datasets/voicebank-demand/16k/clean_test/p232_241.wav,/home/vpopescu/projects/ultra-low-power-se/datasets/datasets/voicebank-demand/16k/noisy_test/p232_241.wav,/tmp/exp_mask_df_v4_full_eval_txdanchi/p232_241.wav,2.0000630897094633,2.1484231779567784,2.813209859170778,2.965681791305542,3.1564152240753174,3.4953417778015137,0.7851761375875074,1.6239442825317383,-0.9419125445117524,2.3484369185025917,7.418408084275362,5.13514822615943,5.226743183491335,0.09159495733190504,0.8426419240097667,50.12025529092386
p232_242,/home/vpopescu/projects/ultra-low-power-se/datasets/datasets/voicebank-demand/16k/clean_test/p232_242.wav,/home/vpopescu/projects/ultra-low-power-se/datasets/datasets/voicebank-demand/16k/noisy_test/p232_242.wav,/tmp/exp_mask_df_v4_full_eval_txdanchi/p232_242.wav,1.6683500518426497,1.5435902963987753,1.9056836364938627,2.2890048027038574,2.718198299407959,3.259782075881958,1.4433384316462627,1.3598095178604126,-3.3265366542644,4.2161714369300345,4.715815704697586,0.5476007942141616,5.040508898714795,4.492908104500634,0.7841699330811446,58.009584067995746
p232_243,/home/vpopescu/projects/ultra-low-power-se/datasets/datasets/voicebank-demand/16k/clean_test/p232_243.wav,/home/vpopescu/projects/ultra-low-power-se/datasets/datasets/voicebank-demand/16k/noisy_test/p232_243.wav,/tmp/exp_mask_df_v4_full_eval_txdanchi/p232_243.wav,2.707286235617199,3.030675303938396,3.748295827925561,3.4648163318634033,3.030174493789673,3.345782518386841,0.4635178027887837,2.3611700534820557,2.720514668882197,-4.069129417178047,11.712565139624152,15.773647247759772,6.4697704313884055,-9.303876816371368,0.9582146201140596,32.39221058382888
p232_244,/home/vpopescu/projects/ultra-low-power-se/datasets/datasets/voicebank-demand/16k/clean_test/p232_244.wav,/home/vpopescu/projects/ultra-low-power-se/datasets/datasets/voicebank-demand/16k/noisy_test/p232_244.wav,/tmp/exp_mask_df_v4_full_eval_txdanchi/p232_244.wav,2.450589896759967,2.5664621628596356,3.3527810950155414,3.055633783340454,2.82364821434021,3.438851833343506,0.5440958760047387,1.8259798288345337,2.5816833240444126,-1.7617992858720388,9.656972333733233,11.366423417371356,5.977034743004835,-5.389388674366521,0.9348391607244759,31.267787262533993
p232_245,/home/vpopescu/projects/ultra-low-power-se/datasets/datasets/voicebank-demand/16k/clean_test/p232_245.wav,/home/vpopescu/projects/ultra-low-power-se/datasets/datasets/voicebank-demand/16k/noisy_test/p232_245.wav,/tmp/exp_mask_df_v4_full_eval_txdanchi/p232_245.wav,2.213678641337223,2.265369343014724,2.780989682516287,3.705244541168213,3.482520818710327,3.491619348526001,1.096887321931432,1.7790918350219727,-1.1354600072096652,4.799712424280109,10.189345135964906,5.345352819311692,6.3729690832548105,1.0276162639431181,0.8540028927359091,28.4561821927244
p232_246,/home/vpopescu/projects/ultra-low-power-se/datasets/datasets/voicebank-demand/16k/clean_test/p232_246.wav,/home/vpopescu/projects/ultra-low-power-se/datasets/datasets/voicebank-demand/16k/noisy_test/p232_246.wav,/tmp/exp_mask_df_v4_full_eval_txdanchi/p232_246.wav,1.7549822386830667,1.833246266508951,2.4642571962693056,2.254720449447632,2.949179172515869,2.5884242057800293,0.9147230466247384,1.3825098276138306,-2.1352621280639252,5.0594456756506005,6.068040117147549,1.0480235478166473,5.198863623954976,4.150840076138328,0.8666572692979271,57.90513497833095
p232_247,/home/vpopescu/projects/ultra-low-power-se/datasets/datasets/voicebank-demand/16k/clean_test/p232_247.wav,/home/vpopescu/projects/ultra-low-power-se/datasets/datasets/voicebank-demand/16k/noisy_test/p232_247.wav,/tmp/exp_mask_df_v4_full_eval_txdanchi/p232_247.wav,2.693494515104841,3.053740665011389,3.853035912795144,3.703232526779175,2.794222593307495,3.04083251953125,0.36106550879258853,2.2752809524536133,2.5223044610155276,-3.1603987504347177,12.062617192600024,15.22223365317359,5.572130133891174,-9.650103519282414,0.94081135254029,26.713565887423492
p232_248,/home/vpopescu/projects/ultra-low-power-se/datasets/datasets/voicebank-demand/16k/clean_test/p232_248.wav,/home/vpopescu/projects/ultra-low-power-se/datasets/datasets/voicebank-demand/16k/noisy_test/p232_248.wav,/tmp/exp_mask_df_v4_full_eval_txdanchi/p232_248.wav,2.9465433834368575,3.2363547206313865,4.067423008133382,3.8113465309143066,3.27469539642334,3.5830750465393066,0.3119961507542554,2.364616870880127,4.502799212652287,-0.1762837312848422,11.435754144341256,11.60300606353129,5.959405902595176,-5.6436001609361135,0.9330723404873992,14.488547320133936
p232_249,/home/vpopescu/projects/ultra-low-power-se/datasets/datasets/voicebank-demand/16k/clean_test/p232_249.wav,/home/vpopescu/projects/ultra-low-power-se/datasets/datasets/voicebank-demand/16k/noisy_test/p232_249.wav,/tmp/exp_mask_df_v4_full_eval_txdanchi/p232_249.wav,2.4926197640504903,2.7802582774916234,3.610275887119467,3.862056016921997,3.176955223083496,3.1377813816070557,0.4511265844467214,1.9460052251815796,1.233783872325757,3.168902633648595,9.32117878942422,6.161670533805676,5.545584504482194,-0.6160860293234824,0.9599409905387936,21.328445363260983
p232_250,/home/vpopescu/projects/ultra-low-power-se/datasets/datasets/voicebank-demand/16k/clean_test/p232_250.wav,/home/vpopescu/projects/ultra-low-power-se/datasets/datasets/voicebank-demand/16k/noisy_test/p232_250.wav,/tmp/exp_mask_df_v4_full_eval_txdanchi/p232_250.wav,2.4494075920921006,2.6299641118231376,3.3025614579092286,3.450836420059204,3.34708833694458,3.4691436290740967,0.7035570382249161,1.994383692741394,1.1331070511784487,6.46542264300034,7.693730249023261,1.2338204967335602,5.96831770690989,4.734497210176329,0.9218562564089837,29.89907960893253
p232_251,/home/vpopescu/projects/ultra-low-power-se/datasets/datasets/voicebank-demand/16k/clean_test/p232_251.wav,/home/vpopescu/projects/ultra-low-power-se/datasets/datasets/voicebank-demand/16k/noisy_test/p232_251.wav,/tmp/exp_mask_df_v4_full_eval_txdanchi/p232_251.wav,2.9880825760603544,3.426343351741022,4.221668839182368,3.7887463569641113,3.8302249908447266,3.9405429363250732,0.2772213065069496,2.6028501987457275,3.6656179425020183,-4.702020438638883,11.584402490941697,16.283026468282515,5.7290267896271,-10.553999678655416,0.9380016587434551,17.287678473961517
p232_252,/home/vpopescu/projects/ultra-low-power-se/datasets/datasets/voicebank-demand/16k/clean_test/p232_252.wav,/home/vpopescu/projects/ultra-low-power-se/datasets/datasets/voicebank-demand/16k/noisy_test/p232_252.wav,/tmp/exp_mask_df_v4_full_eval_txdanchi/p232_252.wav,2.6205768964013565,2.959060488607164,3.7290900535172486,3.3217458724975586,2.982787609100342,3.6109161376953125,0.43820812777237594,2.214207649230957,1.9238055186231702,-0.3063892642306367,10.651106111133085,10.963280253074778,5.910794391190041,-5.052485861884737,0.9387171923273073,27.573443943471492
p232_253,/home/vpopescu/projects/ultra-low-power-se/datasets/datasets/voicebank-demand/16k/clean_test/p232_253.wav,/home/vpopescu/projects/ultra-low-power-se/datasets/datasets/voicebank-demand/16k/noisy_test/p232_253.wav,/tmp/exp_mask_df_v4_full_eval_txdanchi/p232_253.wav,2.419788796547642,2.471612642030795,3.174994391839347,3.1916322708129883,3.4747183322906494,3.5934884548187256,0.6860696265782542,1.8334002494812012,2.4830220204624585,3.204597348356068,9.571770392771995,6.346587850162146,6.027282175629123,-0.31930567453302316,0.895662821493691,35.28670142764377
p232_254,/home/vpopescu/projects/ultra-low-power-se/datasets/datasets/voicebank-demand/16k/clean_test/p232_254.wav,/home/vpopescu/projects/ultra-low-power-se/datasets/datasets/voicebank-demand/16k/noisy_test/p232_254.wav,/tmp/exp_mask_df_v4_full_eval_txdanchi/p232_254.wav,2.1512945484160864,2.2479359248639685,3.0363856837739043,3.464268207550049,3.6181137561798096,3.5468287467956543,0.6676318960278408,1.5043712854385376,0.21365877975024763,5.4423253197389645,6.758844298520535,1.3906960709656213,5.493519369248156,4.102823298282535,0.8902583432763472,30.750775592542816
p232_255,/home/vpopescu/projects/ultra-low-power-se/datasets/datasets/voicebank-demand/16k/clean_test/p232_255.wav,/home/vpopescu/projects/ultra-low-power-se/datasets/datasets/voicebank-demand/16k/noisy_test/p232_255.wav,/tmp/exp_mask_df_v4_full_eval_txdanchi/p232_255.wav,2.9199262585931276,3.40925968624387,4.19406376531562,3.8729817867279053,2.864103317260742,3.4848573207855225,0.28174928999903637,2.612020969390869,2.8657427438185,-4.456511797653331,11.275990780532313,15.733759603847083,5.704740575671879,-10.029019028175204,0.9349050345235455,20.451651090896167
p232_256,/home/vpopescu/projects/ultra-low-power-se/datasets/datasets/voicebank-demand/16k/clean_test/p232_256.wav,/home/vpopescu/projects/ultra-low-power-se/datasets/datasets/voicebank-demand/16k/noisy_test/p232_256.wav,/tmp/exp_mask_df_v4_full_eval_txdanchi/p232_256.wav,2.8916171375028275,3.37547537868602,4.152136354220212,3.767824411392212,3.2464194297790527,3.5397706031799316,0.3045984976700344,2.588918924331665,2.6470447026381643,-0.14755614311892273,10.745554659533536,10.896444363702267,5.929855069395097,-4.9665892943071706,0.9286025123648983,20.949989227701877
p232_257,/home/vpopescu/projects/ultra-low-power-se/datasets/datasets/voicebank-demand/16k/clean_test/p232_257.wav,/home/vpopescu/projects/ultra-low-power-se/datasets/datasets/voicebank-demand/16k/noisy_test/p232_257.wav,/tmp/exp_mask_df_v4_full_eval_txdanchi/p232_257.wav,2.382137856610149,2.812430554099376,3.5314922913867037,3.753420829772949,3.381697654724121,3.254014015197754,0.5493844400622835,2.1398069858551025,-0.8231848639126577,3.038935755890577,8.373314998742053,5.3063436276466325,5.208424652509276,-0.09791897513735659,0.9628724537189399,31.832748028870384
p232_258,/home/vpopescu/projects/ultra-low-power-se/datasets/datasets/voicebank-demand/16k/clean_test/p232_258.wav,/home/vpopescu/projects/ultra-low-power-se/datasets/datasets/voicebank-demand/16k/noisy_test/p232_258.wav,/tmp/exp_mask_df_v4_full_eval_txdanchi/p232_258.wav,2.260060291775293,2.3735439030445256,3.1597470923647433,3.424139976501465,3.5183725357055664,3.6926565170288086,0.5939703010622215,1.6558573246002197,1.3312530116060626,5.828221804200128,7.233438062077386,1.3605224804600105,5.82710813847219,4.46658565801218,0.9299035423233335,35.615492730684814
p232_259,/home/vpopescu/projects/ultra-low-power-se/datasets/datasets/voicebank-demand/16k/clean_test/p232_259.wav,/home/vpopescu/projects/ultra-low-power-se/datasets/datasets/voicebank-demand/16k/noisy_test/p232_259.wav,/tmp/exp_mask_df_v4_full_eval_txdanchi/p232_259.wav,2.75172814773744,3.030434440944152,3.84861481427608,3.9221787452697754,3.1043763160705566,3.4778645038604736,0.3552006960986838,2.221184015274048,3.5834622759583463,-5.661253719101206,10.907053125316752,16.561235710926915,5.515642591733332,-11.045593119193583,0.9573937159105772,24.25084784984725
p232_260,/home/vpopescu/projects/ultra-low-power-se/datasets/datasets/voicebank-demand/16k/clean_test/p232_260.wav,/home/vpopescu/projects/ultra-low-power-se/datasets/datasets/voicebank-demand/16k/noisy_test/p232_260.wav,/tmp/exp_mask_df_v4_full_eval_txdanchi/p232_260.wav,2.2668795723822868,2.3714836171390994,3.083380757020163,3.1234850883483887,3.48747181892395,3.6231307983398438,0.7090216661335689,1.7277698516845703,0.9104381537088035,-1.1537272544676167,9.736503046336473,10.893275809250472,5.727465835868192,-5.16580997338228,0.947193408785617,35.76457434379893
p232_261,/home/vpopescu/projects/ultra-low-power-se/datasets/datasets/voicebank-demand/16k/clean_test/p232_261.wav,/home/vpopescu/projects/ultra-low-power-se/datasets/datasets/voicebank-demand/16k/noisy_test/p232_261.wav,/tmp/exp_mask_df_v4_full_eval_txdanchi/p232_261.wav,2.202964469624086,2.1515157493829884,2.9143055440363383,2.974212646484375,3.2138757705688477,3.4082634449005127,0.7264724227306295,1.4495062828063965,1.8013237187413806,1.643746025992015,8.123946982163492,6.606450461703451,5.998199024579036,-0.608251437124415,0.8652089213638725,33.91184683401119
p232_263,/home/vpopescu/projects/ultra-low-power-se/datasets/datasets/voicebank-demand/16k/clean_test/p232_263.wav,/home/vpopescu/projects/ultra-low-power-se/datasets/datasets/voicebank-demand/16k/noisy_test/p232_263.wav,/tmp/exp_mask_df_v4_full_eval_txdanchi/p232_263.wav,1.8882267549006266,1.7157332353643908,2.34143878494628,2.992767095565796,3.2126026153564453,3.5234603881835938,1.0261868344574296,1.2214195728302002,0.10301683507154355,4.1557840287720555,5.713980719761569,1.5000178131672919,5.373347038268723,3.8733292251014313,0.80717030604008,48.0145516459595
p232_264,/home/vpopescu/projects/ultra-low-power-se/datasets/datasets/voicebank-demand/16k/clean_test/p232_264.wav,/home/vpopescu/projects/ultra-low-power-se/datasets/datasets/voicebank-demand/16k/noisy_test/p232_264.wav,/tmp/exp_mask_df_v4_full_eval_txdanchi/p232_264.wav,2.852677446304796,3.0760564024174473,3.8425180555342577,3.7307136058807373,3.08718204498291,3.86124849319458,0.43838202114225056,2.2996957302093506,4.193173854618646,-4.697290399000778,11.933139266815456,16.621955520392223,6.1586052509477565,-10.463350269444467,0.9561779069796634,20.678152225178312
p232_265,/home/vpopescu/projects/ultra-low-power-se/datasets/datasets/voicebank-demand/16k/clean_test/p232_265.wav,/home/vpopescu/projects/ultra-low-power-se/datasets/datasets/voicebank-demand/16k/noisy_test/p232_265.wav,/tmp/exp_mask_df_v4_full_eval_txdanchi/p232_265.wav,2.349551502318138,2.441660765371953,3.202253006710341,3.2309563159942627,3.5017075538635254,3.717426300048828,0.588082326784604,1.7652454376220703,2.2861562497600953,-0.8910459542914015,9.889823364427242,10.832682538358133,5.632359543489307,-5.200322994868826,0.9165301127993538,38.89480865715668
p232_266,/home/vpopescu/projects/ultra-low-power-se/datasets/datasets/voicebank-demand/16k/clean_test/p232_266.wav,/home/vpopescu/projects/ultra-low-power-se/datasets/datasets/voicebank-demand/16k/noisy_test/p232_266.wav,/tmp/exp_mask_df_v4_full_eval_txdanchi/p232_266.wav,2.3945952959745758,2.530703416870459,3.242710363990735,3.629865884780884,3.1686410903930664,3.5514278411865234,0.6839772836363888,1.854311227798462,1.2707187519425927,2.386491432353223,8.617065548869137,6.263912116909901,5.965201694725626,-0.2987104221842749,0.9022857244342015,29.402964612210354
p232_267,/home/vpopescu/projects/ultra-low-power-se/datasets/datasets/voicebank-demand/16k/clean_test/p232_267.wav,/home/vpopescu/projects/ultra-low-power-se/datasets/datasets/voicebank-demand/16k/noisy_test/p232_267.wav,/tmp/exp_mask_df_v4_full_eval_txdanchi/p232_267.wav,1.927601694745814,1.8027642966356596,2.37388484817006,2.8605353832244873,3.0515859127044678,3.412499189376831,1.0633392371094688,1.3734521865844727,-0.16624486153604723,2.777462430634838,4.504976677590547,1.6837048883184127,5.071356369145837,3.3876514808274245,0.8748076971683841,50.34786059497042
p232_268,/home/vpopescu/projects/ultra-low-power-se/datasets/datasets/voicebank-demand/16k/clean_test/p232_268.wav,/home/vpopescu/projects/ultra-low-power-se/datasets/datasets/voicebank-demand/16k/noisy_test/p232_268.wav,/tmp/exp_mask_df_v4_full_eval_txdanchi/p232_268.wav,3.1766283013078516,3.702951776251238,4.4773252809333055,4.057886600494385,3.644352912902832,3.9737637042999268,0.23521046542949126,2.8703432083129883,3.9976348551597107,-5.182676485623293,10.759512800538145,15.946577494391573,5.33426447345848,-10.612313020933094,0.9499294372150568,11.606678305831158
p232_269,/home/vpopescu/projects/ultra-low-power-se/datasets/datasets/voicebank-demand/16k/clean_test/p232_269.wav,/home/vpopescu/projects/ultra-low-power-se/datasets/datasets/voicebank-demand/16k/noisy_test/p232_269.wav,/tmp/exp_mask_df_v4_full_eval_txdanchi/p232_269.wav,2.744854746152782,2.9557139762600673,3.874647153082729,4.070316314697266,3.595383405685425,3.950117588043213,0.28738514784508085,1.9967365264892578,4.046546323143185,-0.6814634789110467,10.807632618116063,11.492562538716616,5.815740160442232,-5.676822378274384,0.9438066352347396,14.073961695300545
p232_270,/home/vpopescu/projects/ultra-low-power-se/datasets/datasets/voicebank-demand/16k/clean_test/p232_270.wav,/home/vpopescu/projects/ultra-low-power-se/datasets/datasets/voicebank-demand/16k/noisy_test/p232_270.wav,/tmp/exp_mask_df_v4_full_eval_txdanchi/p232_270.wav,2.883040539760186,3.3458543579854996,4.138073436157067,4.004233360290527,3.104735851287842,3.538015127182007,0.30512493102975713,2.532862424850464,2.6858449208500352,3.2172086341995803,9.71593220200466,6.502027866682333,5.822186715278457,-0.6798411514038758,0.93424100404173,18.696561333126873
p232_271,/home/vpopescu/projects/ultra-low-power-se/datasets/datasets/voicebank-demand/16k/clean_test/p232_271.wav,/home/vpopescu/projects/ultra-low-power-se/datasets/datasets/voicebank-demand/16k/noisy_test/p232_271.wav,/tmp/exp_mask_df_v4_full_eval_txdanchi/p232_271.wav,2.574018680867487,2.9193933704842197,3.6573369282054995,3.5902578830718994,3.5472888946533203,3.472853660583496,0.5251239379080479,2.1876604557037354,0.970267034753465,6.17706294850535,7.6124702484720785,1.432884319360364,5.6496150942088565,4.216730774848493,0.9400545341965563,23.82997716405243
p232_272,/home/vpopescu/projects/ultra-low-power-se/datasets/datasets/voicebank-demand/16k/clean_test/p232_272.wav,/home/vpopescu/projects/ultra-low-power-se/datasets/datasets/voicebank-demand/16k/noisy_test/p232_272.wav,/tmp/exp_mask_df_v4_full_eval_txdanchi/p232_272.wav,2.873884815770881,3.216603685765283,4.079991140341653,3.801919937133789,3.1477959156036377,3.3174057006835938,0.24993383588439141,2.3299989700317383,3.987693162431252,-3.0500348154276207,12.879499821863456,15.93835077759669,5.973547680550896,-9.964803097045795,0.891019331339955,17.868480162494073
p232_273,/home/vpopescu/projects/ultra-low-power-se/datasets/datasets/voicebank-demand/16k/clean_test/p232_273.wav,/home/vpopescu/projects/ultra-low-power-se/datasets/datasets/voicebank-demand/16k/noisy_test/p232_273.wav,/tmp/exp_mask_df_v4_full_eval_txdanchi/p232_273.wav,2.4702802581233225,2.6984970329968334,3.4508260302936478,3.1368815898895264,3.373234510421753,3.30119252204895,0.5348643496066285,1.9999067783355713,1.7762253118036084,0.2637289829299583,10.985883074043937,10.733795584299742,6.153569769926259,-4.580225814373483,0.9324112132609661,33.08248236638679
p232_274,/home/vpopescu/projects/ultra-low-power-se/datasets/datasets/voicebank-demand/16k/clean_test/p232_274.wav,/home/vpopescu/projects/ultra-low-power-se/datasets/datasets/voicebank-demand/16k/noisy_test/p232_274.wav,/tmp/exp_mask_df_v4_full_eval_txdanchi/p232_274.wav,2.4739458904852922,2.628561421712435,3.4411522918450483,3.180321455001831,3.216653347015381,3.585491895675659,0.4851402536240973,1.856827974319458,2.6059588336473434,2.702840413751538,9.124592866175815,6.436821197905434,6.02371761967365,-0.4131035782317847,0.8748938693521495,30.256183965598712
p232_275,/home/vpopescu/projects/ultra-low-power-se/datasets/datasets/voicebank-demand/16k/clean_test/p232_275.wav,/home/vpopescu/projects/ultra-low-power-se/datasets/datasets/voicebank-demand/16k/noisy_test/p232_275.wav,/tmp/exp_mask_df_v4_full_eval_txdanchi/p232_275.wav,2.1051102464541214,2.05084559975235,2.747545412058285,3.2686564922332764,3.2230076789855957,3.7905492782592773,0.8422403466007022,1.4365670680999756,0.8380161985857844,5.5410457095060535,7.0530422305377165,1.4991981479518586,5.645101631310241,4.145903483358382,0.8762261265174195,38.33769037265305
p232_276,/home/vpopescu/projects/ultra-low-power-se/datasets/datasets/voicebank-demand/16k/clean_test/p232_276.wav,/home/vpopescu/projects/ultra-low-power-se/datasets/datasets/voicebank-demand/16k/noisy_test/p232_276.wav,/tmp/exp_mask_df_v4_full_eval_txdanchi/p232_276.wav,2.876661060785998,3.2154365734433914,4.06441810244954,3.8927793502807617,3.091777801513672,3.7537407875061035,0.2640375179797539,2.350471258163452,4.041926659625744,-4.75870932591603,11.551139990564254,16.30559372304743,6.22225461585728,-10.083339107190149,0.9554513511171858,19.35794002465055
p232_277,/home/vpopescu/projects/ultra-low-power-se/datasets/datasets/voicebank-demand/16k/clean_test/p232_277.wav,/home/vpopescu/projects/ultra-low-power-se/datasets/datasets/voicebank-demand/16k/noisy_test/p232_277.wav,/tmp/exp_mask_df_v4_full_eval_txdanchi/p232_277.wav,2.555714330750504,2.7985856658256907,3.751527136957388,3.9920475482940674,3.4701783657073975,3.6922013759613037,0.2594808391151879,1.838038444519043,2.9414769310406976,-0.8213529354960283,10.652482288694674,11.475379427590646,5.459172018332344,-6.0162074092583016,0.9156196510777872,20.3115846264518
p232_278,/home/vpopescu/projects/ultra-low-power-se/datasets/datasets/voicebank-demand/16k/clean_test/p232_278.wav,/home/vpopescu/projects/ultra-low-power-se/datasets/datasets/voicebank-demand/16k/noisy_test/p232_278.wav,/tmp/exp_mask_df_v4_full_eval_txdanchi/p232_278.wav,2.5206400711031374,3.0415841854528,3.8582955171533966,3.842137336730957,2.773578643798828,3.1890251636505127,0.3361945239549296,2.2482686042785645,0.03346226959530954,3.7819569348092843,9.345973897361233,5.5571943668380275,5.546524706950625,-0.010669659887402538,0.9523877500484471,27.16292067521725
p232_279,/home/vpopescu/projects/ultra-low-power-se/datasets/datasets/voicebank-demand/16k/clean_test/p232_279.wav,/home/vpopescu/projects/ultra-low-power-se/datasets/datasets/voicebank-demand/16k/noisy_test/p232_279.wav,/tmp/exp_mask_df_v4_full_eval_txdanchi/p232_279.wav,1.8518287669041484,1.8230657850946987,2.3703115886551003,3.2724015712738037,3.3649001121520996,3.6169369220733643,1.1224678492845066,1.391404390335083,-2.0785924029308758,5.424503529978528,6.292156333881885,0.8518008397520063,5.597301414772677,4.745500575020671,0.8058754995710493,45.187315755910866
p232_280,/home/vpopescu/projects/ultra-low-power-se/datasets/datasets/voicebank-demand/16k/clean_test/p232_280.wav,/home/vpopescu/projects/ultra-low-power-se/datasets/datasets/voicebank-demand/16k/noisy_test/p232_280.wav,/tmp/exp_mask_df_v4_full_eval_txdanchi/p232_280.wav,2.3801570847562443,2.352635865234132,3.1006005510416053,3.1010308265686035,3.1648550033569336,3.519728422164917,0.6534091344369188,1.6795377731323242,3.209279277852061,-5.793175002304251,10.511118472521389,16.3308027124631,5.845655293545626,-10.485147418917474,0.898720475513499,36.97808075795519
p232_281,/home/vpopescu/projects/ultra-low-power-se/datasets/datasets/voicebank-demand/16k/clean_test/p232_281.wav,/home/vpopescu/projects/ultra-low-power-se/datasets/datasets/voicebank-demand/16k/noisy_test/p232_281.wav,/tmp/exp_mask_df_v4_full_eval_txdanchi/p232_281.wav,2.212447102844787,2.284308503778595,2.95094342169815,3.017465114593506,2.8564298152923584,3.1492879390716553,0.7640045994625868,1.7277052402496338,0.982981868301237,-0.11725087179601701,9.67032397720025,9.835381533797467,6.151247659545351,-3.6841338742521152,0.8114666972893372,44.18912281393082
p232_282,/home/vpopescu/projects/ultra-low-power-se/datasets/datasets/voicebank-demand/16k/clean_test/p232_282.wav,/home/vpopescu/projects/ultra-low-power-se/datasets/datasets/voicebank-demand/16k/noisy_test/p232_282.wav,/tmp/exp_mask_df_v4_full_eval_txdanchi/p232_282.wav,2.6017850193402703,2.7590929968534206,3.6641006475282136,3.5684196949005127,3.076169490814209,3.5967984199523926,0.3441968834567697,1.8501790761947632,3.6741551757566935,3.4430800683268723,10.083233261043121,6.671700096401068,6.147034227577417,-0.524665868823651,0.9284541953375742,21.153193593356907
p232_283,/home/vpopescu/projects/ultra-low-power-se/datasets/datasets/voicebank-demand/16k/clean_test/p232_283.wav,/home/vpopescu/projects/ultra-low-power-se/datasets/datasets/voicebank-demand/16k/noisy_test/p232_283.wav,/tmp/exp_mask_df_v4_full_eval_txdanchi/p232_283.wav,1.7170365105893324,1.7286319942877606,2.2761967025351684,2.7117228507995605,3.1138126850128174,3.3647620677948,1.0837111697180137,1.3614684343338013,-2.559609913760275,5.106814427644137,5.570774500282879,0.3898342677456067,5.5804557463745565,5.19062147862895,0.7889480953103393,58.069996636475274
p232_284,/home/vpopescu/projects/ultra-low-power-se/datasets/datasets/voicebank-demand/16k/clean_test/p232_284.wav,/home/vpopescu/projects/ultra-low-power-se/datasets/datasets/voicebank-demand/16k/noisy_test/p232_284.wav,/tmp/exp_mask_df_v4_full_eval_txdanchi/p232_284.wav,2.787851240939391,3.1702739660732924,3.9351293227987103,3.569979429244995,3.5242316722869873,3.9569942951202393,0.382539196698898,2.4136478900909424,2.713969305015897,-5.316066892143338,11.056316015630205,16.392450688748767,5.533813718701573,-10.858636970047193,0.9519916651044569,24.407502391440115
p232_285,/home/vpopescu/projects/ultra-low-power-se/datasets/datasets/voicebank-demand/16k/clean_test/p232_285.wav,/home/vpopescu/projects/ultra-low-power-se/datasets/datasets/voicebank-demand/16k/noisy_test/p232_285.wav,/tmp/exp_mask_df_v4_full_eval_txdanchi/p232_285.wav,2.456507622752836,2.6844690558076163,3.2466659010523844,3.3397679328918457,3.2090063095092773,2.8205723762512207,0.7961481843810193,2.2065329551696777,0.7293170298829103,0.1979609536037632,10.722529115703608,10.510691639721529,5.653999116006333,-4.856692523715195,0.9106689182324457,39.73744324298468
p232_286,/home/vpopescu/projects/ultra-low-power-se/datasets/datasets/voicebank-demand/16k/clean_test/p232_286.wav,/home/vpopescu/projects/ultra-low-power-se/datasets/datasets/voicebank-demand/16k/noisy_test/p232_286.wav,/tmp/exp_mask_df_v4_full_eval_txdanchi/p232_286.wav,2.2109170115742716,2.3156039564451505,2.9509428961753623,2.8657445907592773,3.057694673538208,3.1817774772644043,0.8092944312420991,1.7819828987121582,0.37559863828638446,3.0391160534285504,8.98679582044981,6.004925332595579,6.006423413969529,0.001498081373950022,0.8983400550983797,42.647646888883195
p232_287,/home/vpopescu/projects/ultra-low-power-se/datasets/datasets/voicebank-demand/16k/clean_test/p232_287.wav,/home/vpopescu/projects/ultra-low-power-se/datasets/datasets/voicebank-demand/16k/noisy_test/p232_287.wav,/tmp/exp_mask_df_v4_full_eval_txdanchi/p232_287.wav,1.8320698136097533,1.8555531938440315,2.4703123696827793,3.088408946990967,3.5330636501312256,3.5490472316741943,0.9657525853160212,1.3910926580429077,-1.635895313270635,4.406611457790064,5.257376709978232,0.7983863725137188,5.118836500359385,4.320450127845666,0.883761102982206,51.9730103141009
p232_288,/home/vpopescu/projects/ultra-low-power-se/datasets/datasets/voicebank-demand/16k/clean_test/p232_288.wav,/home/vpopescu/projects/ultra-low-power-se/datasets/datasets/voicebank-demand/16k/noisy_test/p232_288.wav,/tmp/exp_mask_df_v4_full_eval_txdanchi/p232_288.wav,2.935763060329795,3.460728671932368,4.274959462258132,3.916975498199463,3.233389377593994,3.2729384899139404,0.2397207254339642,2.6140100955963135,2.652042511670353,-3.7912807644949353,11.660092893023146,15.445058124889835,5.310961648121518,-10.134096476768317,0.9630212398623491,16.401777657210655
p232_289,/home/vpopescu/projects/ultra-low-power-se/datasets/datasets/voicebank-demand/16k/clean_test/p232_289.wav,/home/vpopescu/projects/ultra-low-power-se/datasets/datasets/voicebank-demand/16k/noisy_test/p232_289.wav,/tmp/exp_mask_df_v4_full_eval_txdanchi/p232_289.wav,2.9679223632250733,3.4666902624565568,4.284034085454933,4.2328596115112305,3.188096523284912,3.6237900257110596,0.2444327710840279,2.606703281402588,2.9916586506688927,0.6997936743731294,12.172533578091926,11.474265767696464,6.028510712909077,-5.445755054787386,0.9537781114382913,14.365185753929179
p232_290,/home/vpopescu/projects/ultra-low-power-se/datasets/datasets/voicebank-demand/16k/clean_test/p232_290.wav,/home/vpopescu/projects/ultra-low-power-se/datasets/datasets/voicebank-demand/16k/noisy_test/p232_290.wav,/tmp/exp_mask_df_v4_full_eval_txdanchi/p232_290.wav,2.500293487462779,3.203986247409152,3.9458901863179596,3.901869058609009,3.12815260887146,3.280008316040039,0.36711538171856456,2.5023083686828613,-1.8000158543965339,4.128847658161434,8.896434014117808,4.758824678720222,5.013267280579676,0.2544426018594539,0.962645403332509,30.91555913437808
p232_291,/home/vpopescu/projects/ultra-low-power-se/datasets/datasets/voicebank-demand/16k/clean_test/p232_291.wav,/home/vpopescu/projects/ultra-low-power-se/datasets/datasets/voicebank-demand/16k/noisy_test/p232_291.wav,/tmp/exp_mask_df_v4_full_eval_txdanchi/p232_291.wav,2.3103995505697084,2.71560002442931,3.453442343311671,3.5930538177490234,2.8391542434692383,3.5140540599823,0.5639722860410681,2.0197737216949463,-1.1664805923552453,5.5503222177133695,6.110647920247495,0.5682262483957652,4.692346314771337,4.124120066375571,0.9561609390946486,30.794858726013633
p232_292,/home/vpopescu/projects/ultra-low-power-se/datasets/datasets/voicebank-demand/16k/clean_test/p232_292.wav,/home/vpopescu/projects/ultra-low-power-se/datasets/datasets/voicebank-demand/16k/noisy_test/p232_292.wav,/tmp/exp_mask_df_v4_full_eval_txdanchi/p232_292.wav,2.7653921873506193,3.2252670877959053,3.9263925639094697,3.947143793106079,3.6594290733337402,3.8669445514678955,0.4241023219909935,2.561875104904175,1.9161566666506529,-4.176548163757548,10.946686466433961,15.129749340216916,5.691935657136346,-9.43781368308057,0.9600430801286033,30.557426113223915
p232_293,/home/vpopescu/projects/ultra-low-power-se/datasets/datasets/voicebank-demand/16k/clean_test/p232_293.wav,/home/vpopescu/projects/ultra-low-power-se/datasets/datasets/voicebank-demand/16k/noisy_test/p232_293.wav,/tmp/exp_mask_df_v4_full_eval_txdanchi/p232_293.wav,2.5183662904553143,2.600094506677018,3.3702482160528313,3.1585443019866943,3.515747308731079,3.616683006286621,0.5662210656056009,1.8666565418243408,3.1549728153141032,-0.8984406955060855,10.719654769060256,11.60890686799085,6.001347729550024,-5.607559138440826,0.9297304220579209,29.52268912878699
p232_294,/home/vpopescu/projects/ultra-low-power-se/datasets/datasets/voicebank-demand/16k/clean_test/p232_294.wav,/home/vpopescu/projects/ultra-low-power-se/datasets/datasets/voicebank-demand/16k/noisy_test/p232_294.wav,/tmp/exp_mask_df_v4_full_eval_txdanchi/p232_294.wav,2.4112462276658526,2.574487027770781,3.3907677307619544,3.105809211730957,3.4655964374542236,3.631678342819214,0.49864416336538825,1.8009350299835205,2.0691927469302223,3.0217857405358712,9.521893711630502,6.516789930177829,5.873219473580786,-0.6435704565970433,0.9134392473280677,30.565694246124853
p232_295,/home/vpopescu/projects/ultra-low-power-se/datasets/datasets/voicebank-demand/16k/clean_test/p232_295.wav,/home/vpopescu/projects/ultra-low-power-se/datasets/datasets/voicebank-demand/16k/noisy_test/p232_295.wav,/tmp/exp_mask_df_v4_full_eval_txdanchi/p232_295.wav,2.1637724389274418,2.1812384784890497,2.9401738484900823,3.034295082092285,3.3725011348724365,3.6192402839660645,0.7120563168611506,1.4904574155807495,1.0371539857204424,5.4746254688884814,6.936832445501723,1.4358091697304654,6.065880959188162,4.630071789457697,0.8678706457802912,35.42955811722061
p232_296,/home/vpopescu/projects/ultra-low-power-se/datasets/datasets/voicebank-demand/16k/clean_test/p232_296.wav,/home/vpopescu/projects/ultra-low-power-se/datasets/datasets/voicebank-demand/16k/noisy_test/p232_296.wav,/tmp/exp_mask_df_v4_full_eval_txdanchi/p232_296.wav,2.8051384845974576,3.1077957838093884,3.9219703816502247,3.8033809661865234,3.4099621772766113,3.8698441982269287,0.32584548313256534,2.306812286376953,3.8863084296739774,-3.9770683670280995,12.020414672816901,15.996451194552746,6.10713618155261,-9.889315013000136,0.9326007860817095,25.193602765740895
p232_297,/home/vpopescu/projects/ultra-low-power-se/datasets/datasets/voicebank-demand/16k/clean_test/p232_297.wav,/home/vpopescu/projects/ultra-low-power-se/datasets/datasets/voicebank-demand/16k/noisy_test/p232_297.wav,/tmp/exp_mask_df_v4_full_eval_txdanchi/p232_297.wav,2.835538990386347,3.2476573821609755,4.051313767551754,3.9826085567474365,3.378723382949829,3.7685387134552,0.3154079108490011,2.4326179027557373,2.8866478106636357,0.2860115659072626,11.285274386785975,10.995977325118035,5.709584323884078,-5.286393001233957,0.9123935739761795,20.44445417181493
p232_298,/home/vpopescu/projects/ultra-low-power-se/datasets/datasets/voicebank-demand/16k/clean_test/p232_298.wav,/home/vpopescu/projects/ultra-low-power-se/datasets/datasets/voicebank-demand/16k/noisy_test/p232_298.wav,/tmp/exp_mask_df_v4_full_eval_txdanchi/p232_298.wav,2.369934644642301,2.816773137741984,3.5634336167410474,3.233690023422241,2.9386847019195557,3.2452433109283447,0.4896636324805052,2.1300415992736816,-0.6511534915429731,3.797818145883223,8.98696976993475,5.143670114971409,5.533926200415491,0.39025608544408286,0.9340829461027823,34.45750997761587
p232_299,/home/vpopescu/projects/ultra-low-power-se/datasets/datasets/voicebank-demand/16k/clean_test/p232_299.wav,/home/vpopescu/projects/ultra-low-power-se/datasets/datasets/voicebank-demand/16k/noisy_test/p232_299.wav,/tmp/exp_mask_df_v4_full_eval_txdanchi/p232_299.wav,2.4597005880550924,3.1372151483845756,3.922683766573645,3.9266185760498047,3.874358654022217,3.635334014892578,0.3259724664270812,2.3926095962524414,-1.619509923263492,6.84318413259675,7.123249691716702,0.32768153787910503,5.625432987483887,5.297751449604782,0.8897846246865369,30.848239112567796
p232_300,/home/vpopescu/projects/ultra-low-power-se/datasets/datasets/voicebank-demand/16k/clean_test/p232_300.wav,/home/vpopescu/projects/ultra-low-power-se/datasets/datasets/voicebank-demand/16k/noisy_test/p232_300.wav,/tmp/exp_mask_df_v4_full_eval_txdanchi/p232_300.wav,2.477538369227265,2.7900976822846344,3.484786795473817,3.1615917682647705,3.1169865131378174,3.495697498321533,0.5144905287822952,2.2113983631134033,1.700774618161557,-4.859405308429331,10.394332906306499,15.23660813566237,5.468751177501456,-9.767856958160914,0.868525422957179,45.808407040731446
p232_301,/home/vpopescu/projects/ultra-low-power-se/datasets/datasets/voicebank-demand/16k/clean_test/p232_301.wav,/home/vpopescu/projects/ultra-low-power-se/datasets/datasets/voicebank-demand/16k/noisy_test/p232_301.wav,/tmp/exp_mask_df_v4_full_eval_txdanchi/p232_301.wav,2.395018761988707,2.6207526946540325,3.361035802040695,3.311138153076172,2.8881895542144775,3.3448259830474854,0.561852082791468,1.9532134532928467,1.353946034479435,0.17523144142635516,10.463842851546714,10.28773492758619,5.632512686536849,-4.655222241049341,0.9492302779618792,36.84512412249681
p232_302,/home/vpopescu/projects/ultra-low-power-se/datasets/datasets/voicebank-demand/16k/clean_test/p232_302.wav,/home/vpopescu/projects/ultra-low-power-se/datasets/datasets/voicebank-demand/16k/noisy_test/p232_302.wav,/tmp/exp_mask_df_v4_full_eval_txdanchi/p232_302.wav,1.9909755972410557,1.8358678464063602,2.3237273230077635,2.9491240978240967,3.1074187755584717,3.400813102722168,1.1789871179324318,1.48883855342865,-0.026721374214941737,2.3721113270956984,7.667209193133344,5.319854166136747,5.804677389697676,0.48482322356092844,0.7440282419609419,50.42939781747108
p232_303,/home/vpopescu/projects/ultra-low-power-se/datasets/datasets/voicebank-demand/16k/clean_test/p232_303.wav,/home/vpopescu/projects/ultra-low-power-se/datasets/datasets/voicebank-demand/16k/noisy_test/p232_303.wav,/tmp/exp_mask_df_v4_full_eval_txdanchi/p232_303.wav,1.9278068368398962,1.8075888058905951,2.4364355617714386,2.7341015338897705,3.290780782699585,3.517348527908325,0.99691520212776,1.300018310546875,-0.08089785700450555,3.2040079985760785,4.944783577434322,1.6226623770923643,5.117056105422494,3.494393728330129,0.8244425018033561,46.07219294431805
p232_305,/home/vpopescu/projects/ultra-low-power-se/datasets/datasets/voicebank-demand/16k/clean_test/p232_305.wav,/home/vpopescu/projects/ultra-low-power-se/datasets/datasets/voicebank-demand/16k/noisy_test/p232_305.wav,/tmp/exp_mask_df_v4_full_eval_txdanchi/p232_305.wav,2.3896785299473255,1.9851903679233358,2.0448533824780073,3.1108436584472656,2.994546413421631,3.1284852027893066,1.836453860958519,2.014597177505493,1.317413686627377,-4.0898874103227225,11.87293887340786,15.96653067111,5.812670244752423,-10.153860426357577,0.9196329368899171,41.4708547368321
p232_306,/home/vpopescu/projects/ultra-low-power-se/datasets/datasets/voicebank-demand/16k/clean_test/p232_306.wav,/home/vpopescu/projects/ultra-low-power-se/datasets/datasets/voicebank-demand/16k/noisy_test/p232_306.wav,/tmp/exp_mask_df_v4_full_eval_txdanchi/p232_306.wav,2.2481682817315676,2.232856235837268,2.952792868170362,2.9347705841064453,3.1893765926361084,3.020885705947876,0.7564060061980126,1.576812982559204,1.6452383494885303,0.16600401232923012,10.944530407756854,10.78064736179172,6.64310704896004,-4.13754031283168,0.8403431889215687,34.742619992787
p232_307,/home/vpopescu/projects/ultra-low-power-se/datasets/datasets/voicebank-demand/16k/clean_test/p232_307.wav,/home/vpopescu/projects/ultra-low-power-se/datasets/datasets/voicebank-demand/16k/noisy_test/p232_307.wav,/tmp/exp_mask_df_v4_full_eval_txdanchi/p232_307.wav,2.0267991200549584,1.6045263895544986,1.9935638948889298,3.1786131858825684,2.9620306491851807,3.5149333477020264,1.4838893252951915,1.3029422760009766,0.7711669873276465,1.6336832486673085,8.783135215656582,7.116733431117294,5.84683116426482,-1.2699022668524735,0.8790911813289947,39.79868686787858
p232_308,/home/vpopescu/projects/ultra-low-power-se/datasets/datasets/voicebank-demand/16k/clean_test/p232_308.wav,/home/vpopescu/projects/ultra-low-power-se/datasets/datasets/voicebank-demand/16k/noisy_test/p232_308.wav,/tmp/exp_mask_df_v4_full_eval_txdanchi/p232_308.wav,1.8129474721637708,1.9100996528315766,2.548653260558303,2.0060513019561768,3.048475503921509,2.479083299636841,0.8810775465424767,1.444751262664795,-1.838574946129613,5.377742762087234,5.694845365792642,0.4895302124679738,5.5798615889694965,5.090331376501522,0.8101985572670087,56.5447728262622
p232_309,/home/vpopescu/projects/ultra-low-power-se/datasets/datasets/voicebank-demand/16k/clean_test/p232_309.wav,/home/vpopescu/projects/ultra-low-power-se/datasets/datasets/voicebank-demand/16k/noisy_test/p232_309.wav,/tmp/exp_mask_df_v4_full_eval_txdanchi/p232_309.wav,3.0576936930806973,3.4640904560275856,4.308913340945384,4.369388580322266,3.5795834064483643,3.758183479309082,0.22314347225262773,2.5596439838409424,4.386624793265948,-3.802909299436873,12.435398923962243,16.23896732412867,5.955156670644546,-10.283810653484124,0.9427722641946195,10.881927595861098
p232_310,/home/vpopescu/projects/ultra-low-power-se/datasets/datasets/voicebank-demand/16k/clean_test/p232_310.wav,/home/vpopescu/projects/ultra-low-power-se/datasets/datasets/voicebank-demand/16k/noisy_test/p232_310.wav,/tmp/exp_mask_df_v4_full_eval_txdanchi/p232_310.wav,2.6838437368744983,3.0489810917020415,3.889815753195044,3.748168468475342,3.3180692195892334,3.294025421142578,0.32622107958097524,2.205878257751465,2.367613376376617,0.8361884210503643,10.840104170081911,10.009738212952978,5.704404613536757,-4.305333599416222,0.9265949593060896,21.960816148918372
p232_311,/home/vpopescu/projects/ultra-low-power-se/datasets/datasets/voicebank-demand/16k/clean_test/p232_311.wav,/home/vpopescu/projects/ultra-low-power-se/datasets/datasets/voicebank-demand/16k/noisy_test/p232_311.wav,/tmp/exp_mask_df_v4_full_eval_txdanchi/p232_311.wav,2.590975051835121,3.0873959719250585,3.906878914362137,4.127192497253418,3.2160139083862305,3.2658355236053467,0.3313631974193693,2.2762975692749023,0.6074671108609262,3.3968427783965662,9.073588853359228,5.665388054896202,5.3820067299859895,-0.28338132491021284,0.9258172959963572,24.195087751788712
p232_312,/home/vpopescu/projects/ultra-low-power-se/datasets/datasets/voicebank-demand/16k/clean_test/p232_312.wav,/home/vpopescu/projects/ultra-low-power-se/datasets/datasets/voicebank-demand/16k/noisy_test/p232_312.wav,/tmp/exp_mask_df_v4_full_eval_txdanchi/p232_312.wav,2.6046710772046655,2.8321110574267827,3.547588603822201,4.090170383453369,3.363340139389038,3.5685300827026367,0.5853480250778778,2.130258321762085,2.054861938955738,6.264807484504258,7.642151733416832,1.3763491771394092,5.72519004305703,4.348840865917621,0.9242469973929992,25.292671821688923
p232_313,/home/vpopescu/projects/ultra-low-power-se/datasets/datasets/voicebank-demand/16k/clean_test/p232_313.wav,/home/vpopescu/projects/ultra-low-power-se/datasets/datasets/voicebank-demand/16k/noisy_test/p232_313.wav,/tmp/exp_mask_df_v4_full_eval_txdanchi/p232_313.wav,2.668751803084565,2.8818398859945478,3.720877531170271,3.475996494293213,3.037583351135254,3.6357569694519043,0.3907886893942288,2.0440871715545654,3.416581162198653,-5.178150134911078,10.768335958815902,15.94455913430833,5.270120303240162,-10.674438831068167,0.916846851991423,22.509496876718973
p232_314,/home/vpopescu/projects/ultra-low-power-se/datasets/datasets/voicebank-demand/16k/clean_test/p232_314.wav,/home/vpopescu/projects/ultra-low-power-se/datasets/datasets/voicebank-demand/16k/noisy_test/p232_314.wav,/tmp/exp_mask_df_v4_full_eval_txdanchi/p232_314.wav,2.3614075663294845,2.4913562949667667,3.2320920197100147,3.6682934761047363,2.289027214050293,3.1928207874298096,0.6345331833471978,1.804215908050537,1.5102997368488553,0.5285926797944942,11.144063956342007,10.604539286897614,6.013378793215974,-4.59116049368164,0.913379105855502,32.87950302002143
p232_315,/home/vpopescu/projects/ultra-low-power-se/datasets/datasets/voicebank-demand/16k/clean_test/p232_315.wav,/home/vpopescu/projects/ultra-low-power-se/datasets/datasets/voicebank-demand/16k/noisy_test/p232_315.wav,/tmp/exp_mask_df_v4_full_eval_txdanchi/p232_315.wav,2.3635339768560395,2.738491467569665,3.4369361001709793,3.964930772781372,3.573577404022217,3.735935688018799,0.6182750270728729,2.07951283454895,-0.8176763123401523,4.270687919851146,9.365680650969638,5.106392418605511,5.367072303038634,0.26067988443312284,0.8697418071905595,30.42279291156127
p232_316,/home/vpopescu/projects/ultra-low-power-se/datasets/datasets/voicebank-demand/16k/clean_test/p232_316.wav,/home/vpopescu/projects/ultra-low-power-se/datasets/datasets/voicebank-demand/16k/noisy_test/p232_316.wav,/tmp/exp_mask_df_v4_full_eval_txdanchi/p232_316.wav,1.7690123950981158,1.8734869148051176,2.6422707617241654,3.505112409591675,3.0274786949157715,3.336354970932007,0.7369945573488766,1.2427202463150024,-1.83247956388287,5.8896668351381685,6.271799834525924,0.31695516155144515,5.821600392937075,5.50464523138563,0.7833177327165061,49.08023858797637
p232_317,/home/vpopescu/projects/ultra-low-power-se/datasets/datasets/voicebank-demand/16k/clean_test/p232_317.wav,/home/vpopescu/projects/ultra-low-power-se/datasets/datasets/voicebank-demand/16k/noisy_test/p232_317.wav,/tmp/exp_mask_df_v4_full_eval_txdanchi/p232_317.wav,3.050631807110077,3.5792139703991115,4.368336398928062,3.9294588565826416,3.592574119567871,3.7406394481658936,0.22333535546474612,2.7645554542541504,3.509202670700374,-3.211744152310146,12.775472270399302,15.98015374255641,6.047285706007953,-9.932868036548458,0.9506324826274842,17.98649546821857
p232_318,/home/vpopescu/projects/ultra-low-power-se/datasets/datasets/voicebank-demand/16k/clean_test/p232_318.wav,/home/vpopescu/projects/ultra-low-power-se/datasets/datasets/voicebank-demand/16k/noisy_test/p232_318.wav,/tmp/exp_mask_df_v4_full_eval_txdanchi/p232_318.wav,2.8564212122965285,3.2800093680198805,4.066868096761359,4.037448406219482,2.7384486198425293,3.20522141456604,0.32947929166226086,2.480823040008545,2.840437794101032,-0.28976182408689155,10.888386938944997,11.17346595300618,5.96287755029166,-5.210588402714521,0.9524447289237835,20.337111693702965
p232_319,/home/vpopescu/projects/ultra-low-power-se/datasets/datasets/voicebank-demand/16k/clean_test/p232_319.wav,/home/vpopescu/projects/ultra-low-power-se/datasets/datasets/voicebank-demand/16k/noisy_test/p232_319.wav,/tmp/exp_mask_df_v4_full_eval_txdanchi/p232_319.wav,2.8265044534485706,3.2497268922916875,4.082091418748175,3.535825252532959,3.586317300796509,3.937138080596924,0.27694782696903447,2.40053653717041,2.856440022277169,3.491429067206333,9.722828123332159,6.216041075112387,6.112988064807217,-0.10305301030517011,0.9352363390595307,19.272533246049544
p232_320,/home/vpopescu/projects/ultra-low-power-se/datasets/datasets/voicebank-demand/16k/clean_test/p232_320.wav,/home/vpopescu/projects/ultra-low-power-se/datasets/datasets/voicebank-demand/16k/noisy_test/p232_320.wav,/tmp/exp_mask_df_v4_full_eval_txdanchi/p232_320.wav,2.3601311313465194,2.5299447225281653,3.2730840466449025,3.7792932987213135,3.320159912109375,3.46354079246521,0.6494196578539084,1.8113988637924194,0.7938249596392806,6.781957180543201,7.61498381703539,0.7906980153200207,5.864292583164728,5.073594567844707,0.8890442833820148,27.10407114336165
p232_321,/home/vpopescu/projects/ultra-low-power-se/datasets/datasets/voicebank-demand/16k/clean_test/p232_321.wav,/home/vpopescu/projects/ultra-low-power-se/datasets/datasets/voicebank-demand/16k/noisy_test/p232_321.wav,/tmp/exp_mask_df_v4_full_eval_txdanchi/p232_321.wav,2.6564865290044968,2.9125641555655046,3.7390559846452445,3.826533794403076,3.155479669570923,3.651174545288086,0.38505483005820684,2.0983691215515137,3.062555606294221,-5.283268105939136,11.017894356692583,16.290401307065107,5.338274636503896,-10.95212667056121,0.9516781946387476,24.782130613380325
p232_322,/home/vpopescu/projects/ultra-low-power-se/datasets/datasets/voicebank-demand/16k/clean_test/p232_322.wav,/home/vpopescu/projects/ultra-low-power-se/datasets/datasets/voicebank-demand/16k/noisy_test/p232_322.wav,/tmp/exp_mask_df_v4_full_eval_txdanchi/p232_322.wav,2.280519612658949,2.27730822673096,3.0267313989064375,3.1368255615234375,3.1572303771972656,3.2956273555755615,0.6930570323097999,1.5923185348510742,2.048481687010675,-0.693574425772093,10.676943913112954,11.377564640531725,5.946405102532877,-5.431159537998848,0.9023560827604288,34.808999040219554
p232_323,/home/vpopescu/projects/ultra-low-power-se/datasets/datasets/voicebank-demand/16k/clean_test/p232_323.wav,/home/vpopescu/projects/ultra-low-power-se/datasets/datasets/voicebank-demand/16k/noisy_test/p232_323.wav,/tmp/exp_mask_df_v4_full_eval_txdanchi/p232_323.wav,2.0907011515474503,1.968391835894856,2.5308138150633703,2.9019830226898193,3.310798168182373,3.6478543281555176,1.064259923751309,1.5023397207260132,0.45513211697350825,2.9118679170881627,8.931318887381986,6.046087788341966,6.174316552438482,0.12822876409651585,0.903331410126962,41.441508332702114
p232_324,/home/vpopescu/projects/ultra-low-power-se/datasets/datasets/voicebank-demand/16k/clean_test/p232_324.wav,/home/vpopescu/projects/ultra-low-power-se/datasets/datasets/voicebank-demand/16k/noisy_test/p232_324.wav,/tmp/exp_mask_df_v4_full_eval_txdanchi/p232_324.wav,2.019483852809682,2.0287764353121105,2.715453916822203,3.2413711547851562,3.2682597637176514,3.6983745098114014,0.8274574084655572,1.4578566551208496,0.059815088694038294,5.065093257268721,6.338233426687465,1.2940782893549463,5.571671659814262,4.277593370459316,0.9007285964866197,45.01999698940119
p232_325,/home/vpopescu/projects/ultra-low-power-se/datasets/datasets/voicebank-demand/16k/clean_test/p232_325.wav,/home/vpopescu/projects/ultra-low-power-se/datasets/datasets/voicebank-demand/16k/noisy_test/p232_325.wav,/tmp/exp_mask_df_v4_full_eval_txdanchi/p232_325.wav,2.5158781523477236,2.728794652871588,3.464132073108055,3.5185482501983643,2.6677844524383545,3.237133741378784,0.5837738068442222,2.017306327819824,1.7119123741107456,-3.8617070474283928,11.51001988494901,15.383321128312206,5.614633768640039,-9.768687359672168,0.9522109476533066,27.17782170273272
p232_326,/home/vpopescu/projects/ultra-low-power-se/datasets/datasets/voicebank-demand/16k/clean_test/p232_326.wav,/home/vpopescu/projects/ultra-low-power-se/datasets/datasets/voicebank-demand/16k/noisy_test/p232_326.wav,/tmp/exp_mask_df_v4_full_eval_txdanchi/p232_326.wav,2.3855639107078423,2.510962464885247,3.190019590898376,3.1054389476776123,3.1087512969970703,3.4134790897369385,0.6709240916678897,1.9287291765213013,1.9330595493825595,-0.10036575071368503,10.35320254720439,10.446040010711359,6.2145100796936745,-4.231529931017684,0.8522586715344938,41.73591246863447
p232_327,/home/vpopescu/projects/ultra-low-power-se/datasets/datasets/voicebank-demand/16k/clean_test/p232_327.wav,/home/vpopescu/projects/ultra-low-power-se/datasets/datasets/voicebank-demand/16k/noisy_test/p232_327.wav,/tmp/exp_mask_df_v4_full_eval_txdanchi/p232_327.wav,2.200394766511384,2.143156390779607,2.761169449101152,3.1072752475738525,3.1407206058502197,3.5640478134155273,0.9024695581051121,1.6280796527862549,1.3897779117946887,3.2663933617446563,9.497131406950448,6.204635853871755,6.443100151275839,0.23846429740408404,0.9442364455285243,42.769045137644426
p232_328,/home/vpopescu/projects/ultra-low-power-se/datasets/datasets/voicebank-demand/16k/clean_test/p232_328.wav,/home/vpopescu/projects/ultra-low-power-se/datasets/datasets/voicebank-demand/16k/noisy_test/p232_328.wav,/tmp/exp_mask_df_v4_full_eval_txdanchi/p232_328.wav,1.8789099680915888,1.7145799974614548,2.21034758399194,2.8033487796783447,2.857353448867798,3.449712038040161,1.2214071700622582,1.3539137840270996,-0.925407826426668,3.6349805901939756,4.925373250024415,1.388891447838443,5.021471537184702,3.632580089346259,0.8238868924364005,49.13716108692634
p232_329,/home/vpopescu/projects/ultra-low-power-se/datasets/datasets/voicebank-demand/16k/clean_test/p232_329.wav,/home/vpopescu/projects/ultra-low-power-se/datasets/datasets/voicebank-demand/16k/noisy_test/p232_329.wav,/tmp/exp_mask_df_v4_full_eval_txdanchi/p232_329.wav,2.7994964538210882,3.2411590175327403,4.129610037410396,4.069458484649658,2.69748854637146,2.8259716033935547,0.19720095581252797,2.3334736824035645,2.863753032671424,-3.4204645903922746,12.379600463342324,15.798282839468376,5.574569894876654,-10.223712944591721,0.9710902003724181,18.617201060873594
p232_330,/home/vpopescu/projects/ultra-low-power-se/datasets/datasets/voicebank-demand/16k/clean_test/p232_330.wav,/home/vpopescu/projects/ultra-low-power-se/datasets/datasets/voicebank-demand/16k/noisy_test/p232_330.wav,/tmp/exp_mask_df_v4_full_eval_txdanchi/p232_330.wav,2.7732892994434435,3.207533692924013,3.9774567571630173,4.170297145843506,2.9984078407287598,3.411818027496338,0.3698428520138803,2.43745493888855,2.11815605245841,0.5354610981608907,10.899932779748738,10.349664348494489,5.951638442535407,-4.398025905959082,0.9404250303838024,22.751141807166164
p232_331,/home/vpopescu/projects/ultra-low-power-se/datasets/datasets/voicebank-demand/16k/clean_test/p232_331.wav,/home/vpopescu/projects/ultra-low-power-se/datasets/datasets/voicebank-demand/16k/noisy_test/p232_331.wav,/tmp/exp_mask_df_v4_full_eval_txdanchi/p232_331.wav,3.0031381871828615,3.5945941306906386,4.322767573239571,3.7953970432281494,3.272926092147827,3.457414150238037,0.2632513220854306,2.8815598487854004,2.7941182561477644,4.001894247241525,9.881151518896479,5.876340350171528,5.370558034432546,-0.5057823157389825,0.9489160165158369,26.32526723912411
p232_332,/home/vpopescu/projects/ultra-low-power-se/datasets/datasets/voicebank-demand/16k/clean_test/p232_332.wav,/home/vpopescu/projects/ultra-low-power-se/datasets/datasets/voicebank-demand/16k/noisy_test/p232_332.wav,/tmp/exp_mask_df_v4_full_eval_txdanchi/p232_332.wav,2.3621364899038677,2.75324372558904,3.4392881042152816,3.8865575790405273,3.3023879528045654,3.4050092697143555,0.6302167098902639,2.1077263355255127,-1.0246298322562535,6.648431448026536,7.2840463669426665,0.6255654744348398,5.577575482909608,4.952010008474768,0.9534963504776597,30.68643129216896
p232_333,/home/vpopescu/projects/ultra-low-power-se/datasets/datasets/voicebank-demand/16k/clean_test/p232_333.wav,/home/vpopescu/projects/ultra-low-power-se/datasets/datasets/voicebank-demand/16k/noisy_test/p232_333.wav,/tmp/exp_mask_df_v4_full_eval_txdanchi/p232_333.wav,2.575746703308862,2.8781685687193184,3.655588823723922,3.571817398071289,2.8895137310028076,3.2639100551605225,0.4208297777432791,2.158512592315674,2.348363588447783,-4.235253546806593,11.32129956330565,15.554758468994105,5.721350179923955,-9.83340828907015,0.9065633046374423,33.995603127177226
p232_334,/home/vpopescu/projects/ultra-low-power-se/datasets/datasets/voicebank-demand/16k/clean_test/p232_334.wav,/home/vpopescu/projects/ultra-low-power-se/datasets/datasets/voicebank-demand/16k/noisy_test/p232_334.wav,/tmp/exp_mask_df_v4_full_eval_txdanchi/p232_334.wav,2.5894432853611526,2.8463270101160663,3.6268832672081466,3.4010517597198486,3.176009178161621,3.3811380863189697,0.465107987634599,2.0921974182128906,2.3671355766950346,-0.5403707805229452,10.950018760184246,11.48372489080337,6.009230550900448,-5.474494339902921,0.9439943796973413,27.679517410913757
p232_335,/home/vpopescu/projects/ultra-low-power-se/datasets/datasets/voicebank-demand/16k/clean_test/p232_335.wav,/home/vpopescu/projects/ultra-low-power-se/datasets/datasets/voicebank-demand/16k/noisy_test/p232_335.wav,/tmp/exp_mask_df_v4_full_eval_txdanchi/p232_335.wav,2.0943244312947353,2.0424626921984173,2.740471225793872,3.342604398727417,3.5356221199035645,3.75313663482666,0.8482412161875164,1.4228438138961792,0.6798756119422357,3.560786632408436,9.418038150816809,5.849745933320751,6.167294697398714,0.31754876407796306,0.8866605441911997,37.51815361428552
p232_336,/home/vpopescu/projects/ultra-low-power-se/datasets/datasets/voicebank-demand/16k/clean_test/p232_336.wav,/home/vpopescu/projects/ultra-low-power-se/datasets/datasets/voicebank-demand/16k/noisy_test/p232_336.wav,/tmp/exp_mask_df_v4_full_eval_txdanchi/p232_336.wav,1.9680909263888242,2.078142947345471,2.8120052649314182,2.8905107975006104,2.449977397918701,2.898900270462036,0.7275836222935043,1.4669874906539917,-0.6804750178899448,4.816332321445492,5.662313796766147,0.9613927419199595,5.221801462121619,4.26040872020166,0.8722584530741826,46.32273828810253
p232_337,/home/vpopescu/projects/ultra-low-power-se/datasets/datasets/voicebank-demand/16k/clean_test/p232_337.wav,/home/vpopescu/projects/ultra-low-power-se/datasets/datasets/voicebank-demand/16k/noisy_test/p232_337.wav,/tmp/exp_mask_df_v4_full_eval_txdanchi/p232_337.wav,2.971880906578697,3.351259166474875,4.214985344530336,3.8094990253448486,3.6064836978912354,3.903775215148926,0.21670135811393532,2.4467906951904297,4.282082572646953,-4.0652911355231325,12.35413767881214,16.42032151172512,6.016821115906743,-10.403500395818376,0.9571235112112897,14.493749685583737
p232_338,/home/vpopescu/projects/ultra-low-power-se/datasets/datasets/voicebank-demand/16k/clean_test/p232_338.wav,/home/vpopescu/projects/ultra-low-power-se/datasets/datasets/voicebank-demand/16k/noisy_test/p232_338.wav,/tmp/exp_mask_df_v4_full_eval_txdanchi/p232_338.wav,2.6063114392615376,2.972808686188616,3.8440272188167466,3.7702510356903076,3.1633036136627197,3.30157732963562,0.3093043043891092,2.0996835231781006,1.9323089096021764,-0.7526404062035859,10.323662642119903,11.117813457547383,5.376385058988125,-5.7414283985592585,0.9534820693882309,21.867535160361665
p232_339,/home/vpopescu/projects/ultra-low-power-se/datasets/datasets/voicebank-demand/16k/clean_test/p232_339.wav,/home/vpopescu/projects/ultra-low-power-se/datasets/datasets/voicebank-demand/16k/noisy_test/p232_339.wav,/tmp/exp_mask_df_v4_full_eval_txdanchi/p232_339.wav,2.5465515575346727,3.2696384366990245,3.913720645674808,4.059951305389404,3.0233426094055176,3.190988302230835,0.4949672935233349,2.662454128265381,-2.31567672230984,3.7302999099692737,8.395302358243619,4.677777484000301,5.538937223574306,0.8611597395740054,0.9486241272635534,30.60198318152281
p232_340,/home/vpopescu/projects/ultra-low-power-se/datasets/datasets/voicebank-demand/16k/clean_test/p232_340.wav,/home/vpopescu/projects/ultra-low-power-se/datasets/datasets/voicebank-demand/16k/noisy_test/p232_340.wav,/tmp/exp_mask_df_v4_full_eval_txdanchi/p232_340.wav,2.1191210695388123,2.6514104432550347,3.313077437301092,3.4304254055023193,3.300111770629883,3.0843303203582764,0.6436586605106244,2.085270404815674,-3.491415643221215,7.282406446160639,7.092506938951802,-0.1692644051316236,5.824595515329246,5.99385992046087,0.9335712971719383,41.66842834859186
p232_341,/home/vpopescu/projects/ultra-low-power-se/datasets/datasets/voicebank-demand/16k/clean_test/p232_341.wav,/home/vpopescu/projects/ultra-low-power-se/datasets/datasets/voicebank-demand/16k/noisy_test/p232_341.wav,/tmp/exp_mask_df_v4_full_eval_txdanchi/p232_341.wav,2.3785305089786206,2.4226665234010163,3.182785119135372,3.4547531604766846,2.811708927154541,3.400399923324585,0.6242680251568967,1.7227272987365723,2.5328664029227372,-5.0094998870210965,11.327939849502522,16.31515567136767,5.909317552113135,-10.405838119254534,0.9257504068187048,34.0719604573705
p232_342,/home/vpopescu/projects/ultra-low-power-se/datasets/datasets/voicebank-demand/16k/clean_test/p232_342.wav,/home/vpopescu/projects/ultra-low-power-se/datasets/datasets/voicebank-demand/16k/noisy_test/p232_342.wav,/tmp/exp_mask_df_v4_full_eval_txdanchi/p232_342.wav,2.229237910611078,1.9252590830881342,2.5522775267394837,3.1496543884277344,2.9939486980438232,3.6759345531463623,1.030738852478993,1.3530495166778564,2.8363131271009308,-1.4589978210259815,9.955720774749455,11.40407132552574,6.486728715213176,-4.917342610312564,0.8753323000056189,32.88678362404225
p232_343,/home/vpopescu/projects/ultra-low-power-se/datasets/datasets/voicebank-demand/16k/clean_test/p232_343.wav,/home/vpopescu/projects/ultra-low-power-se/datasets/datasets/voicebank-demand/16k/noisy_test/p232_343.wav,/tmp/exp_mask_df_v4_full_eval_txdanchi/p232_343.wav,2.034295271410037,1.9633814959591656,2.6470984040641157,3.05570125579834,3.3674404621124268,3.871985673904419,0.8785070983733722,1.3776516914367676,0.5017499076750477,2.696347005064828,8.874815496400503,6.192701234969077,5.7998761700284955,-0.3928250649405811,0.871691877720491,41.40464018289511
p232_344,/home/vpopescu/projects/ultra-low-power-se/datasets/datasets/voicebank-demand/16k/clean_test/p232_344.wav,/home/vpopescu/projects/ultra-low-power-se/datasets/datasets/voicebank-demand/16k/noisy_test/p232_344.wav,/tmp/exp_mask_df_v4_full_eval_txdanchi/p232_344.wav,1.7538100455291519,1.7567669907940657,2.359038731499674,3.1334328651428223,3.0794270038604736,3.2364137172698975,1.0358803849423812,1.2944848537445068,-2.3814469076342677,4.884369472876483,5.175713131678101,0.2746073722393776,5.170545870233534,4.895938497994156,0.8240850719268668,49.84607991139478
p232_346,/home/vpopescu/projects/ultra-low-power-se/datasets/datasets/voicebank-demand/16k/clean_test/p232_346.wav,/home/vpopescu/projects/ultra-low-power-se/datasets/datasets/voicebank-demand/16k/noisy_test/p232_346.wav,/tmp/exp_mask_df_v4_full_eval_txdanchi/p232_346.wav,2.6897150157226304,2.9316642645462965,3.733943830434823,3.795170307159424,3.137098550796509,3.3090527057647705,0.4215025948298074,2.1357712745666504,3.1847401493137717,-3.944041480650686,11.921788369222952,15.869442025873559,5.726337318832838,-10.14310470704072,0.9337948766583312,23.688897560999415
p232_347,/home/vpopescu/projects/ultra-low-power-se/datasets/datasets/voicebank-demand/16k/clean_test/p232_347.wav,/home/vpopescu/projects/ultra-low-power-se/datasets/datasets/voicebank-demand/16k/noisy_test/p232_347.wav,/tmp/exp_mask_df_v4_full_eval_txdanchi/p232_347.wav,2.502699353096849,2.5473728645064453,3.2451638948764816,3.4726955890655518,2.2434794902801514,2.867948293685913,0.7127633527768169,1.8735408782958984,2.5879288757370227,-1.6236093208758557,10.066868678720002,11.677785377545602,5.788947694085005,-5.888837683460597,0.9478455742685234,27.12752941428895
p232_348,/home/vpopescu/projects/ultra-low-power-se/datasets/datasets/voicebank-demand/16k/clean_test/p232_348.wav,/home/vpopescu/projects/ultra-low-power-se/datasets/datasets/voicebank-demand/16k/noisy_test/p232_348.wav,/tmp/exp_mask_df_v4_full_eval_txdanchi/p232_348.wav,2.1574579472748883,2.1408314877959027,2.864240097389044,3.230295181274414,3.3804314136505127,3.4355921745300293,0.7457332621392422,1.5170717239379883,1.4427536982764557,1.1973774109303141,7.568476219011535,6.387735888198657,5.6079876156124175,-0.7797482725862395,0.9015144169635045,41.79940282269805
p232_349,/home/vpopescu/projects/ultra-low-power-se/datasets/datasets/voicebank-demand/16k/clean_test/p232_349.wav,/home/vpopescu/projects/ultra-low-power-se/datasets/datasets/voicebank-demand/16k/noisy_test/p232_349.wav,/tmp/exp_mask_df_v4_full_eval_txdanchi/p232_349.wav,2.01047993574268,1.9705116133279268,2.6485956932884234,3.1842458248138428,3.1917836666107178,3.509281873703003,0.8566379551945529,1.4141730070114136,0.37784543885514904,4.93216691579367,6.333322030540481,1.3706019471536575,5.657202202839251,4.2866002556855936,0.8949542772546568,46.185574893807164
p232_350,/home/vpopescu/projects/ultra-low-power-se/datasets/datasets/voicebank-demand/16k/clean_test/p232_350.wav,/home/vpopescu/projects/ultra-low-power-se/datasets/datasets/voicebank-demand/16k/noisy_test/p232_350.wav,/tmp/exp_mask_df_v4_full_eval_txdanchi/p232_350.wav,3.0671898890337297,3.59964664999388,4.416217911195467,4.134781837463379,3.0112786293029785,3.3916404247283936,0.20285034467368293,2.7321090698242188,3.445770292054672,-4.118044821543656,11.250582821239174,15.370116268779423,5.179757234262736,-10.190359034516687,0.9529469384524843,12.83453924881298
p232_351,/home/vpopescu/projects/ultra-low-power-se/datasets/datasets/voicebank-demand/16k/clean_test/p232_351.wav,/home/vpopescu/projects/ultra-low-power-se/datasets/datasets/voicebank-demand/16k/noisy_test/p232_351.wav,/tmp/exp_mask_df_v4_full_eval_txdanchi/p232_351.wav,2.919003858179253,3.4765444457414403,4.2416542079787485,3.542383909225464,2.785611391067505,3.1494181156158447,0.286150306871197,2.698333501815796,2.1953255621194563,0.46151911352966124,10.98810077339196,10.51433263284094,5.585967970219333,-4.9283646626216076,0.9334633547986377,20.443580871746097
p232_352,/home/vpopescu/projects/ultra-low-power-se/datasets/datasets/voicebank-demand/16k/clean_test/p232_352.wav,/home/vpopescu/projects/ultra-low-power-se/datasets/datasets/voicebank-demand/16k/noisy_test/p232_352.wav,/tmp/exp_mask_df_v4_full_eval_txdanchi/p232_352.wav,2.5979451859099885,3.0707531291254955,3.8204655342809533,4.21403694152832,3.2457189559936523,3.2778615951538086,0.43324563998983745,2.339367389678955,0.4816416751541989,3.482492222385156,9.192864124241428,5.66321633838103,5.219795243443146,-0.44342109493788406,0.9542057637434646,26.373693127323786
p232_353,/home/vpopescu/projects/ultra-low-power-se/datasets/datasets/voicebank-demand/16k/clean_test/p232_353.wav,/home/vpopescu/projects/ultra-low-power-se/datasets/datasets/voicebank-demand/16k/noisy_test/p232_353.wav,/tmp/exp_mask_df_v4_full_eval_txdanchi/p232_353.wav,2.479205026060171,2.9661712837629013,3.686045194147367,3.581704616546631,3.3849620819091797,3.608513355255127,0.5092700119969767,2.274030923843384,-0.7000697102919982,6.175523546131331,7.221859886211435,1.0349249323604044,5.4610462883394915,4.426121355979087,0.9614483982363649,28.23962339836718
p232_354,/home/vpopescu/projects/ultra-low-power-se/datasets/datasets/voicebank-demand/16k/clean_test/p232_354.wav,/home/vpopescu/projects/ultra-low-power-se/datasets/datasets/voicebank-demand/16k/noisy_test/p232_354.wav,/tmp/exp_mask_df_v4_full_eval_txdanchi/p232_354.wav,2.8127286027611658,3.1299181278376773,3.7633763046065765,3.4644694328308105,2.994994640350342,3.186771869659424,0.5313333314684904,2.563432216644287,3.3176213341952954,-4.350296541278583,11.070699276960557,15.437919669663243,5.412291279824103,-10.02562838983914,0.8436076912058487,36.51459154987247
p232_355,/home/vpopescu/projects/ultra-low-power-se/datasets/datasets/voicebank-demand/16k/clean_test/p232_355.wav,/home/vpopescu/projects/ultra-low-power-se/datasets/datasets/voicebank-demand/16k/noisy_test/p232_355.wav,/tmp/exp_mask_df_v4_full_eval_txdanchi/p232_355.wav,2.746530522126994,2.955839174582352,3.803367114589361,3.815671682357788,3.5229928493499756,3.5831241607666016,0.354570383688645,2.1044552326202393,4.084256700998014,-0.5553764954680886,10.959292396646116,11.514348692208786,6.087311809756375,-5.427036882452411,0.9454154214335487,21.52960731833637
p232_356,/home/vpopescu/projects/ultra-low-power-se/datasets/datasets/voicebank-demand/16k/clean_test/p232_356.wav,/home/vpopescu/projects/ultra-low-power-se/datasets/datasets/voicebank-demand/16k/noisy_test/p232_356.wav,/tmp/exp_mask_df_v4_full_eval_txdanchi/p232_356.wav,2.244083813499494,2.3234911872239192,3.1512234417273706,3.5102152824401855,3.3064112663269043,3.8637819290161133,0.5936316233954814,1.5269122123718262,1.2056115641694551,2.2997885500105033,8.805849061176769,6.484443064061576,5.769164690202407,-0.715278373859169,0.903193926872049,27.961964650987834
p232_357,/home/vpopescu/projects/ultra-low-power-se/datasets/datasets/voicebank-demand/16k/clean_test/p232_357.wav,/home/vpopescu/projects/ultra-low-power-se/datasets/datasets/voicebank-demand/16k/noisy_test/p232_357.wav,/tmp/exp_mask_df_v4_full_eval_txdanchi/p232_357.wav,2.354300143387836,2.612940530357322,3.480490519894189,3.9971492290496826,3.3567209243774414,3.6928844451904297,0.4297000783283219,1.7668516635894775,0.9383121733360787,5.5184622634562555,6.580969808390925,1.0631221763581664,5.675129631972371,4.612007455614205,0.9326612046374646,26.195516961158088
p232_358,/home/vpopescu/projects/ultra-low-power-se/datasets/datasets/voicebank-demand/16k/clean_test/p232_358.wav,/home/vpopescu/projects/ultra-low-power-se/datasets/datasets/voicebank-demand/16k/noisy_test/p232_358.wav,/tmp/exp_mask_df_v4_full_eval_txdanchi/p232_358.wav,2.8571373838477543,3.3455546049092626,4.190899280217592,3.9999265670776367,3.36733341217041,3.60054349899292,0.2221869507284004,2.4808602333068848,2.6835612136016205,-4.570713755466867,10.946922308118275,15.52223419410927,5.4953931217023335,-10.026841072406937,0.8697385910279634,18.82545201854839
p232_359,/home/vpopescu/projects/ultra-low-power-se/datasets/datasets/voicebank-demand/16k/clean_test/p232_359.wav,/home/vpopescu/projects/ultra-low-power-se/datasets/datasets/voicebank-demand/16k/noisy_test/p232_359.wav,/tmp/exp_mask_df_v4_full_eval_txdanchi/p232_359.wav,2.9823974793953543,3.579129538483209,4.370392030272698,3.7653605937957764,3.5529861450195312,3.478651523590088,0.20971007880155676,2.771238088607788,2.5728767546110394,2.4866374144233365,12.464260491805714,9.945281338774924,5.62497279900489,-4.320308539770034,0.8724459521064026,19.76365178566619
p232_360,/home/vpopescu/projects/ultra-low-power-se/datasets/datasets/voicebank-demand/16k/clean_test/p232_360.wav,/home/vpopescu/projects/ultra-low-power-se/datasets/datasets/voicebank-demand/16k/noisy_test/p232_360.wav,/tmp/exp_mask_df_v4_full_eval_txdanchi/p232_360.wav,2.3921398056183305,2.4413655762334168,3.161774168214743,4.037727355957031,3.3944339752197266,3.6001486778259277,0.697215492495199,1.7644169330596924,2.0756227672681202,3.435376797969508,9.780015275128582,6.353790053747904,5.912798458313483,-0.44099159543442124,0.8978988065431218,30.8593889602991
p232_361,/home/vpopescu/projects/ultra-low-power-se/datasets/datasets/voicebank-demand/16k/clean_test/p232_361.wav,/home/vpopescu/projects/ultra-low-power-se/datasets/datasets/voicebank-demand/16k/noisy_test/p232_361.wav,/tmp/exp_mask_df_v4_full_eval_txdanchi/p232_361.wav,2.496369995266757,3.2637816871012393,3.9432242237155015,3.825899362564087,3.0526349544525146,3.465744972229004,0.41632642204192344,2.644212484359741,-2.474814881497008,6.047186636389328,6.499974126779897,0.4668730078670064,5.145660898418067,4.678787890551061,0.959927892859175,35.09289067469816
p232_362,/home/vpopescu/projects/ultra-low-power-se/datasets/datasets/voicebank-demand/16k/clean_test/p232_362.wav,/home/vpopescu/projects/ultra-low-power-se/datasets/datasets/voicebank-demand/16k/noisy_test/p232_362.wav,/tmp/exp_mask_df_v4_full_eval_txdanchi/p232_362.wav,2.5029171056154564,2.5735272361488533,3.391930525227258,3.7479262351989746,2.7186102867126465,3.555417060852051,0.5102721210999007,1.7854084968566895,3.364430506914152,-6.017663794309064,10.370843600816556,16.38528697746501,5.685481825888311,-10.699805151576701,0.9479209609866932,28.066753973947534
p232_363,/home/vpopescu/projects/ultra-low-power-se/datasets/datasets/voicebank-demand/16k/clean_test/p232_363.wav,/home/vpopescu/projects/ultra-low-power-se/datasets/datasets/voicebank-demand/16k/noisy_test/p232_363.wav,/tmp/exp_mask_df_v4_full_eval_txdanchi/p232_363.wav,2.5341449559057025,2.7179928238355116,3.4960563358438472,3.4770374298095703,3.4890458583831787,3.9450912475585938,0.5207293436269916,1.9653599262237549,2.416054031878395,-0.36333139794668057,11.23777699740613,11.603551504050156,6.124959289346165,-5.4785922147039905,0.9448415263968212,27.35835611965591
p232_364,/home/vpopescu/projects/ultra-low-power-se/datasets/datasets/voicebank-demand/16k/clean_test/p232_364.wav,/home/vpopescu/projects/ultra-low-power-se/datasets/datasets/voicebank-demand/16k/noisy_test/p232_364.wav,/tmp/exp_mask_df_v4_full_eval_txdanchi/p232_364.wav,2.3302264650680327,2.3984578641579604,3.1312308906270854,3.0687763690948486,2.9522218704223633,3.311519145965576,0.6848337896396172,1.7180426120758057,1.6338672184663072,3.2645983164682058,9.367597900411267,6.0937295485639815,6.076696919620677,-0.01703262894330493,0.9324011876093844,32.56164832393989
p232_365,/home/vpopescu/projects/ultra-low-power-se/datasets/datasets/voicebank-demand/16k/clean_test/p232_365.wav,/home/vpopescu/projects/ultra-low-power-se/datasets/datasets/voicebank-demand/16k/noisy_test/p232_365.wav,/tmp/exp_mask_df_v4_full_eval_txdanchi/p232_365.wav,2.1756391557221866,2.2437347743409712,2.809263539071262,3.464855670928955,2.947450876235962,3.3387441635131836,0.9460795317772623,1.77866792678833,-0.17244328299934897,5.856952921403964,6.779505894503566,0.893632190514682,5.647558397067286,4.753926206552604,0.8555439840940321,42.52859806481093
p232_366,/home/vpopescu/projects/ultra-low-power-se/datasets/datasets/voicebank-demand/16k/clean_test/p232_366.wav,/home/vpopescu/projects/ultra-low-power-se/datasets/datasets/voicebank-demand/16k/noisy_test/p232_366.wav,/tmp/exp_mask_df_v4_full_eval_txdanchi/p232_366.wav,2.634917968069586,2.9074978058419876,3.7105128842283674,4.1077880859375,2.9898388385772705,3.479459285736084,0.3940773417002799,2.14162015914917,2.9517834177592666,-5.186242696092252,10.637249041152153,15.848978779855692,5.83881200501156,-10.010166774844132,0.9497004722693198,29.81983190322155
p232_367,/home/vpopescu/projects/ultra-low-power-se/datasets/datasets/voicebank-demand/16k/clean_test/p232_367.wav,/home/vpopescu/projects/ultra-low-power-se/datasets/datasets/voicebank-demand/16k/noisy_test/p232_367.wav,/tmp/exp_mask_df_v4_full_eval_txdanchi/p232_367.wav,2.549147770565992,2.7784425695514274,3.5020344539726427,3.3455755710601807,2.8180620670318604,2.7625977993011475,0.5666105593892244,2.092059373855591,1.9794287279057152,0.5798214150857994,11.211675364616038,10.636625443518763,6.249218500055842,-4.3874069434629215,0.863920591064493,29.937231427862905
p232_368,/home/vpopescu/projects/ultra-low-power-se/datasets/datasets/voicebank-demand/16k/clean_test/p232_368.wav,/home/vpopescu/projects/ultra-low-power-se/datasets/datasets/voicebank-demand/16k/noisy_test/p232_368.wav,/tmp/exp_mask_df_v4_full_eval_txdanchi/p232_368.wav,2.538024267901561,2.639807170412262,3.1788670881955134,3.5345327854156494,2.766897201538086,2.9876365661621094,0.9146585235147262,2.128854513168335,1.3658310992984977,3.5710532321824333,9.43369358279503,5.907869460362392,6.098605879123207,0.1907364187608156,0.8646502736532282,28.51650694981545
p232_369,/home/vpopescu/projects/ultra-low-power-se/datasets/datasets/voicebank-demand/16k/clean_test/p232_369.wav,/home/vpopescu/projects/ultra-low-power-se/datasets/datasets/voicebank-demand/16k/noisy_test/p232_369.wav,/tmp/exp_mask_df_v4_full_eval_txdanchi/p232_369.wav,2.229390471732106,2.175960325877792,2.8494828893687165,3.5950162410736084,3.376237154006958,3.6207668781280518,0.8677079050397958,1.5511113405227661,1.212335028966394,4.907482942058979,6.555354836329,1.6732950214465565,5.528169178200537,3.8548741567539806,0.9214067812471888,31.773979408951302
p232_370,/home/vpopescu/projects/ultra-low-power-se/datasets/datasets/voicebank-demand/16k/clean_test/p232_370.wav,/home/vpopescu/projects/ultra-low-power-se/datasets/datasets/voicebank-demand/16k/noisy_test/p232_370.wav,/tmp/exp_mask_df_v4_full_eval_txdanchi/p232_370.wav,3.0131678206316987,3.513017517462306,4.288443065929128,3.832505226135254,3.318814516067505,3.476670026779175,0.25094890315806834,2.7287843227386475,3.5551894966349207,-2.7331453259018215,12.593823243644513,15.329946907026947,6.128113396218804,-9.201833510808143,0.9469406598326637,21.309717703624916
p232_371,/home/vpopescu/projects/ultra-low-power-se/datasets/datasets/voicebank-demand/16k/clean_test/p232_371.wav,/home/vpopescu/projects/ultra-low-power-se/datasets/datasets/voicebank-demand/16k/noisy_test/p232_371.wav,/tmp/exp_mask_df_v4_full_eval_txdanchi/p232_371.wav,2.640817221896687,3.1144570755682492,3.9080099565735873,3.843081474304199,3.333585023880005,3.4248855113983154,0.3386695820180808,2.3479485511779785,1.281595183656824,-0.01950978029443995,10.519706359436489,10.53621100828342,5.576039617461472,-4.960171390821948,0.9635595286372162,28.03466887668095
p232_372,/home/vpopescu/projects/ultra-low-power-se/datasets/datasets/voicebank-demand/16k/clean_test/p232_372.wav,/home/vpopescu/projects/ultra-low-power-se/datasets/datasets/voicebank-demand/16k/noisy_test/p232_372.wav,/tmp/exp_mask_df_v4_full_eval_txdanchi/p232_372.wav,2.5162072332249172,2.6780755174396726,3.5116318764161134,3.777747392654419,3.03082537651062,3.629628896713257,0.48247858641339086,1.8433282375335693,2.4423970351597775,3.2663300328498224,9.844114580646457,6.584583476822736,5.815665095752002,-0.7689183810707343,0.8957287018531657,21.824953933027796
p232_373,/home/vpopescu/projects/ultra-low-power-se/datasets/datasets/voicebank-demand/16k/clean_test/p232_373.wav,/home/vpopescu/projects/ultra-low-power-se/datasets/datasets/voicebank-demand/16k/noisy_test/p232_373.wav,/tmp/exp_mask_df_v4_full_eval_txdanchi/p232_373.wav,2.763307553750773,3.198212831068367,3.895842744166437,4.018252849578857,3.43695330619812,3.48590087890625,0.48248200639038574,2.5019760131835938,1.5271443130407052,6.313193036326469,7.856951261898444,1.5594377450551318,5.638846679516596,4.079408934461464,0.949429162462819,23.263867467507033
p232_374,/home/vpopescu/projects/ultra-low-power-se/datasets/datasets/voicebank-demand/16k/clean_test/p232_374.wav,/home/vpopescu/projects/ultra-low-power-se/datasets/datasets/voicebank-demand/16k/noisy_test/p232_374.wav,/tmp/exp_mask_df_v4_full_eval_txdanchi/p232_374.wav,2.6245515302080396,2.806421807942752,3.649131112955357,4.129713535308838,3.3651363849639893,3.881431818008423,0.39055591277505625,1.985908031463623,3.612016209731172,-4.982974026368192,11.448792262688434,16.433289652007325,5.538214839918098,-10.895074812089227,0.9524640655890789,26.60993286351941
p232_375,/home/vpopescu/projects/ultra-low-power-se/datasets/datasets/voicebank-demand/16k/clean_test/p232_375.wav,/home/vpopescu/projects/ultra-low-power-se/datasets/datasets/voicebank-demand/16k/noisy_test/p232_375.wav,/tmp/exp_mask_df_v4_full_eval_txdanchi/p232_375.wav,2.539042676152772,2.792010572083092,3.6065615191097886,3.26318621635437,3.3185842037200928,3.6216444969177246,0.43896189432711624,2.0000193119049072,2.163332209001608,-1.0185270083992926,10.197739116409341,11.172905642072875,5.713641162681599,-5.459264479391276,0.9431271801272358,26.750926300696428
p232_377,/home/vpopescu/projects/ultra-low-power-se/datasets/datasets/voicebank-demand/16k/clean_test/p232_377.wav,/home/vpopescu/projects/ultra-low-power-se/datasets/datasets/voicebank-demand/16k/noisy_test/p232_377.wav,/tmp/exp_mask_df_v4_full_eval_txdanchi/p232_377.wav,2.441191324243432,2.634308914051858,3.4002707660461935,3.36711049079895,3.132500171661377,3.3892953395843506,0.5493529712272724,1.9134635925292969,1.7669251377823898,3.5242024374498513,9.932641789804205,6.406262644131071,6.034986404584566,-0.37127623954650524,0.9473991239137968,31.25150809512324
p232_378,/home/vpopescu/projects/ultra-low-power-se/datasets/datasets/voicebank-demand/16k/clean_test/p232_378.wav,/home/vpopescu/projects/ultra-low-power-se/datasets/datasets/voicebank-demand/16k/noisy_test/p232_378.wav,/tmp/exp_mask_df_v4_full_eval_txdanchi/p232_378.wav,2.190767447279117,2.2451604410806105,3.0391860757011586,3.481523036956787,3.5380043983459473,3.6263113021850586,0.664130887598598,1.4926328659057617,0.8517926809398242,4.959547436282055,6.555173931768154,1.5428397501706974,5.554683371622987,4.0118436214522895,0.924887188666455,30.05342878900648
p232_379,/home/vpopescu/projects/ultra-low-power-se/datasets/datasets/voicebank-demand/16k/clean_test/p232_379.wav,/home/vpopescu/projects/ultra-low-power-se/datasets/datasets/voicebank-demand/16k/noisy_test/p232_379.wav,/tmp/exp_mask_df_v4_full_eval_txdanchi/p232_379.wav,2.9041581728718135,3.3184496910791155,4.124695987846303,3.932399034500122,3.6516849994659424,3.8301825523376465,0.2702883345151164,2.5121617317199707,3.6317101713236277,-4.821798635912279,11.437759541903073,16.262505116536936,5.3377948997703655,-10.92471021676657,0.9504256638274305,22.778982240531555
p232_380,/home/vpopescu/projects/ultra-low-power-se/datasets/datasets/voicebank-demand/16k/clean_test/p232_380.wav,/home/vpopescu/projects/ultra-low-power-se/datasets/datasets/voicebank-demand/16k/noisy_test/p232_380.wav,/tmp/exp_mask_df_v4_full_eval_txdanchi/p232_380.wav,2.606318908302213,2.7759011971206364,3.6237008195959985,3.8210465908050537,2.549154281616211,3.84350323677063,0.41268851983500704,1.9349465370178223,3.362677883029851,-1.086749923036761,10.372467941818774,11.460724359941427,5.7100864614563065,-5.75063789848512,0.9399605132838654,23.49060614616958
p232_381,/home/vpopescu/projects/ultra-low-power-se/datasets/datasets/voicebank-demand/16k/clean_test/p232_381.wav,/home/vpopescu/projects/ultra-low-power-se/datasets/datasets/voicebank-demand/16k/noisy_test/p232_381.wav,/tmp/exp_mask_df_v4_full_eval_txdanchi/p232_381.wav,2.369672557572512,2.7259496255608795,3.53305591296884,3.5050272941589355,3.5767102241516113,3.549489736557007,0.44478492522510427,1.9685642719268799,0.3129137653407883,3.700191271766519,9.53015604393693,5.846769255215878,5.801589514207162,-0.0451797410087158,0.9166353123749602,32.144961660715126
p232_382,/home/vpopescu/projects/ultra-low-power-se/datasets/datasets/voicebank-demand/16k/clean_test/p232_382.wav,/home/vpopescu/projects/ultra-low-power-se/datasets/datasets/voicebank-demand/16k/noisy_test/p232_382.wav,/tmp/exp_mask_df_v4_full_eval_txdanchi/p232_382.wav,2.5347568155688225,3.0667331848691632,3.888170493121436,3.8225343227386475,3.1047778129577637,3.3683109283447266,0.3276997412052003,2.261251449584961,-0.005228774335252675,5.533704966701385,6.2622844635700945,0.7277015904992673,4.9192594392314115,4.1915578487321445,0.8917548747272174,25.68456636423829
p232_383,/home/vpopescu/projects/ultra-low-power-se/datasets/datasets/voicebank-demand/16k/clean_test/p232_383.wav,/home/vpopescu/projects/ultra-low-power-se/datasets/datasets/voicebank-demand/16k/noisy_test/p232_383.wav,/tmp/exp_mask_df_v4_full_eval_txdanchi/p232_383.wav,2.344601283182877,2.406513840624282,3.0958766622284766,3.424691915512085,3.4430456161499023,3.7477853298187256,0.7033908828220149,1.807932734489441,2.049925630663028,-4.552245126335404,10.854681303289667,15.442660131651147,5.421774804391694,-10.020885327259453,0.9562895930635775,40.390839804978064
p232_384,/home/vpopescu/projects/ultra-low-power-se/datasets/datasets/voicebank-demand/16k/clean_test/p232_384.wav,/home/vpopescu/projects/ultra-low-power-se/datasets/datasets/voicebank-demand/16k/noisy_test/p232_384.wav,/tmp/exp_mask_df_v4_full_eval_txdanchi/p232_384.wav,2.3849875301532943,2.450435049129872,3.180820060854203,3.149198055267334,3.379201889038086,3.4872384071350098,0.6437848944749759,1.7931723594665527,2.401618676155528,0.8302105558722044,11.418547877185027,10.590291333614733,6.68744949623734,-3.9028418373773928,0.8457821934732015,36.77869060993088
p232_385,/home/vpopescu/projects/ultra-low-power-se/datasets/datasets/voicebank-demand/16k/clean_test/p232_385.wav,/home/vpopescu/projects/ultra-low-power-se/datasets/datasets/voicebank-demand/16k/noisy_test/p232_385.wav,/tmp/exp_mask_df_v4_full_eval_txdanchi/p232_385.wav,2.37067185126698,2.4320464457296924,3.1683912746639793,3.152839422225952,3.6756269931793213,3.839270830154419,0.6694537132802415,1.7451874017715454,2.008593408207926,2.4908968592527643,8.893059352438307,6.425967093421486,5.599323339499007,-0.8266437539224789,0.8596041651810498,32.009873070988256
p232_386,/home/vpopescu/projects/ultra-low-power-se/datasets/datasets/voicebank-demand/16k/clean_test/p232_386.wav,/home/vpopescu/projects/ultra-low-power-se/datasets/datasets/voicebank-demand/16k/noisy_test/p232_386.wav,/tmp/exp_mask_df_v4_full_eval_txdanchi/p232_386.wav,1.7858384813361987,1.7976860085122064,2.428189304005344,2.4571921825408936,3.297769546508789,3.416536808013916,0.9862442116189053,1.2987914085388184,-2.096821792582432,2.956132970906283,3.95051583060124,1.11187879376329,4.5906787961044335,3.478800002341144,0.7621636825390332,48.1262912875233
p232_387,/home/vpopescu/projects/ultra-low-power-se/datasets/datasets/voicebank-demand/16k/clean_test/p232_387.wav,/home/vpopescu/projects/ultra-low-power-se/datasets/datasets/voicebank-demand/16k/noisy_test/p232_387.wav,/tmp/exp_mask_df_v4_full_eval_txdanchi/p232_387.wav,2.796407765748093,3.047631040702637,3.784438740995058,3.5601420402526855,2.8176517486572266,3.414266347885132,0.46722420866230635,2.324788808822632,3.647045566592949,-5.35925267847303,11.182891975617352,16.518946350226937,5.719381555554406,-10.79956479467253,0.9436703184676597,25.515022223497304
p232_388,/home/vpopescu/projects/ultra-low-power-se/datasets/datasets/voicebank-demand/16k/clean_test/p232_388.wav,/home/vpopescu/projects/ultra-low-power-se/datasets/datasets/voicebank-demand/16k/noisy_test/p232_388.wav,/tmp/exp_mask_df_v4_full_eval_txdanchi/p232_388.wav,2.3681218606789503,1.969470750014146,2.3322115313977725,3.240424394607544,2.7724478244781494,3.3868749141693115,1.40851558077922,1.6698604822158813,2.9132620792132973,-0.6675768858478826,11.113417067326228,11.788656154694761,6.420136968905102,-5.368519185789659,0.8276558580779323,35.37242297295402
p232_389,/home/vpopescu/projects/ultra-low-power-se/datasets/datasets/voicebank-demand/16k/clean_test/p232_389.wav,/home/vpopescu/projects/ultra-low-power-se/datasets/datasets/voicebank-demand/16k/noisy_test/p232_389.wav,/tmp/exp_mask_df_v4_full_eval_txdanchi/p232_389.wav,2.104488798768891,1.7644271599000176,2.2427052181521994,3.643734931945801,2.9532887935638428,3.3510024547576904,1.32463952903151,1.3387792110443115,0.9464603494639708,3.1593623922761465,9.75902444558784,6.594603017148957,6.371396043971461,-0.22320697317749616,0.907752114554221,32.72495230378857
p232_390,/home/vpopescu/projects/ultra-low-power-se/datasets/datasets/voicebank-demand/16k/clean_test/p232_390.wav,/home/vpopescu/projects/ultra-low-power-se/datasets/datasets/voicebank-demand/16k/noisy_test/p232_390.wav,/tmp/exp_mask_df_v4_full_eval_txdanchi/p232_390.wav,1.9376886515411291,1.8491660313930427,2.3963228558442577,3.229801654815674,2.943845748901367,3.303736448287964,1.0684439034646376,1.4552322626113892,-0.3596779135219566,5.233073252558243,5.951165454078203,0.7496385918592234,5.5181185229016805,4.768479931042457,0.8773702807070195,52.75038020503305
p232_391,/home/vpopescu/projects/ultra-low-power-se/datasets/datasets/voicebank-demand/16k/clean_test/p232_391.wav,/home/vpopescu/projects/ultra-low-power-se/datasets/datasets/voicebank-demand/16k/noisy_test/p232_391.wav,/tmp/exp_mask_df_v4_full_eval_txdanchi/p232_391.wav,2.9070032668930885,3.3127830896280797,4.183515398297485,3.9421558380126953,3.0633697509765625,3.1560328006744385,0.2199431670791201,2.40234375,3.605963205880962,-4.083481888817827,11.455391164725807,15.53475875457134,5.625082313986217,-9.909676440585123,0.9511522536298719,14.641818225344524
p232_392,/home/vpopescu/projects/ultra-low-power-se/datasets/datasets/voicebank-demand/16k/clean_test/p232_392.wav,/home/vpopescu/projects/ultra-low-power-se/datasets/datasets/voicebank-demand/16k/noisy_test/p232_392.wav,/tmp/exp_mask_df_v4_full_eval_txdanchi/p232_392.wav,2.9301082370696343,3.312785706456258,4.170966971000247,4.031134128570557,2.8679356575012207,3.3147952556610107,0.25497318859975104,2.4013383388519287,3.682760235791825,-0.520174315340002,11.042129484474096,11.570813157937689,5.745999361808788,-5.824813796128901,0.9390369453632816,11.963626250924648
p232_393,/home/vpopescu/projects/ultra-low-power-se/datasets/datasets/voicebank-demand/16k/clean_test/p232_393.wav,/home/vpopescu/projects/ultra-low-power-se/datasets/datasets/voicebank-demand/16k/noisy_test/p232_393.wav,/tmp/exp_mask_df_v4_full_eval_txdanchi/p232_393.wav,2.6705092257896568,3.022328320332877,3.8423576400357455,4.192207336425781,3.5450870990753174,3.8390283584594727,0.37705619903352766,2.1927878856658936,2.0979328597517704,2.617437457007453,9.16982067169285,6.561753231049044,5.389252775369727,-1.1725004556793177,0.9591391602926399,20.544736246143117
p232_394,/home/vpopescu/projects/ultra-low-power-se/datasets/datasets/voicebank-demand/16k/clean_test/p232_394.wav,/home/vpopescu/projects/ultra-low-power-se/datasets/datasets/voicebank-demand/16k/noisy_test/p232_394.wav,/tmp/exp_mask_df_v4_full_eval_txdanchi/p232_394.wav,2.607484357486992,2.9129802376550997,3.607746021751729,3.7785348892211914,3.7546074390411377,3.896561622619629,0.5908703061967497,2.2269482612609863,1.2728667379603085,5.604584833019795,7.125674172609947,1.5310846213794838,5.169461096719196,3.6383764753397125,0.9624620160568625,24.45535941246557
p232_396,/home/vpopescu/projects/ultra-low-power-se/datasets/datasets/voicebank-demand/16k/clean_test/p232_396.wav,/home/vpopescu/projects/ultra-low-power-se/datasets/datasets/voicebank-demand/16k/noisy_test/p232_396.wav,/tmp/exp_mask_df_v4_full_eval_txdanchi/p232_396.wav,2.7042950486943824,2.9287470980304575,3.712722007509377,3.8707938194274902,3.4724345207214355,3.466500997543335,0.45180903798818006,2.1502068042755127,3.2911007652709423,-4.233717207319176,11.421961508801415,15.654300477096703,6.062654891092029,-9.591645586004674,0.9223069380149839,23.549021708768855
p232_397,/home/vpopescu/projects/ultra-low-power-se/datasets/datasets/voicebank-demand/16k/clean_test/p232_397.wav,/home/vpopescu/projects/ultra-low-power-se/datasets/datasets/voicebank-demand/16k/noisy_test/p232_397.wav,/tmp/exp_mask_df_v4_full_eval_txdanchi/p232_397.wav,2.661572872919251,2.9456580905740832,3.749099809098166,3.692016363143921,3.3157241344451904,3.8595645427703857,0.4263137361169503,2.1382076740264893,2.48946125174526,-1.0186485101256384,10.469556877714068,11.489181075970414,5.754751289856136,-5.734429786114278,0.9499493749231546,21.61806487505167
p232_398,/home/vpopescu/projects/ultra-low-power-se/datasets/datasets/voicebank-demand/16k/clean_test/p232_398.wav,/home/vpopescu/projects/ultra-low-power-se/datasets/datasets/voicebank-demand/16k/noisy_test/p232_398.wav,/tmp/exp_mask_df_v4_full_eval_txdanchi/p232_398.wav,2.351381297078324,2.498929613175579,3.3173120100822224,3.22627329826355,3.3434243202209473,3.6505730152130127,0.5300039209056892,1.7191872596740723,1.6391096874992621,3.2350608246571992,9.717345336869395,6.479957187702202,6.121503744113669,-0.3584534435885329,0.9343439539961257,29.66487476547655
p232_399,/home/vpopescu/projects/ultra-low-power-se/datasets/datasets/voicebank-demand/16k/clean_test/p232_399.wav,/home/vpopescu/projects/ultra-low-power-se/datasets/datasets/voicebank-demand/16k/noisy_test/p232_399.wav,/tmp/exp_mask_df_v4_full_eval_txdanchi/p232_399.wav,2.174281872253006,2.264274660509851,2.9695016665626115,3.5346477031707764,3.5157127380371094,3.486701726913452,0.744029317847051,1.6422632932662964,0.4140364746594272,5.8094658299694775,6.856387955924901,1.0780478084983456,5.908589634086874,4.830541825588528,0.8773052573143485,38.68632569026107
p232_400,/home/vpopescu/projects/ultra-low-power-se/datasets/datasets/voicebank-demand/16k/clean_test/p232_400.wav,/home/vpopescu/projects/ultra-low-power-se/datasets/datasets/voicebank-demand/16k/noisy_test/p232_400.wav,/tmp/exp_mask_df_v4_full_eval_txdanchi/p232_400.wav,2.8701824837839016,3.244505875468547,4.106440029289665,3.884345293045044,2.8986310958862305,3.2515742778778076,0.2531614604246856,2.3490471839904785,3.558672535600025,-6.376428554306607,9.94953057015054,16.327375919494116,5.206254620112073,-11.121121299382043,0.9611641006938376,15.836919986621286
p232_402,/home/vpopescu/projects/ultra-low-power-se/datasets/datasets/voicebank-demand/16k/clean_test/p232_402.wav,/home/vpopescu/projects/ultra-low-power-se/datasets/datasets/voicebank-demand/16k/noisy_test/p232_402.wav,/tmp/exp_mask_df_v4_full_eval_txdanchi/p232_402.wav,2.212830744022832,2.3842939161993817,3.0554116355594436,3.253833293914795,3.2100727558135986,3.6185719966888428,0.7307437430275143,1.8119986057281494,0.10983453121378474,3.4850227223891155,9.214133144384201,5.660501328832868,6.117844840610252,0.45734351177738475,0.9347237971693827,42.032023568813095
p232_403,/home/vpopescu/projects/ultra-low-power-se/datasets/datasets/voicebank-demand/16k/clean_test/p232_403.wav,/home/vpopescu/projects/ultra-low-power-se/datasets/datasets/voicebank-demand/16k/noisy_test/p232_403.wav,/tmp/exp_mask_df_v4_full_eval_txdanchi/p232_403.wav,2.3082104922932873,2.0298978039786695,2.70062396388964,3.533367872238159,3.5840818881988525,3.7502963542938232,0.9825822828090114,1.3624045848846436,2.868839028153698,-1.750277773983239,9.955554792945788,11.70008641492931,5.86133928013796,-5.838747134791349,0.9226666483998803,22.5365368650364
p232_404,/home/vpopescu/projects/ultra-low-power-se/datasets/datasets/voicebank-demand/16k/clean_test/p232_404.wav,/home/vpopescu/projects/ultra-low-power-se/datasets/datasets/voicebank-demand/16k/noisy_test/p232_404.wav,/tmp/exp_mask_df_v4_full_eval_txdanchi/p232_404.wav,2.5548142558536497,2.825813777539542,3.606585366861116,3.61651611328125,2.308532238006592,2.88818359375,0.44099743678928666,2.0988221168518066,2.373406712516424,-4.704928844700872,10.871143246184655,15.599830091906403,5.771009768559596,-9.828820323346807,0.9535263109771606,33.13533412714969
p232_405,/home/vpopescu/projects/ultra-low-power-se/datasets/datasets/voicebank-demand/16k/clean_test/p232_405.wav,/home/vpopescu/projects/ultra-low-power-se/datasets/datasets/voicebank-demand/16k/noisy_test/p232_405.wav,/tmp/exp_mask_df_v4_full_eval_txdanchi/p232_405.wav,2.6282637866568996,2.843018219547172,3.7114513064859698,3.8222692012786865,2.9376332759857178,3.162111759185791,0.36433307051253555,1.9730689525604248,3.236517182453478,3.389676871440491,9.62641510713999,6.26361116396126,5.650643935821949,-0.6129672281393104,0.944525760790413,21.823393594507476
p232_407,/home/vpopescu/projects/ultra-low-power-se/datasets/datasets/voicebank-demand/16k/clean_test/p232_407.wav,/home/vpopescu/projects/ultra-low-power-se/datasets/datasets/voicebank-demand/16k/noisy_test/p232_407.wav,/tmp/exp_mask_df_v4_full_eval_txdanchi/p232_407.wav,1.8887288105418918,1.762460571657099,2.231256563825929,3.065802812576294,2.7209219932556152,3.2033214569091797,1.2763220413225875,1.4008907079696655,-1.7320219804173127,5.038235851620247,5.311180901052101,0.2795712536463358,5.4332916120889045,5.153720358442569,0.7608889337619679,43.682794728759625
p232_409,/home/vpopescu/projects/ultra-low-power-se/datasets/datasets/voicebank-demand/16k/clean_test/p232_409.wav,/home/vpopescu/projects/ultra-low-power-se/datasets/datasets/voicebank-demand/16k/noisy_test/p232_409.wav,/tmp/exp_mask_df_v4_full_eval_txdanchi/p232_409.wav,1.9867894322717705,2.030261350359461,2.735216604408716,3.2351932525634766,3.3729474544525146,3.593471050262451,0.7999860988239825,1.4401031732559204,-0.35160417509338904,5.252981199480912,6.575694504878583,1.3173006676863226,5.487718673886556,4.170418006200234,0.8833145285608884,44.775545930525126
p232_410,/home/vpopescu/projects/ultra-low-power-se/datasets/datasets/voicebank-demand/16k/clean_test/p232_410.wav,/home/vpopescu/projects/ultra-low-power-se/datasets/datasets/voicebank-demand/16k/noisy_test/p232_410.wav,/tmp/exp_mask_df_v4_full_eval_txdanchi/p232_410.wav,2.5402224350671774,2.725055456543889,3.5554185022529827,3.5489823818206787,3.307713270187378,3.5311710834503174,0.4782963165399764,1.885380506515503,2.3301379378633365,2.9420784027958744,9.482019965406156,6.553795437863137,5.925417632016925,-0.6283778058462115,0.9247427255525591,20.255448161803304
p232_411,/home/vpopescu/projects/ultra-low-power-se/datasets/datasets/voicebank-demand/16k/clean_test/p232_411.wav,/home/vpopescu/projects/ultra-low-power-se/datasets/datasets/voicebank-demand/16k/noisy_test/p232_411.wav,/tmp/exp_mask_df_v4_full_eval_txdanchi/p232_411.wav,2.6783851065124575,3.039730801669758,3.8376995979837334,4.333565711975098,3.1294493675231934,3.5196056365966797,0.3848044475332255,2.2487144470214844,2.1740325695510085,-3.3185449998413574,11.33620238674413,14.656470367170272,5.504741825617158,-9.151728541553114,0.9471282044451035,23.923493006503584
p232_412,/home/vpopescu/projects/ultra-low-power-se/datasets/datasets/voicebank-demand/16k/clean_test/p232_412.wav,/home/vpopescu/projects/ultra-low-power-se/datasets/datasets/voicebank-demand/16k/noisy_test/p232_412.wav,/tmp/exp_mask_df_v4_full_eval_txdanchi/p232_412.wav,2.520194752928183,2.59144161183061,3.39622224168706,3.555194616317749,3.6741089820861816,3.8453118801116943,0.5253905864147,1.815816879272461,3.3892901646879667,-0.9066918739969037,10.740801158595836,11.649455193856795,5.85437881872725,-5.795076375129545,0.9230346460529858,27.898713677056406
p232_413,/home/vpopescu/projects/ultra-low-power-se/datasets/datasets/voicebank-demand/16k/clean_test/p232_413.wav,/home/vpopescu/projects/ultra-low-power-se/datasets/datasets/voicebank-demand/16k/noisy_test/p232_413.wav,/tmp/exp_mask_df_v4_full_eval_txdanchi/p232_413.wav,3.074932948691792,3.6968021952036034,4.374588877897657,4.201931476593018,3.5662708282470703,3.570355176925659,0.34249224548024726,2.9977943897247314,2.2706903054331757,-0.063392232750628,10.91828788422527,10.972240538225142,5.473725175083038,-5.498515363142104,0.9682030222024868,19.29517983413132
p232_414,/home/vpopescu/projects/ultra-low-power-se/datasets/datasets/voicebank-demand/16k/clean_test/p232_414.wav,/home/vpopescu/projects/ultra-low-power-se/datasets/datasets/voicebank-demand/16k/noisy_test/p232_414.wav,/tmp/exp_mask_df_v4_full_eval_txdanchi/p232_414.wav,2.0424469489223704,2.140198594627455,2.7900974567641987,3.3606629371643066,3.179023027420044,3.303415298461914,0.874226286148657,1.5765502452850342,-1.1083106984919229,5.987878406608962,6.547373661672607,0.4807458952198892,5.670928507047587,5.190182611827698,0.8492825947044016,39.33149918841212
p232_415,/home/vpopescu/projects/ultra-low-power-se/datasets/datasets/voicebank-demand/16k/clean_test/p232_415.wav,/home/vpopescu/projects/ultra-low-power-se/datasets/datasets/voicebank-demand/16k/noisy_test/p232_415.wav,/tmp/exp_mask_df_v4_full_eval_txdanchi/p232_415.wav,1.7848298718737023,1.7504821849742807,2.4065196170830214,3.088482618331909,3.6524581909179688,3.7344539165496826,0.9535830056027668,1.2364928722381592,-1.4214863928145425,4.637555084950751,5.59924334539428,1.0482790235419228,5.395341320656902,4.347062297114979,0.8508122152221946,50.09429690126017
p257_001,/home/vpopescu/projects/ultra-low-power-se/datasets/datasets/voicebank-demand/16k/clean_test/p257_001.wav,/home/vpopescu/projects/ultra-low-power-se/datasets/datasets/voicebank-demand/16k/noisy_test/p257_001.wav,/tmp/exp_mask_df_v4_full_eval_txdanchi/p257_001.wav,2.5047588578222935,2.764517404592228,3.7278808549740736,4.134826183319092,3.180330991744995,3.428318500518799,0.22011570228261768,1.8251621723175049,2.926511809669682,-5.2047520807095715,11.010597823796907,16.19284783544939,5.507721331670648,-10.68512650377874,0.9273334047396992,26.57698636495199
p257_002,/home/vpopescu/projects/ultra-low-power-se/datasets/datasets/voicebank-demand/16k/clean_test/p257_002.wav,/home/vpopescu/projects/ultra-low-power-se/datasets/datasets/voicebank-demand/16k/noisy_test/p257_002.wav,/tmp/exp_mask_df_v4_full_eval_txdanchi/p257_002.wav,2.5164555612299395,2.755242794157574,3.727353670454857,3.7076120376586914,1.8220922946929932,2.8965272903442383,0.21810003463768854,1.8005092144012451,3.14781051503297,-1.4137397336139372,9.910864297590047,11.324228360335358,5.859182343237558,-5.4650460170978,0.9378330772809499,25.214272242990294
p257_003,/home/vpopescu/projects/ultra-low-power-se/datasets/datasets/voicebank-demand/16k/clean_test/p257_003.wav,/home/vpopescu/projects/ultra-low-power-se/datasets/datasets/voicebank-demand/16k/noisy_test/p257_003.wav,/tmp/exp_mask_df_v4_full_eval_txdanchi/p257_003.wav,2.321323996425042,2.4741508808317545,3.388496784404463,2.9566686153411865,3.180948257446289,3.7402851581573486,0.36712498039932073,1.6204335689544678,2.3664587726499433,1.7866371861977335,8.787854436906844,7.0062198366774044,5.666515174222656,-1.3397046624547482,0.9103361860355282,33.761450316019975
p257_004,/home/vpopescu/projects/ultra-low-power-se/datasets/datasets/voicebank-demand/16k/clean_test/p257_004.wav,/home/vpopescu/projects/ultra-low-power-se/datasets/datasets/voicebank-demand/16k/noisy_test/p257_004.wav,/tmp/exp_mask_df_v4_full_eval_txdanchi/p257_004.wav,2.126661753371357,2.450379253240461,3.3220278936323835,3.487637996673584,3.0079221725463867,3.669462203979492,0.4232184586345013,1.6554120779037476,-0.6204063684990904,5.852270164660576,7.296086218934179,1.4140183827275705,5.639338578497655,4.2253201957700846,0.9309090349652913,37.07708837874163
p257_006,/home/vpopescu/projects/ultra-low-power-se/datasets/datasets/voicebank-demand/16k/clean_test/p257_006.wav,/home/vpopescu/projects/ultra-low-power-se/datasets/datasets/voicebank-demand/16k/noisy_test/p257_006.wav,/tmp/exp_mask_df_v4_full_eval_txdanchi/p257_006.wav,2.4921208828079813,2.592532730116356,3.5500438182139944,3.589596748352051,2.526655673980713,3.1836204528808594,0.28322528958090437,1.6708062887191772,4.141753346624981,-5.912387993707419,10.98091545643339,16.89268390053058,5.964602192737367,-10.928081707793215,0.9210941825307565,28.779283433879872
p257_007,/home/vpopescu/projects/ultra-low-power-se/datasets/datasets/voicebank-demand/16k/clean_test/p257_007.wav,/home/vpopescu/projects/ultra-low-power-se/datasets/datasets/voicebank-demand/16k/noisy_test/p257_007.wav,/tmp/exp_mask_df_v4_full_eval_txdanchi/p257_007.wav,2.174799712113452,2.038613014442683,2.865634744252079,3.2945749759674072,2.667018175125122,3.350362539291382,0.6083423331406501,1.3275216817855835,3.4732541753435284,-2.403967377735743,9.252091348270334,11.672374801931289,5.772418961940444,-5.899955839990845,0.8892948760973451,44.652952118099854
p257_008,/home/vpopescu/projects/ultra-low-power-se/datasets/datasets/voicebank-demand/16k/clean_test/p257_008.wav,/home/vpopescu/projects/ultra-low-power-se/datasets/datasets/voicebank-demand/16k/noisy_test/p257_008.wav,/tmp/exp_mask_df_v4_full_eval_txdanchi/p257_008.wav,2.1197064405945496,2.007749192133816,2.8281387494240775,2.852815628051758,3.370194435119629,3.669410228729248,0.6346046612416022,1.2999247312545776,2.7319849051631846,0.7365646009495315,7.806563108821846,7.106046135166294,5.686915490081722,-1.4191306450845724,0.8828546636640735,43.9675185672027
p257_009,/home/vpopescu/projects/ultra-low-power-se/datasets/datasets/voicebank-demand/16k/clean_test/p257_009.wav,/home/vpopescu/projects/ultra-low-power-se/datasets/datasets/voicebank-demand/16k/noisy_test/p257_009.wav,/tmp/exp_mask_df_v4_full_eval_txdanchi/p257_009.wav,1.8153256562498057,1.5933551977102836,2.221025607144494,2.374131679534912,3.1637587547302246,3.1954078674316406,1.0110011896005937,1.148964762687683,0.6357036009982665,4.616972293981746,6.365714136269207,1.7082110187378088,5.584873930439363,3.876662911701554,0.8133864233865511,58.27554673968534
p257_010,/home/vpopescu/projects/ultra-low-power-se/datasets/datasets/voicebank-demand/16k/clean_test/p257_010.wav,/home/vpopescu/projects/ultra-low-power-se/datasets/datasets/voicebank-demand/16k/noisy_test/p257_010.wav,/tmp/exp_mask_df_v4_full_eval_txdanchi/p257_010.wav,2.641568549466602,2.7792123186964495,3.590611459739394,3.925581216812134,2.3706750869750977,2.9626266956329346,0.45430108165967675,1.9856876134872437,3.7948242312813774,-3.814131797305329,12.43978176116459,16.23457909307261,5.714801006239172,-10.519778086833439,0.9307931731674421,25.80915090728961
p257_011,/home/vpopescu/projects/ultra-low-power-se/datasets/datasets/voicebank-demand/16k/clean_test/p257_011.wav,/home/vpopescu/projects/ultra-low-power-se/datasets/datasets/voicebank-demand/16k/noisy_test/p257_011.wav,/tmp/exp_mask_df_v4_full_eval_txdanchi/p257_011.wav,2.6021527803665485,2.694358555217526,3.6459246451516254,3.967749834060669,2.590965509414673,3.2550048828125,0.2945828772456194,1.7421666383743286,4.550099726153507,-1.9265212520205566,10.026920397564336,11.952013882435995,5.663400084783027,-6.288613797652968,0.9291219442472801,21.608450789150233
p257_012,/home/vpopescu/projects/ultra-low-power-se/datasets/datasets/voicebank-demand/16k/clean_test/p257_012.wav,/home/vpopescu/projects/ultra-low-power-se/datasets/datasets/voicebank-demand/16k/noisy_test/p257_012.wav,/tmp/exp_mask_df_v4_full_eval_txdanchi/p257_012.wav,2.427653150184295,2.4071400918562547,3.2181358382316323,3.836933135986328,2.756643533706665,3.313398599624634,0.6074981026685744,1.6090781688690186,3.1054379520936455,2.2825637390834475,9.006818561061312,6.768076807745288,5.7699212553250785,-0.9981555524202097,0.916269538733121,24.44697221671364
p257_013,/home/vpopescu/projects/ultra-low-power-se/datasets/datasets/voicebank-demand/16k/clean_test/p257_013.wav,/home/vpopescu/projects/ultra-low-power-se/datasets/datasets/voicebank-demand/16k/noisy_test/p257_013.wav,/tmp/exp_mask_df_v4_full_eval_txdanchi/p257_013.wav,1.8558911888093303,1.7620898422328217,2.541721323654074,2.452599287033081,3.0434701442718506,3.143015146255493,0.7572686906417101,1.1265367269515991,0.5469410584305829,3.2011579610190806,4.924486761522048,1.7877529352538724,5.042027979035186,3.254275043781314,0.8651946616241121,50.15009333638007
p257_014,/home/vpopescu/projects/ultra-low-power-se/datasets/datasets/voicebank-demand/16k/clean_test/p257_014.wav,/home/vpopescu/projects/ultra-low-power-se/datasets/datasets/voicebank-demand/16k/noisy_test/p257_014.wav,/tmp/exp_mask_df_v4_full_eval_txdanchi/p257_014.wav,2.6848452936561404,2.8317324747466066,3.7979103282698037,4.0249762535095215,2.7207841873168945,3.4426839351654053,0.22903948228142035,1.8554439544677734,4.802774239562043,-6.406452416151872,10.120884508352695,16.515085327412415,5.4779290892458015,-11.037156238166613,0.9451272657085976,19.804527667409143
p257_015,/home/vpopescu/projects/ultra-low-power-se/datasets/datasets/voicebank-demand/16k/clean_test/p257_015.wav,/home/vpopescu/projects/ultra-low-power-se/datasets/datasets/voicebank-demand/16k/noisy_test/p257_015.wav,/tmp/exp_mask_df_v4_full_eval_txdanchi/p257_015.wav,2.620946026715212,2.8175355937413182,3.8181274943160437,4.244314670562744,3.214200735092163,3.667369842529297,0.1871559364768992,1.8023340702056885,4.078568800872732,-1.843995724243019,10.038056913152417,11.881852333299287,5.31012113364376,-6.571731199655527,0.9459461166289385,18.788499042584128
p257_016,/home/vpopescu/projects/ultra-low-power-se/datasets/datasets/voicebank-demand/16k/clean_test/p257_016.wav,/home/vpopescu/projects/ultra-low-power-se/datasets/datasets/voicebank-demand/16k/noisy_test/p257_016.wav,/tmp/exp_mask_df_v4_full_eval_txdanchi/p257_016.wav,2.569903577278567,2.7877257314502675,3.6839720917699634,3.9622719287872314,2.8090715408325195,2.9962844848632812,0.3387473753310989,1.894073247909546,2.985732408336489,2.9622124388482547,9.938465745504478,6.989473946410257,5.6592927444428796,-1.3301812019673775,0.9437342967997335,22.50922527819916
p257_017,/home/vpopescu/projects/ultra-low-power-se/datasets/datasets/voicebank-demand/16k/clean_test/p257_017.wav,/home/vpopescu/projects/ultra-low-power-se/datasets/datasets/voicebank-demand/16k/noisy_test/p257_017.wav,/tmp/exp_mask_df_v4_full_eval_txdanchi/p257_017.wav,2.2727849638105306,2.4952348976919585,3.4058031742653716,3.6796977519989014,2.9862608909606934,2.9486029148101807,0.39315586418298104,1.6207845211029053,1.0516000326593056,5.394853831623468,6.986157509549093,1.6226729832281195,5.2666078670662575,3.643934883838138,0.9160535691837912,28.885834190599184
p257_018,/home/vpopescu/projects/ultra-low-power-se/datasets/datasets/voicebank-demand/16k/clean_test/p257_018.wav,/home/vpopescu/projects/ultra-low-power-se/datasets/datasets/voicebank-demand/16k/noisy_test/p257_018.wav,/tmp/exp_mask_df_v4_full_eval_txdanchi/p257_018.wav,2.6690814791313855,2.88006308465014,3.803942356539015,4.115391254425049,3.0013692378997803,3.680657386779785,0.25916485659618144,1.9594703912734985,4.080520727784681,-6.463296227466474,10.369456967806698,16.834137256438446,5.449800338952187,-11.384336917486259,0.9345050055941435,22.659739106825953
p257_019,/home/vpopescu/projects/ultra-low-power-se/datasets/datasets/voicebank-demand/16k/clean_test/p257_019.wav,/home/vpopescu/projects/ultra-low-power-se/datasets/datasets/voicebank-demand/16k/noisy_test/p257_019.wav,/tmp/exp_mask_df_v4_full_eval_txdanchi/p257_019.wav,2.4432788281434803,2.5644391067861947,3.552883523690303,3.874211311340332,3.0338122844696045,3.545383930206299,0.27264390749826106,1.5897011756896973,3.4774337328366247,-2.4935699534013764,9.561276726732029,12.048677190692551,5.673119663584054,-6.375557527108497,0.9287953079369663,24.239522714986013
p257_020,/home/vpopescu/projects/ultra-low-power-se/datasets/datasets/voicebank-demand/16k/clean_test/p257_020.wav,/home/vpopescu/projects/ultra-low-power-se/datasets/datasets/voicebank-demand/16k/noisy_test/p257_020.wav,/tmp/exp_mask_df_v4_full_eval_txdanchi/p257_020.wav,2.182225516047712,2.2512749894346102,3.172249465051345,3.403663158416748,2.8355255126953125,3.166494131088257,0.4489435583392878,1.3874735832214355,1.8221474040761376,2.6442632207202843,9.021969396780971,6.381918155169675,5.901306716581494,-0.48061143858818145,0.9122256285894995,32.82602045556152
p257_022,/home/vpopescu/projects/ultra-low-power-se/datasets/datasets/voicebank-demand/16k/clean_test/p257_022.wav,/home/vpopescu/projects/ultra-low-power-se/datasets/datasets/voicebank-demand/16k/noisy_test/p257_022.wav,/tmp/exp_mask_df_v4_full_eval_txdanchi/p257_022.wav,2.1315165910705463,2.2324573148850506,3.190192061384531,3.307955026626587,3.089743137359619,3.724348306655884,0.3951691011960771,1.336080551147461,1.486206930132123,4.9185613391186145,6.758960442114833,1.889408092138507,5.56669445093184,3.6772863587933333,0.8926933419808725,33.537278425180546
p257_023,/home/vpopescu/projects/ultra-low-power-se/datasets/datasets/voicebank-demand/16k/clean_test/p257_023.wav,/home/vpopescu/projects/ultra-low-power-se/datasets/datasets/voicebank-demand/16k/noisy_test/p257_023.wav,/tmp/exp_mask_df_v4_full_eval_txdanchi/p257_023.wav,2.6628787402131593,2.82087300844528,3.7975548675427078,3.665745258331299,3.0685503482818604,3.611351728439331,0.20955000706947424,1.8406715393066406,4.708186055580634,-6.276835525249425,10.822106722362875,17.088028199179618,5.8290296183370405,-11.258998580842578,0.9426607542205245,21.082568153856414
p257_024,/home/vpopescu/projects/ultra-low-power-se/datasets/datasets/voicebank-demand/16k/clean_test/p257_024.wav,/home/vpopescu/projects/ultra-low-power-se/datasets/datasets/voicebank-demand/16k/noisy_test/p257_024.wav,/tmp/exp_mask_df_v4_full_eval_txdanchi/p257_024.wav,2.6161501020994677,2.7571338514785464,3.7265715757488143,3.726799726486206,3.378093957901001,3.645740270614624,0.24085307800976227,1.7884225845336914,4.452597774959377,-1.5488959441853591,10.345940454473501,11.885313703843597,5.730151266661981,-6.155162437181616,0.9410147500278567,21.88993616143962
p257_025,/home/vpopescu/projects/ultra-low-power-se/datasets/datasets/voicebank-demand/16k/clean_test/p257_025.wav,/home/vpopescu/projects/ultra-low-power-se/datasets/datasets/voicebank-demand/16k/noisy_test/p257_025.wav,/tmp/exp_mask_df_v4_full_eval_txdanchi/p257_025.wav,2.4310344415559504,2.738199332864377,3.681713333021974,3.7778232097625732,2.6987013816833496,3.33945894241333,0.2584725366016995,1.8207885026931763,1.8396033386059094,3.272713141316288,9.352532351931655,6.097621788701147,5.508304428034511,-0.5893173606666364,0.9272240634364824,27.028210437651428
p257_026,/home/vpopescu/projects/ultra-low-power-se/datasets/datasets/voicebank-demand/16k/clean_test/p257_026.wav,/home/vpopescu/projects/ultra-low-power-se/datasets/datasets/voicebank-demand/16k/noisy_test/p257_026.wav,/tmp/exp_mask_df_v4_full_eval_txdanchi/p257_026.wav,2.2125775013289317,2.5331248190877447,3.4482106613521095,3.278576135635376,2.0499799251556396,2.6610071659088135,0.34066252207971437,1.6804330348968506,0.23071544996260368,5.621538742879056,6.167570176615632,0.55179893059922,5.285193665551608,4.733394734952388,0.9069363347110905,34.1720803856295
p257_027,/home/vpopescu/projects/ultra-low-power-se/datasets/datasets/voicebank-demand/16k/clean_test/p257_027.wav,/home/vpopescu/projects/ultra-low-power-se/datasets/datasets/voicebank-demand/16k/noisy_test/p257_027.wav,/tmp/exp_mask_df_v4_full_eval_txdanchi/p257_027.wav,2.3309562975733993,2.3042305354926573,3.34101932090862,3.6426520347595215,2.7822015285491943,3.284161329269409,0.27912309597919355,1.3001372814178467,4.2692004438576365,-6.708062654435627,9.982492072629382,16.69119932389069,6.09429806162317,-10.596901262267519,0.9252695999448577,27.638421558194604
p257_028,/home/vpopescu/projects/ultra-low-power-se/datasets/datasets/voicebank-demand/16k/clean_test/p257_028.wav,/home/vpopescu/projects/ultra-low-power-se/datasets/datasets/voicebank-demand/16k/noisy_test/p257_028.wav,/tmp/exp_mask_df_v4_full_eval_txdanchi/p257_028.wav,2.2018453070850486,2.075956859707744,2.7846256609919013,3.1369872093200684,2.4948043823242188,3.170707941055298,0.7962510057212141,1.4649341106414795,2.4958950258382093,-1.986601483433315,9.39322276652206,11.332108506231684,5.989060931097767,-5.343047575133917,0.891231081756657,41.37636920419795
p257_029,/home/vpopescu/projects/ultra-low-power-se/datasets/datasets/voicebank-demand/16k/clean_test/p257_029.wav,/home/vpopescu/projects/ultra-low-power-se/datasets/datasets/voicebank-demand/16k/noisy_test/p257_029.wav,/tmp/exp_mask_df_v4_full_eval_txdanchi/p257_029.wav,2.0105393878010966,2.0013604447254894,2.747580755786236,3.20330810546875,2.5268301963806152,3.128591775894165,0.732417732173028,1.3834506273269653,0.7391971323640449,1.677191028989844,7.457972481241406,5.772567332994273,5.3684104762039775,-0.4041568567902951,0.8641370306037436,47.331347342875375
p257_030,/home/vpopescu/projects/ultra-low-power-se/datasets/datasets/voicebank-demand/16k/clean_test/p257_030.wav,/home/vpopescu/projects/ultra-low-power-se/datasets/datasets/voicebank-demand/16k/noisy_test/p257_030.wav,/tmp/exp_mask_df_v4_full_eval_txdanchi/p257_030.wav,1.9800152945378557,1.9999055017103582,2.9346823215256785,3.818864345550537,2.8356809616088867,3.474127769470215,0.49288344793749456,1.1515676975250244,1.020890548796568,4.09630189018961,5.523324605165756,1.4537304220360183,4.9749872265870385,3.52125680455102,0.8856142603405167,38.39288135046991
p257_031,/home/vpopescu/projects/ultra-low-power-se/datasets/datasets/voicebank-demand/16k/clean_test/p257_031.wav,/home/vpopescu/projects/ultra-low-power-se/datasets/datasets/voicebank-demand/16k/noisy_test/p257_031.wav,/tmp/exp_mask_df_v4_full_eval_txdanchi/p257_031.wav,2.351050669338683,2.4463977349453288,3.159475857409216,2.8902511596679688,2.7430760860443115,2.8025894165039062,0.5759955283998145,1.8887368440628052,2.9739709819236024,-5.360175619673047,9.80296023476792,15.149770609644664,6.02378551490691,-9.125985094737754,0.8244555261057339,53.30367342636068
p257_032,/home/vpopescu/projects/ultra-low-power-se/datasets/datasets/voicebank-demand/16k/clean_test/p257_032.wav,/home/vpopescu/projects/ultra-low-power-se/datasets/datasets/voicebank-demand/16k/noisy_test/p257_032.wav,/tmp/exp_mask_df_v4_full_eval_txdanchi/p257_032.wav,2.234625596287534,2.3999615030726233,3.23402353301769,3.1337697505950928,2.289592981338501,2.906216859817505,0.4550903777157464,1.681722640991211,1.7711289433107045,-2.675553223809384,8.40302017327612,11.06786524945053,5.10727815858038,-5.960587090870151,0.9108528376466491,44.97413564783414
p257_033,/home/vpopescu/projects/ultra-low-power-se/datasets/datasets/voicebank-demand/16k/clean_test/p257_033.wav,/home/vpopescu/projects/ultra-low-power-se/datasets/datasets/voicebank-demand/16k/noisy_test/p257_033.wav,/tmp/exp_mask_df_v4_full_eval_txdanchi/p257_033.wav,1.963075007862763,1.803795544432279,2.4799061247451744,2.88374924659729,1.9824209213256836,2.5903334617614746,0.9265724228294907,1.24846613407135,0.8432191870335961,1.640671708576476,7.2461141247384635,5.760523449875382,5.7395473462659385,-0.020976103609443797,0.8699888767046345,45.83065900092267
p257_034,/home/vpopescu/projects/ultra-low-power-se/datasets/datasets/voicebank-demand/16k/clean_test/p257_034.wav,/home/vpopescu/projects/ultra-low-power-se/datasets/datasets/voicebank-demand/16k/noisy_test/p257_034.wav,/tmp/exp_mask_df_v4_full_eval_txdanchi/p257_034.wav,1.9658732775787942,2.016616408395692,2.699256314037631,2.809300184249878,3.321152448654175,3.24664044380188,0.7888877171169211,1.4922585487365723,-0.10611264355399472,5.5692981727076,6.4281584400137115,0.7892461080972015,5.650320567994499,4.8610744598972975,0.8563314129347934,53.53445888191226
p257_035,/home/vpopescu/projects/ultra-low-power-se/datasets/datasets/voicebank-demand/16k/clean_test/p257_035.wav,/home/vpopescu/projects/ultra-low-power-se/datasets/datasets/voicebank-demand/16k/noisy_test/p257_035.wav,/tmp/exp_mask_df_v4_full_eval_txdanchi/p257_035.wav,2.7279478884647284,2.969743893400053,3.90574146158016,3.8730170726776123,2.539069652557373,3.0250110626220703,0.23810314375726316,2.008805274963379,4.01864302180924,-5.226646637811708,11.186623453632045,16.406178896489823,5.428336932972715,-10.977841963517108,0.9529423928800372,17.062220477392643
p257_036,/home/vpopescu/projects/ultra-low-power-se/datasets/datasets/voicebank-demand/16k/clean_test/p257_036.wav,/home/vpopescu/projects/ultra-low-power-se/datasets/datasets/voicebank-demand/16k/noisy_test/p257_036.wav,/tmp/exp_mask_df_v4_full_eval_txdanchi/p257_036.wav,2.4367804514885623,2.658873618147484,3.640948445867657,3.8347835540771484,2.6436991691589355,2.8767647743225098,0.24308851686182603,1.6922647953033447,2.647874615428849,0.9680710847042047,11.035073586744646,10.082590469952867,5.916144916467257,-4.166445553485611,0.945015185273455,24.705460205493466
p257_037,/home/vpopescu/projects/ultra-low-power-se/datasets/datasets/voicebank-demand/16k/clean_test/p257_037.wav,/home/vpopescu/projects/ultra-low-power-se/datasets/datasets/voicebank-demand/16k/noisy_test/p257_037.wav,/tmp/exp_mask_df_v4_full_eval_txdanchi/p257_037.wav,2.3022164863782844,2.4291960740482446,3.286739470332104,3.7803220748901367,2.9958951473236084,3.0739736557006836,0.48647876473803986,1.619767189025879,1.803288184057557,2.63858535874218,8.144318189663373,5.49311872068187,5.705510647431442,0.2123919267495724,0.8889664164942527,31.377055081673127
p257_038,/home/vpopescu/projects/ultra-low-power-se/datasets/datasets/voicebank-demand/16k/clean_test/p257_038.wav,/home/vpopescu/projects/ultra-low-power-se/datasets/datasets/voicebank-demand/16k/noisy_test/p257_038.wav,/tmp/exp_mask_df_v4_full_eval_txdanchi/p257_038.wav,2.4067953177831094,2.626763609371057,3.5930775397054378,3.7370944023132324,2.413182497024536,3.1721246242523193,0.2932484644114792,1.6644675731658936,2.129672873946384,5.27107646945408,7.280642966144163,2.030326943215697,5.467191901564896,3.436864958349199,0.9267945709618326,22.42708189268714
p257_039,/home/vpopescu/projects/ultra-low-power-se/datasets/datasets/voicebank-demand/16k/clean_test/p257_039.wav,/home/vpopescu/projects/ultra-low-power-se/datasets/datasets/voicebank-demand/16k/noisy_test/p257_039.wav,/tmp/exp_mask_df_v4_full_eval_txdanchi/p257_039.wav,2.4983658244326317,2.6393431422784146,3.636992202515553,3.6627819538116455,2.9816410541534424,3.1819937229156494,0.23956196390087292,1.6463226079940796,3.725626181762448,-5.425761021620321,10.869254119519034,16.313188215175927,5.633606817545562,-10.679581397630365,0.9358292045770159,22.470118805653215
p257_040,/home/vpopescu/projects/ultra-low-power-se/datasets/datasets/voicebank-demand/16k/clean_test/p257_040.wav,/home/vpopescu/projects/ultra-low-power-se/datasets/datasets/voicebank-demand/16k/noisy_test/p257_040.wav,/tmp/exp_mask_df_v4_full_eval_txdanchi/p257_040.wav,2.3168947363409615,2.358816270513328,3.2505180162097576,3.390132427215576,2.4939777851104736,2.9752085208892822,0.45366107869815636,1.5223114490509033,2.914283132917828,-1.8952104312900975,9.343378826168548,11.242683129044135,5.329739851139897,-5.912943277904238,0.922840501953804,32.62428195417044
p257_041,/home/vpopescu/projects/ultra-low-power-se/datasets/datasets/voicebank-demand/16k/clean_test/p257_041.wav,/home/vpopescu/projects/ultra-low-power-se/datasets/datasets/voicebank-demand/16k/noisy_test/p257_041.wav,/tmp/exp_mask_df_v4_full_eval_txdanchi/p257_041.wav,2.062404235175267,1.9049483724389857,2.705031055754816,3.718808889389038,3.127506732940674,3.2099688053131104,0.6982421694823916,1.2243318557739258,2.5446410920535043,1.8669786606291172,9.20995454794165,7.203011096293933,6.014257241077861,-1.1887538552160715,0.8848281343762894,45.30554009772003
p257_042,/home/vpopescu/projects/ultra-low-power-se/datasets/datasets/voicebank-demand/16k/clean_test/p257_042.wav,/home/vpopescu/projects/ultra-low-power-se/datasets/datasets/voicebank-demand/16k/noisy_test/p257_042.wav,/tmp/exp_mask_df_v4_full_eval_txdanchi/p257_042.wav,1.688930325084739,1.7676056890481688,2.5815447581179995,2.9225330352783203,1.8205692768096924,2.7271246910095215,0.689508275297006,1.1089166402816772,-1.7315533260855238,6.396022572621133,5.730503615316254,-0.6957976213991858,5.568520572013307,6.264318193412493,0.7313591151877831,52.29199563235922
p257_043,/home/vpopescu/projects/ultra-low-power-se/datasets/datasets/voicebank-demand/16k/clean_test/p257_043.wav,/home/vpopescu/projects/ultra-low-power-se/datasets/datasets/voicebank-demand/16k/noisy_test/p257_043.wav,/tmp/exp_mask_df_v4_full_eval_txdanchi/p257_043.wav,2.363350872183804,2.4095059055295813,3.378774850093966,3.5674002170562744,3.1986777782440186,3.2253990173339844,0.2966437246379093,1.5110247135162354,4.06457874538765,-3.9445318952184643,11.738214176254196,15.678708605161397,6.491644879002361,-9.187063726159035,0.932159858595687,35.56962883376835
p257_044,/home/vpopescu/projects/ultra-low-power-se/datasets/datasets/voicebank-demand/16k/clean_test/p257_044.wav,/home/vpopescu/projects/ultra-low-power-se/datasets/datasets/voicebank-demand/16k/noisy_test/p257_044.wav,/tmp/exp_mask_df_v4_full_eval_txdanchi/p257_044.wav,2.593369070531135,2.820419483331092,3.7202163930815337,3.9600002765655518,2.9967548847198486,3.2321088314056396,0.2910175063430592,1.94843590259552,3.5093200650973317,0.5436692097160858,10.960671783758023,10.358640721942152,6.344005205665956,-4.014635516276195,0.9347047309794067,27.58149357295081
p257_045,/home/vpopescu/projects/ultra-low-power-se/datasets/datasets/voicebank-demand/16k/clean_test/p257_045.wav,/home/vpopescu/projects/ultra-low-power-se/datasets/datasets/voicebank-demand/16k/noisy_test/p257_045.wav,/tmp/exp_mask_df_v4_full_eval_txdanchi/p257_045.wav,2.2492928299419077,2.6389274187189526,3.5221202970218397,3.7280139923095703,2.448315382003784,2.7289235591888428,0.33358235335524195,1.830310344696045,-0.03043287268765013,2.5378945304083445,7.334140394219277,4.72676897949567,4.652404651397219,-0.07436432809845162,0.9330192436866231,36.81117769192568
p257_046,/home/vpopescu/projects/ultra-low-power-se/datasets/datasets/voicebank-demand/16k/clean_test/p257_046.wav,/home/vpopescu/projects/ultra-low-power-se/datasets/datasets/voicebank-demand/16k/noisy_test/p257_046.wav,/tmp/exp_mask_df_v4_full_eval_txdanchi/p257_046.wav,2.4577417282791694,2.7854980355892134,3.689257230789571,3.6816365718841553,2.7294459342956543,2.8288114070892334,0.2983976122564406,1.909834623336792,1.6504767785045973,4.715993368943633,6.826428196672452,2.2847097466727515,5.395218636049766,3.110508889377014,0.8599881047778802,27.59132267451523
p257_047,/home/vpopescu/projects/ultra-low-power-se/datasets/datasets/voicebank-demand/16k/clean_test/p257_047.wav,/home/vpopescu/projects/ultra-low-power-se/datasets/datasets/voicebank-demand/16k/noisy_test/p257_047.wav,/tmp/exp_mask_df_v4_full_eval_txdanchi/p257_047.wav,2.400516761518955,2.4631825516050743,3.3194985753885766,3.44619083404541,2.868065595626831,3.4543843269348145,0.4346389211092429,1.689571738243103,3.6077625509752895,-4.741257292228376,11.37588396318492,16.108890830502048,5.513039873906411,-10.595850956595637,0.9106622968892574,38.34108143895592
p257_048,/home/vpopescu/projects/ultra-low-power-se/datasets/datasets/voicebank-demand/16k/clean_test/p257_048.wav,/home/vpopescu/projects/ultra-low-power-se/datasets/datasets/voicebank-demand/16k/noisy_test/p257_048.wav,/tmp/exp_mask_df_v4_full_eval_txdanchi/p257_048.wav,2.2849423241296156,2.3614083529936574,3.250201986165802,3.321742534637451,2.8889966011047363,2.974827527999878,0.43063658691051704,1.5505156517028809,2.699470741978023,-1.7370979428305233,9.246521094839256,10.977729335089393,5.614317643875745,-5.363411691213647,0.919924490726992,37.18154487556816
p257_049,/home/vpopescu/projects/ultra-low-power-se/datasets/datasets/voicebank-demand/16k/clean_test/p257_049.wav,/home/vpopescu/projects/ultra-low-power-se/datasets/datasets/voicebank-demand/16k/noisy_test/p257_049.wav,/tmp/exp_mask_df_v4_full_eval_txdanchi/p257_049.wav,2.191863561309953,2.14000858270347,3.013999639805483,3.1390540599823,2.933243751525879,3.316955327987671,0.4952909166013179,1.3828703165054321,3.340708298474353,2.1063336032055355,8.960967533960858,6.828131444329067,6.083335390572223,-0.7447960537568434,0.9047163818164786,44.80186754050401
p257_050,/home/vpopescu/projects/ultra-low-power-se/datasets/datasets/voicebank-demand/16k/clean_test/p257_050.wav,/home/vpopescu/projects/ultra-low-power-se/datasets/datasets/voicebank-demand/16k/noisy_test/p257_050.wav,/tmp/exp_mask_df_v4_full_eval_txdanchi/p257_050.wav,1.5242185134638713,1.2080647353620138,1.6359185989546217,2.64225172996521,2.73757004737854,2.859361171722412,1.375224002772183,1.0441290140151978,-1.37350355134175,5.091253131706912,5.2772433287148,0.30107734193010083,5.211106679222359,4.910029337292259,0.6695083656565661,74.62063307155185
p257_051,/home/vpopescu/projects/ultra-low-power-se/datasets/datasets/voicebank-demand/16k/clean_test/p257_051.wav,/home/vpopescu/projects/ultra-low-power-se/datasets/datasets/voicebank-demand/16k/noisy_test/p257_051.wav,/tmp/exp_mask_df_v4_full_eval_txdanchi/p257_051.wav,2.527190083074637,2.6951008063285773,3.6066054997561316,3.8027901649475098,1.852271318435669,2.9837143421173096,0.3015416589215634,1.8294206857681274,3.7447700257840766,-7.5696483418248945,9.33325259919214,16.90014035531425,5.731770180765972,-11.168370174548278,0.9258913337378424,31.027645192417847
p257_052,/home/vpopescu/projects/ultra-low-power-se/datasets/datasets/voicebank-demand/16k/clean_test/p257_052.wav,/home/vpopescu/projects/ultra-low-power-se/datasets/datasets/voicebank-demand/16k/noisy_test/p257_052.wav,/tmp/exp_mask_df_v4_full_eval_txdanchi/p257_052.wav,2.382253930975125,2.5828491843655432,3.428225961834904,3.378679037094116,3.1063730716705322,3.0712544918060303,0.39984307555879595,1.823898196220398,2.3984095569452197,0.4397334817201184,11.136772052786368,10.721717850195125,6.355098640703974,-4.366619209491151,0.8888110429934507,39.23845841511054
p257_053,/home/vpopescu/projects/ultra-low-power-se/datasets/datasets/voicebank-demand/16k/clean_test/p257_053.wav,/home/vpopescu/projects/ultra-low-power-se/datasets/datasets/voicebank-demand/16k/noisy_test/p257_053.wav,/tmp/exp_mask_df_v4_full_eval_txdanchi/p257_053.wav,1.8736552513806306,1.8828275697895118,2.761852357622905,3.32344913482666,2.9549689292907715,3.2249999046325684,0.5749379770462294,1.1327769756317139,0.4266271170638094,-0.7562164402975853,5.159355341774184,5.931468229285905,4.5390780938073325,-1.3923901354785722,0.8604828617381811,46.95566447804979
p257_054,/home/vpopescu/projects/ultra-low-power-se/datasets/datasets/voicebank-demand/16k/clean_test/p257_054.wav,/home/vpopescu/projects/ultra-low-power-se/datasets/datasets/voicebank-demand/16k/noisy_test/p257_054.wav,/tmp/exp_mask_df_v4_full_eval_txdanchi/p257_054.wav,1.6586794625438994,1.5101227824093166,2.0891194840033407,1.998889446258545,2.4709951877593994,2.2828869819641113,1.1345226683940681,1.100589394569397,-1.784542762841065,4.321582842731552,5.292028553230463,1.0810915710151447,5.290397742831447,4.209306171816301,0.8105344504850863,55.568010571612184
p257_055,/home/vpopescu/projects/ultra-low-power-se/datasets/datasets/voicebank-demand/16k/clean_test/p257_055.wav,/home/vpopescu/projects/ultra-low-power-se/datasets/datasets/voicebank-demand/16k/noisy_test/p257_055.wav,/tmp/exp_mask_df_v4_full_eval_txdanchi/p257_055.wav,2.772541934556211,3.1431394559914314,4.044851886759787,3.889387845993042,2.345127820968628,2.8546454906463623,0.2060647232312271,2.230341911315918,3.384430877312646,-5.938560433043019,10.123931711859582,16.05998137871858,5.743435659558802,-10.316545719159777,0.9458966451411802,20.111520617642046
p257_056,/home/vpopescu/projects/ultra-low-power-se/datasets/datasets/voicebank-demand/16k/clean_test/p257_056.wav,/home/vpopescu/projects/ultra-low-power-se/datasets/datasets/voicebank-demand/16k/noisy_test/p257_056.wav,/tmp/exp_mask_df_v4_full_eval_txdanchi/p257_056.wav,2.520650673939259,2.8297631913482117,3.713863137173907,3.621587038040161,2.960394859313965,2.643556833267212,0.3266847771085672,1.960343837738037,1.9786874865364923,0.8643538551254064,10.962388047328641,10.121442691259418,5.672842778419338,-4.44859991284008,0.9385605792198124,25.007284593045966
p257_057,/home/vpopescu/projects/ultra-low-power-se/datasets/datasets/voicebank-demand/16k/clean_test/p257_057.wav,/home/vpopescu/projects/ultra-low-power-se/datasets/datasets/voicebank-demand/16k/noisy_test/p257_057.wav,/tmp/exp_mask_df_v4_full_eval_txdanchi/p257_057.wav,2.4362162755234893,2.7421633733126782,3.662230621411612,3.9330756664276123,2.2428317070007324,3.095958948135376,0.30568093223472986,1.8371739387512207,1.5603197282266543,3.892860222490625,10.330066505269622,6.446841549605798,6.0182080223777,-0.4286335272280981,0.9249660309196012,24.893287153981884
p257_058,/home/vpopescu/projects/ultra-low-power-se/datasets/datasets/voicebank-demand/16k/clean_test/p257_058.wav,/home/vpopescu/projects/ultra-low-power-se/datasets/datasets/voicebank-demand/16k/noisy_test/p257_058.wav,/tmp/exp_mask_df_v4_full_eval_txdanchi/p257_058.wav,2.0561451208854518,2.2989961964349526,3.1330405030807085,3.7925896644592285,3.7624151706695557,3.5720746517181396,0.5389666956599427,1.5430104732513428,-0.8609142694317864,6.269992070612619,6.693646112721643,0.4199720875258962,5.609860984615174,5.189888897089277,0.9207290015346012,37.31089805064109
p257_059,/home/vpopescu/projects/ultra-low-power-se/datasets/datasets/voicebank-demand/16k/clean_test/p257_059.wav,/home/vpopescu/projects/ultra-low-power-se/datasets/datasets/voicebank-demand/16k/noisy_test/p257_059.wav,/tmp/exp_mask_df_v4_full_eval_txdanchi/p257_059.wav,2.471836057439791,2.612273183782551,3.5247604311801197,3.398510456085205,2.1495003700256348,2.988802671432495,0.32527409313763134,1.7520004510879517,3.5861378647068776,-5.152848666772128,11.53052707166431,16.692862716194593,5.589277266797103,-11.10358544939749,0.93388185086314,32.2209776652547
p257_060,/home/vpopescu/projects/ultra-low-power-se/datasets/datasets/voicebank-demand/16k/clean_test/p257_060.wav,/home/vpopescu/projects/ultra-low-power-se/datasets/datasets/voicebank-demand/16k/noisy_test/p257_060.wav,/tmp/exp_mask_df_v4_full_eval_txdanchi/p257_060.wav,2.3370477296833365,2.498077475224554,3.39008583437458,3.739675760269165,3.4366402626037598,3.5680253505706787,0.37582079822835673,1.6805031299591064,2.477373480357024,-0.7576966924639752,9.64170683205787,10.386915605924647,6.007350907081409,-4.379564698843239,0.9146072719994784,36.61532795708689
p257_061,/home/vpopescu/projects/ultra-low-power-se/datasets/datasets/voicebank-demand/16k/clean_test/p257_061.wav,/home/vpopescu/projects/ultra-low-power-se/datasets/datasets/voicebank-demand/16k/noisy_test/p257_061.wav,/tmp/exp_mask_df_v4_full_eval_txdanchi/p257_061.wav,2.018966009884289,2.1781726929205423,2.940857024619606,2.4944865703582764,2.3287408351898193,3.009059429168701,0.6197537044510291,1.558959722518921,-0.1069960389125837,2.053054916340475,7.37332386794968,5.320090210094931,5.1689901270275325,-0.15110008306739875,0.8564750020061108,50.49656957546605
p257_062,/home/vpopescu/projects/ultra-low-power-se/datasets/datasets/voicebank-demand/16k/clean_test/p257_062.wav,/home/vpopescu/projects/ultra-low-power-se/datasets/datasets/voicebank-demand/16k/noisy_test/p257_062.wav,/tmp/exp_mask_df_v4_full_eval_txdanchi/p257_062.wav,1.8681020648510944,1.912701477585493,2.754972969874326,3.2232022285461426,2.991837739944458,3.492952823638916,0.6197326862407178,1.199172019958496,-0.15513170735266138,5.254132620672628,6.392758676269618,1.1572591185410832,5.73132089638145,4.574061777840367,0.8555411435258244,47.046980446549874
p257_063,/home/vpopescu/projects/ultra-low-power-se/datasets/datasets/voicebank-demand/16k/clean_test/p257_063.wav,/home/vpopescu/projects/ultra-low-power-se/datasets/datasets/voicebank-demand/16k/noisy_test/p257_063.wav,/tmp/exp_mask_df_v4_full_eval_txdanchi/p257_063.wav,2.3666395210013045,2.4343622988920446,3.2658292306085306,3.8525516986846924,2.5916049480438232,3.2009756565093994,0.4914178161419811,1.6793078184127808,3.0127770931038818,-6.583210157342039,9.035934237245147,15.630214629457502,5.17870881021519,-10.45150581924231,0.8924542930229745,37.1249390093642
p257_064,/home/vpopescu/projects/ultra-low-power-se/datasets/datasets/voicebank-demand/16k/clean_test/p257_064.wav,/home/vpopescu/projects/ultra-low-power-se/datasets/datasets/voicebank-demand/16k/noisy_test/p257_064.wav,/tmp/exp_mask_df_v4_full_eval_txdanchi/p257_064.wav,2.4835820329154568,2.846366216205379,3.7165471538921224,3.6057369709014893,2.1675467491149902,2.7597835063934326,0.29241128037176667,2.0329558849334717,1.7821875481425178,-0.7736528407329839,9.41434474029772,10.194385075927512,5.2232406331369505,-4.971144442790561,0.9176274973744621,33.492670802245925
p257_065,/home/vpopescu/projects/ultra-low-power-se/datasets/datasets/voicebank-demand/16k/clean_test/p257_065.wav,/home/vpopescu/projects/ultra-low-power-se/datasets/datasets/voicebank-demand/16k/noisy_test/p257_065.wav,/tmp/exp_mask_df_v4_full_eval_txdanchi/p257_065.wav,2.179875742917501,2.2778287951968537,3.2212219347817608,3.436018705368042,2.8733298778533936,3.122600793838501,0.40787641358825183,1.3883817195892334,1.7018261312562182,3.4614941750597863,9.575042710155579,6.126914302750927,6.267234537418993,0.1403202346680663,0.9003731794400182,32.14082361647063
p257_066,/home/vpopescu/projects/ultra-low-power-se/datasets/datasets/voicebank-demand/16k/clean_test/p257_066.wav,/home/vpopescu/projects/ultra-low-power-se/datasets/datasets/voicebank-demand/16k/noisy_test/p257_066.wav,/tmp/exp_mask_df_v4_full_eval_txdanchi/p257_066.wav,2.047840273597911,2.2669439327738066,3.23793260265041,3.6582913398742676,3.5614476203918457,3.612616539001465,0.34869351468711035,1.368091106414795,0.15446116034828128,6.185382351104933,6.923674787976014,0.6554577465954138,5.7907069738239585,5.135249227228544,0.8846758327794899,35.69118976718613
p257_067,/home/vpopescu/projects/ultra-low-power-se/datasets/datasets/voicebank-demand/16k/clean_test/p257_067.wav,/home/vpopescu/projects/ultra-low-power-se/datasets/datasets/voicebank-demand/16k/noisy_test/p257_067.wav,/tmp/exp_mask_df_v4_full_eval_txdanchi/p257_067.wav,2.064022326609528,1.8434226855449334,2.6792566541361453,3.069002151489258,2.8897032737731934,3.146146059036255,0.685161782299416,1.1121073961257935,3.07072900095917,-4.226965764966614,11.239833186420293,15.48016455223167,6.086427431146413,-9.393737121085257,0.895529913826825,42.14584797128988
p257_068,/home/vpopescu/projects/ultra-low-power-se/datasets/datasets/voicebank-demand/16k/clean_test/p257_068.wav,/home/vpopescu/projects/ultra-low-power-se/datasets/datasets/voicebank-demand/16k/noisy_test/p257_068.wav,/tmp/exp_mask_df_v4_full_eval_txdanchi/p257_068.wav,2.273488536571172,2.486553433440327,3.381592411099554,3.9256598949432373,2.3478620052337646,3.1193933486938477,0.36276729369861166,1.677067756652832,1.7396730981370232,-0.2604820456473771,9.67584761618459,9.969663962933522,5.73183508245923,-4.237828880474292,0.9073195207856447,38.82132232735912
p257_069,/home/vpopescu/projects/ultra-low-power-se/datasets/datasets/voicebank-demand/16k/clean_test/p257_069.wav,/home/vpopescu/projects/ultra-low-power-se/datasets/datasets/voicebank-demand/16k/noisy_test/p257_069.wav,/tmp/exp_mask_df_v4_full_eval_txdanchi/p257_069.wav,1.8827133037744506,1.5252545226483476,2.020176134037473,2.543133020401001,2.639619827270508,3.2491090297698975,1.264541988186582,1.1936413049697876,0.9576823793602227,0.3396081273870548,7.174128730568232,6.885413216248097,5.37948870900385,-1.5059245072442478,0.7752363317675929,54.59731855725735
p257_070,/home/vpopescu/projects/ultra-low-power-se/datasets/datasets/voicebank-demand/16k/clean_test/p257_070.wav,/home/vpopescu/projects/ultra-low-power-se/datasets/datasets/voicebank-demand/16k/noisy_test/p257_070.wav,/tmp/exp_mask_df_v4_full_eval_txdanchi/p257_070.wav,1.5831204939922985,1.2561543292418915,1.6267045925753776,1.966243028640747,2.6235921382904053,2.764857769012451,1.4813113186500253,1.1175442934036255,-1.6829880389749208,2.7119429189103874,4.293847856867361,1.5578404607909704,4.6322533566266015,3.074412895835631,0.7049977108240923,68.43391882845917
p257_071,/home/vpopescu/projects/ultra-low-power-se/datasets/datasets/voicebank-demand/16k/clean_test/p257_071.wav,/home/vpopescu/projects/ultra-low-power-se/datasets/datasets/voicebank-demand/16k/noisy_test/p257_071.wav,/tmp/exp_mask_df_v4_full_eval_txdanchi/p257_071.wav,2.4533197147259087,2.635665613477846,3.5859555380318806,3.6624464988708496,1.9602439403533936,2.636262893676758,0.25140922602691596,1.7433514595031738,3.4763254726955513,-7.2678153329102315,9.457777596186451,16.707230079054092,5.6617271075052225,-11.04550297154887,0.919030638824425,33.287255385204055
p257_072,/home/vpopescu/projects/ultra-low-power-se/datasets/datasets/voicebank-demand/16k/clean_test/p257_072.wav,/home/vpopescu/projects/ultra-low-power-se/datasets/datasets/voicebank-demand/16k/noisy_test/p257_072.wav,/tmp/exp_mask_df_v4_full_eval_txdanchi/p257_072.wav,2.192413697677199,2.163334645272048,2.9993164808723445,3.4792861938476562,3.3858978748321533,3.535271406173706,0.5369407011692324,1.4505407810211182,2.99194045714936,-1.7084290308102954,9.002123077653504,10.713110244769311,5.917905380863674,-4.795204863905637,0.8951016127222695,46.20529206447217
p257_073,/home/vpopescu/projects/ultra-low-power-se/datasets/datasets/voicebank-demand/16k/clean_test/p257_073.wav,/home/vpopescu/projects/ultra-low-power-se/datasets/datasets/voicebank-demand/16k/noisy_test/p257_073.wav,/tmp/exp_mask_df_v4_full_eval_txdanchi/p257_073.wav,2.280681910512561,2.3081422966577256,3.128539597463128,3.481832265853882,3.220609664916992,3.3176350593566895,0.5747305732591315,1.5499595403671265,2.303402064225564,2.4015513001287676,8.640185739846233,6.2114293492389985,6.028380057067641,-0.1830492921713578,0.90143492690821,34.187582832733696
p257_074,/home/vpopescu/projects/ultra-low-power-se/datasets/datasets/voicebank-demand/16k/clean_test/p257_074.wav,/home/vpopescu/projects/ultra-low-power-se/datasets/datasets/voicebank-demand/16k/noisy_test/p257_074.wav,/tmp/exp_mask_df_v4_full_eval_txdanchi/p257_074.wav,1.858561021226284,1.9999618034499964,2.778091116067708,1.567541480064392,2.075206995010376,1.4415706396102905,0.6250830263629396,1.400769829750061,-0.6887548792582187,4.4508842191472535,5.091179586501617,0.5864688917037794,5.182379390476455,4.5959104987726755,0.875761664621946,57.373628571568226
p257_075,/home/vpopescu/projects/ultra-low-power-se/datasets/datasets/voicebank-demand/16k/clean_test/p257_075.wav,/home/vpopescu/projects/ultra-low-power-se/datasets/datasets/voicebank-demand/16k/noisy_test/p257_075.wav,/tmp/exp_mask_df_v4_full_eval_txdanchi/p257_075.wav,2.602618651003695,2.8960112341879976,3.8670184348175476,3.8421788215637207,2.4902660846710205,2.702497959136963,0.1805969013914234,1.9283475875854492,3.249388324503671,-2.932542105915239,12.408025652131762,15.340357664998198,5.391798806533698,-9.9485588584645,0.9371969398462833,22.548994329411514
p257_076,/home/vpopescu/projects/ultra-low-power-se/datasets/datasets/voicebank-demand/16k/clean_test/p257_076.wav,/home/vpopescu/projects/ultra-low-power-se/datasets/datasets/voicebank-demand/16k/noisy_test/p257_076.wav,/tmp/exp_mask_df_v4_full_eval_txdanchi/p257_076.wav,2.5368224027425423,2.714518401940047,3.6187209253008548,3.783621311187744,2.6999382972717285,2.8988401889801025,0.3545446824811701,1.8136824369430542,3.0770044484526298,-0.3031050488013385,10.34939571240313,10.65584222024432,5.837853759187368,-4.817988461056952,0.9126543348338485,22.567011766964722
p257_077,/home/vpopescu/projects/ultra-low-power-se/datasets/datasets/voicebank-demand/16k/clean_test/p257_077.wav,/home/vpopescu/projects/ultra-low-power-se/datasets/datasets/voicebank-demand/16k/noisy_test/p257_077.wav,/tmp/exp_mask_df_v4_full_eval_txdanchi/p257_077.wav,2.222777859742388,2.338554099448712,3.302731122650333,3.624659776687622,2.514420509338379,2.8511767387390137,0.3633917067284954,1.4186069965362549,1.937328481207016,3.4993788165085853,9.082032879713696,5.549965407846662,5.9453344371083645,0.3953690292617029,0.9188579690110623,30.195425559711904
p257_078,/home/vpopescu/projects/ultra-low-power-se/datasets/datasets/voicebank-demand/16k/clean_test/p257_078.wav,/home/vpopescu/projects/ultra-low-power-se/datasets/datasets/voicebank-demand/16k/noisy_test/p257_078.wav,/tmp/exp_mask_df_v4_full_eval_txdanchi/p257_078.wav,2.092421178878339,2.13155468176465,3.0690935059151148,3.836698532104492,2.2714319229125977,3.210455894470215,0.49126571165217675,1.23363196849823,1.15454137216978,5.722811468517139,7.140126826065027,1.4244846941069227,5.535619319385843,4.11113462527892,0.9353422715181994,29.141572644358668
p257_079,/home/vpopescu/projects/ultra-low-power-se/datasets/datasets/voicebank-demand/16k/clean_test/p257_079.wav,/home/vpopescu/projects/ultra-low-power-se/datasets/datasets/voicebank-demand/16k/noisy_test/p257_079.wav,/tmp/exp_mask_df_v4_full_eval_txdanchi/p257_079.wav,2.460666659010696,2.6038273772422005,3.5361816413694265,3.934390068054199,3.6083743572235107,3.8745362758636475,0.3080359566631351,1.7152187824249268,3.49208593349082,-5.428230252904937,10.934432697655618,16.371575609112544,5.910447401177303,-10.46112820793524,0.9305562709023126,30.458476114048718
p257_080,/home/vpopescu/projects/ultra-low-power-se/datasets/datasets/voicebank-demand/16k/clean_test/p257_080.wav,/home/vpopescu/projects/ultra-low-power-se/datasets/datasets/voicebank-demand/16k/noisy_test/p257_080.wav,/tmp/exp_mask_df_v4_full_eval_txdanchi/p257_080.wav,2.204403652288616,2.187036312742036,3.16256883413358,3.586466073989868,2.195852279663086,2.8037006855010986,0.3798387807816543,1.2779971361160278,3.18722138565579,-1.540230487122649,9.99288841997871,11.547054182090319,5.635044070141428,-5.912010111948891,0.931266381243193,34.46770372445141
p257_081,/home/vpopescu/projects/ultra-low-power-se/datasets/datasets/voicebank-demand/16k/clean_test/p257_081.wav,/home/vpopescu/projects/ultra-low-power-se/datasets/datasets/voicebank-demand/16k/noisy_test/p257_081.wav,/tmp/exp_mask_df_v4_full_eval_txdanchi/p257_081.wav,1.8330715889175713,1.7329452936459795,2.4757181227378213,3.1353759765625,3.1159915924072266,2.998276710510254,0.8138225864842593,1.1440513134002686,0.27863349957998856,3.448961885246062,8.48554255549834,5.0450514327102125,5.783200897393556,0.7381494646833433,0.7884417605123116,52.19126419447091
p257_082,/home/vpopescu/projects/ultra-low-power-se/datasets/datasets/voicebank-demand/16k/clean_test/p257_082.wav,/home/vpopescu/projects/ultra-low-power-se/datasets/datasets/voicebank-demand/16k/noisy_test/p257_082.wav,/tmp/exp_mask_df_v4_full_eval_txdanchi/p257_082.wav,1.9644968161004046,2.036833612786819,2.8967552317655523,3.328864812850952,2.776442050933838,3.368199110031128,0.5716614224970086,1.2816648483276367,0.22344381584530115,5.070187323487518,6.030879949208704,0.9299811988731137,5.227203605415012,4.2972224065418985,0.8725172481752664,42.31656311406569
p257_083,/home/vpopescu/projects/ultra-low-power-se/datasets/datasets/voicebank-demand/16k/clean_test/p257_083.wav,/home/vpopescu/projects/ultra-low-power-se/datasets/datasets/voicebank-demand/16k/noisy_test/p257_083.wav,/tmp/exp_mask_df_v4_full_eval_txdanchi/p257_083.wav,2.7041133291835697,3.041713993109676,4.020785157176206,3.5957753658294678,1.597658634185791,2.1477792263031006,0.14118919356107537,2.0398623943328857,3.446753522499638,-6.045231843567027,10.010030589976784,16.04323873768566,5.504042077284837,-10.539196660400822,0.9296404684543748,17.44090960357527
p257_084,/home/vpopescu/projects/ultra-low-power-se/datasets/datasets/voicebank-demand/16k/clean_test/p257_084.wav,/home/vpopescu/projects/ultra-low-power-se/datasets/datasets/voicebank-demand/16k/noisy_test/p257_084.wav,/tmp/exp_mask_df_v4_full_eval_txdanchi/p257_084.wav,2.651292328178973,2.9110326218728293,3.8181428832918485,4.123156547546387,2.8352818489074707,3.4363536834716797,0.266829799983543,2.012192487716675,3.517933209490841,-1.3492251424088302,10.005587209271942,11.291936076784019,5.6561249280952595,-5.635811148688759,0.9391500002916962,23.737924735360053
p257_085,/home/vpopescu/projects/ultra-low-power-se/datasets/datasets/voicebank-demand/16k/clean_test/p257_085.wav,/home/vpopescu/projects/ultra-low-power-se/datasets/datasets/voicebank-demand/16k/noisy_test/p257_085.wav,/tmp/exp_mask_df_v4_full_eval_txdanchi/p257_085.wav,2.2626385329292105,2.251038296966809,3.19319760520355,3.824110746383667,3.7892508506774902,3.6089093685150146,0.4530699650924315,1.3347370624542236,2.7950386231366364,2.3641822629926637,9.068433763535213,6.7619271433372665,5.308315139369554,-1.453612003967713,0.9137248432514365,26.493316597359442
p257_086,/home/vpopescu/projects/ultra-low-power-se/datasets/datasets/voicebank-demand/16k/clean_test/p257_086.wav,/home/vpopescu/projects/ultra-low-power-se/datasets/datasets/voicebank-demand/16k/noisy_test/p257_086.wav,/tmp/exp_mask_df_v4_full_eval_txdanchi/p257_086.wav,2.073270987562323,2.260342324701633,3.314987524762351,3.623664379119873,2.6793758869171143,3.169919013977051,0.25512024463830224,1.2503740787506104,0.8123717675766556,5.524165403058138,6.87458281749061,1.4113717611278593,5.4156549778089955,4.004283216681136,0.8769817512803465,29.941034776828243
p257_087,/home/vpopescu/projects/ultra-low-power-se/datasets/datasets/voicebank-demand/16k/clean_test/p257_087.wav,/home/vpopescu/projects/ultra-low-power-se/datasets/datasets/voicebank-demand/16k/noisy_test/p257_087.wav,/tmp/exp_mask_df_v4_full_eval_txdanchi/p257_087.wav,2.2720562431622544,2.1600406938618777,2.8507961139927036,2.890760898590088,1.490661859512329,2.440227746963501,0.776000872661654,1.5793886184692383,3.034336202175422,-5.36697320401111,10.70565622031356,16.054699412262078,5.474150010645554,-10.580549401616524,0.8507651369510661,44.00781388615612
p257_088,/home/vpopescu/projects/ultra-low-power-se/datasets/datasets/voicebank-demand/16k/clean_test/p257_088.wav,/home/vpopescu/projects/ultra-low-power-se/datasets/datasets/voicebank-demand/16k/noisy_test/p257_088.wav,/tmp/exp_mask_df_v4_full_eval_txdanchi/p257_088.wav,2.271862983868811,2.2492036311940025,3.138793604349293,3.597479820251465,2.261091470718384,3.448542356491089,0.49511651119121525,1.4191303253173828,3.0669097670427075,-2.8956505022078787,8.747541608118565,11.638959825648062,5.145815463284189,-6.493144362363873,0.9074093432480705,33.38523242236978
p257_089,/home/vpopescu/projects/ultra-low-power-se/datasets/datasets/voicebank-demand/16k/clean_test/p257_089.wav,/home/vpopescu/projects/ultra-low-power-se/datasets/datasets/voicebank-demand/16k/noisy_test/p257_089.wav,/tmp/exp_mask_df_v4_full_eval_txdanchi/p257_089.wav,2.145976800148078,2.1338804024442943,2.981094848791962,2.9774515628814697,3.165907859802246,3.4431138038635254,0.5583585436652655,1.3866796493530273,2.2168423600890135,2.050092510431277,8.509074446771542,6.449294381814154,5.831557888433583,-0.6177364933805709,0.8952568899879051,41.50244870403948
p257_090,/home/vpopescu/projects/ultra-low-power-se/datasets/datasets/voicebank-demand/16k/clean_test/p257_090.wav,/home/vpopescu/projects/ultra-low-power-se/datasets/datasets/voicebank-demand/16k/noisy_test/p257_090.wav,/tmp/exp_mask_df_v4_full_eval_txdanchi/p257_090.wav,1.5301979744215022,1.0,1.0198471489510659,1.8160573244094849,2.050077199935913,2.6977956295013428,2.0778788051328556,1.0967134237289429,-2.606601575939937,3.023923787695221,3.2097272520833946,0.2532696262433188,4.231785521648611,3.978515895405292,0.6637528319830162,66.2593061195309
p257_091,/home/vpopescu/projects/ultra-low-power-se/datasets/datasets/voicebank-demand/16k/clean_test/p257_091.wav,/home/vpopescu/projects/ultra-low-power-se/datasets/datasets/voicebank-demand/16k/noisy_test/p257_091.wav,/tmp/exp_mask_df_v4_full_eval_txdanchi/p257_091.wav,2.3636940913327305,2.189362714321174,2.9175582310396138,3.7973434925079346,2.6800661087036133,2.9907913208007812,0.8008846944813338,1.4907609224319458,3.3612259535295244,-5.289213288373988,10.528342851062337,15.793267360578177,6.079591438934089,-9.71367592164409,0.8865071606525411,27.806694951728556
p257_092,/home/vpopescu/projects/ultra-low-power-se/datasets/datasets/voicebank-demand/16k/clean_test/p257_092.wav,/home/vpopescu/projects/ultra-low-power-se/datasets/datasets/voicebank-demand/16k/noisy_test/p257_092.wav,/tmp/exp_mask_df_v4_full_eval_txdanchi/p257_092.wav,2.0682860604726296,2.0845057084407284,2.8758417880330005,3.4914402961730957,2.741851329803467,3.173259973526001,0.5915866478811833,1.4548583030700684,1.851216720962658,-0.20828239886217226,9.426017088171445,9.689875013599895,5.910719472654094,-3.7791555409458013,0.7762546772487023,53.966123116501514
p257_093,/home/vpopescu/projects/ultra-low-power-se/datasets/datasets/voicebank-demand/16k/clean_test/p257_093.wav,/home/vpopescu/projects/ultra-low-power-se/datasets/datasets/voicebank-demand/16k/noisy_test/p257_093.wav,/tmp/exp_mask_df_v4_full_eval_txdanchi/p257_093.wav,1.7716871243114864,1.908085571719007,2.591737448934225,2.100672721862793,2.439802646636963,2.062303066253662,0.7523174849206595,1.4495185613632202,-1.3903560336686536,4.037619147323979,8.617685905671292,4.622517846222111,6.489810362461554,1.8672925162394431,0.855053777039857,66.79861684271535
p257_094,/home/vpopescu/projects/ultra-low-power-se/datasets/datasets/voicebank-demand/16k/clean_test/p257_094.wav,/home/vpopescu/projects/ultra-low-power-se/datasets/datasets/voicebank-demand/16k/noisy_test/p257_094.wav,/tmp/exp_mask_df_v4_full_eval_txdanchi/p257_094.wav,1.5449730967777755,1.6282499189267152,2.367014306270884,2.8053483963012695,3.2352750301361084,3.534393310546875,0.7977847988335935,1.097849726676941,-2.7419964845774514,5.018064759670121,4.343488905755136,-0.6116947510201645,4.749134994457194,5.360829745477358,0.7196223032675633,63.00761343506038
p257_095,/home/vpopescu/projects/ultra-low-power-se/datasets/datasets/voicebank-demand/16k/clean_test/p257_095.wav,/home/vpopescu/projects/ultra-low-power-se/datasets/datasets/voicebank-demand/16k/noisy_test/p257_095.wav,/tmp/exp_mask_df_v4_full_eval_txdanchi/p257_095.wav,2.769704832105457,2.9899629940716066,3.945226855563131,4.279274940490723,2.8677964210510254,3.5677573680877686,0.19618025658517288,2.0135552883148193,4.725875014939495,-5.403498233292094,11.144141574680983,16.54909012602453,5.7771373025201225,-10.771952823504408,0.9413048652300384,17.786388807173548
p257_096,/home/vpopescu/projects/ultra-low-power-se/datasets/datasets/voicebank-demand/16k/clean_test/p257_096.wav,/home/vpopescu/projects/ultra-low-power-se/datasets/datasets/voicebank-demand/16k/noisy_test/p257_096.wav,/tmp/exp_mask_df_v4_full_eval_txdanchi/p257_096.wav,2.4691532813237407,2.739969978040616,3.7250911817022523,4.19383430480957,3.1743626594543457,3.409621477127075,0.2086847583252202,1.7683712244033813,2.5491126571510763,-1.2192093742656755,8.998109670315802,10.227755228172146,5.198043245905036,-5.02971198226711,0.8890028264122435,24.38889447737056
p257_097,/home/vpopescu/projects/ultra-low-power-se/datasets/datasets/voicebank-demand/16k/clean_test/p257_097.wav,/home/vpopescu/projects/ultra-low-power-se/datasets/datasets/voicebank-demand/16k/noisy_test/p257_097.wav,/tmp/exp_mask_df_v4_full_eval_txdanchi/p257_097.wav,2.471816916398961,2.7270728361590906,3.6405340960164776,4.134586811065674,2.866743803024292,3.4698164463043213,0.3135791743222184,1.8357073068618774,2.293140195725853,3.027758002239083,9.027111909581812,5.997909218035726,5.696812358475716,-0.3010968595600101,0.9353031395889562,26.302715515963552
p257_098,/home/vpopescu/projects/ultra-low-power-se/datasets/datasets/voicebank-demand/16k/clean_test/p257_098.wav,/home/vpopescu/projects/ultra-low-power-se/datasets/datasets/voicebank-demand/16k/noisy_test/p257_098.wav,/tmp/exp_mask_df_v4_full_eval_txdanchi/p257_098.wav,1.8291398994478505,1.95740158219585,2.8657416542824734,3.6002566814422607,2.3111722469329834,2.9474730491638184,0.5683926153852102,1.1198557615280151,-1.4775534572312075,6.803672142266244,6.078303795861403,-0.7459430426239043,5.356246624381143,6.102189667005047,0.7494452808134973,35.29504096528208
p257_099,/home/vpopescu/projects/ultra-low-power-se/datasets/datasets/voicebank-demand/16k/clean_test/p257_099.wav,/home/vpopescu/projects/ultra-low-power-se/datasets/datasets/voicebank-demand/16k/noisy_test/p257_099.wav,/tmp/exp_mask_df_v4_full_eval_txdanchi/p257_099.wav,2.6000407988268943,2.818941437738233,3.707099143270752,3.999809503555298,2.319685697555542,3.381950616836548,0.318055659821622,1.9511985778808594,3.4332825115401966,-5.524583830498139,10.275771859845314,15.800267952610579,5.996832061155276,-9.803435891455303,0.9320416861295683,26.13270280388411
p257_100,/home/vpopescu/projects/ultra-low-power-se/datasets/datasets/voicebank-demand/16k/clean_test/p257_100.wav,/home/vpopescu/projects/ultra-low-power-se/datasets/datasets/voicebank-demand/16k/noisy_test/p257_100.wav,/tmp/exp_mask_df_v4_full_eval_txdanchi/p257_100.wav,2.169735615294394,2.148639495270581,3.0953288183462413,3.477769136428833,3.20062518119812,3.002192735671997,0.41205259677835643,1.2917252779006958,3.05586279915591,1.193613862568533,11.294734419053425,10.119147754160522,6.159724406817752,-3.9594233473427707,0.8418458951023702,39.17548912699439
p257_101,/home/vpopescu/projects/ultra-low-power-se/datasets/datasets/voicebank-demand/16k/clean_test/p257_101.wav,/home/vpopescu/projects/ultra-low-power-se/datasets/datasets/voicebank-demand/16k/noisy_test/p257_101.wav,/tmp/exp_mask_df_v4_full_eval_txdanchi/p257_101.wav,2.096768032398197,2.104332263849802,3.021920659838524,3.5596044063568115,2.712130546569824,3.101348876953125,0.4563358440697754,1.2917838096618652,2.2413511451444488,2.48093432096712,8.9163421872284,6.41262384819027,5.7025120911284315,-0.7101117570618385,0.8927220014048652,42.272821537753515
p257_102,/home/vpopescu/projects/ultra-low-power-se/datasets/datasets/voicebank-demand/16k/clean_test/p257_102.wav,/home/vpopescu/projects/ultra-low-power-se/datasets/datasets/voicebank-demand/16k/noisy_test/p257_102.wav,/tmp/exp_mask_df_v4_full_eval_txdanchi/p257_102.wav,1.8218659821018002,1.7513864449512742,2.517549785394752,3.0452239513397217,3.4343035221099854,3.5999915599823,0.7681491600876119,1.1412971019744873,0.16494157986232538,5.541249842084544,6.758400358523415,1.257331057753652,5.87797600666082,4.6206449489071675,0.8637714229826344,52.58076459619013
p257_103,/home/vpopescu/projects/ultra-low-power-se/datasets/datasets/voicebank-demand/16k/clean_test/p257_103.wav,/home/vpopescu/projects/ultra-low-power-se/datasets/datasets/voicebank-demand/16k/noisy_test/p257_103.wav,/tmp/exp_mask_df_v4_full_eval_txdanchi/p257_103.wav,2.5422148022922917,2.719023905424202,3.5636613907873516,4.053919315338135,2.729994773864746,3.255695104598999,0.3786875680115422,1.9338264465332031,3.5184779375006032,-4.359333576855786,11.514206965582785,15.863824507024235,5.660085783387126,-10.203738723637109,0.9400799327848831,33.97404988758811
p257_104,/home/vpopescu/projects/ultra-low-power-se/datasets/datasets/voicebank-demand/16k/clean_test/p257_104.wav,/home/vpopescu/projects/ultra-low-power-se/datasets/datasets/voicebank-demand/16k/noisy_test/p257_104.wav,/tmp/exp_mask_df_v4_full_eval_txdanchi/p257_104.wav,2.6004702513440985,2.8917143444183298,3.836535693389745,4.1554789543151855,2.999800682067871,3.303100347518921,0.21291817868779356,1.9583851099014282,3.1767258789743846,-0.8457968833462743,10.097728409591609,10.967301678097288,5.446560736477688,-5.5207409416196,0.9060181381681247,24.253080223452905
p257_105,/home/vpopescu/projects/ultra-low-power-se/datasets/datasets/voicebank-demand/16k/clean_test/p257_105.wav,/home/vpopescu/projects/ultra-low-power-se/datasets/datasets/voicebank-demand/16k/noisy_test/p257_105.wav,/tmp/exp_mask_df_v4_full_eval_txdanchi/p257_105.wav,2.2813599738804915,2.3467534718290914,3.2089316945074287,3.8409509658813477,2.256223678588867,2.7348549365997314,0.47969897525294797,1.560330867767334,2.5274415949493534,3.460657715761206,9.297075993777739,5.894684292710415,6.389872537782992,0.4951882450725771,0.8525664116653515,36.81528591344337
p257_106,/home/vpopescu/projects/ultra-low-power-se/datasets/datasets/voicebank-demand/16k/clean_test/p257_106.wav,/home/vpopescu/projects/ultra-low-power-se/datasets/datasets/voicebank-demand/16k/noisy_test/p257_106.wav,/tmp/exp_mask_df_v4_full_eval_txdanchi/p257_106.wav,2.2778304429743357,2.4387802041411573,3.3605571405512604,3.634984254837036,2.9703900814056396,3.374138355255127,0.36210486225095523,1.5841467380523682,2.0899767095843496,6.1359745276722055,7.655115033509827,1.448505064641607,6.232807723690054,4.784302659048446,0.9035520961141066,35.00860435978716
p257_107,/home/vpopescu/projects/ultra-low-power-se/datasets/datasets/voicebank-demand/16k/clean_test/p257_107.wav,/home/vpopescu/projects/ultra-low-power-se/datasets/datasets/voicebank-demand/16k/noisy_test/p257_107.wav,/tmp/exp_mask_df_v4_full_eval_txdanchi/p257_107.wav,2.3385292491398864,2.2344810689271153,3.0480375699993796,3.44307804107666,3.188293933868408,3.480980634689331,0.5800686018486932,1.5124962329864502,4.153005146869985,-4.8316474559902645,10.984307219218575,15.811793913464951,6.388559446766702,-9.42323446669825,0.8986590346182307,40.01189635434941
p257_108,/home/vpopescu/projects/ultra-low-power-se/datasets/datasets/voicebank-demand/16k/clean_test/p257_108.wav,/home/vpopescu/projects/ultra-low-power-se/datasets/datasets/voicebank-demand/16k/noisy_test/p257_108.wav,/tmp/exp_mask_df_v4_full_eval_txdanchi/p257_108.wav,2.002178536578148,1.8555728600357162,2.7080621266544225,3.5061168670654297,1.659825325012207,2.538996458053589,0.6338868723418356,1.1255900859832764,2.3829135876181455,-2.5792453581046004,8.114420548602077,10.706650299504524,5.393989252279919,-5.312661047224605,0.8979045026171566,45.711011505971605
p257_109,/home/vpopescu/projects/ultra-low-power-se/datasets/datasets/voicebank-demand/16k/clean_test/p257_109.wav,/home/vpopescu/projects/ultra-low-power-se/datasets/datasets/voicebank-demand/16k/noisy_test/p257_109.wav,/tmp/exp_mask_df_v4_full_eval_txdanchi/p257_109.wav,2.1180139036129857,1.9921299868688394,2.7861795825727365,2.7847819328308105,1.5350360870361328,2.433079481124878,0.7047196317199695,1.2903985977172852,2.3337747104297577,1.2235663284018834,7.71507476342681,6.411222092464312,5.551486809887349,-0.8597352825769633,0.8947870389741924,39.97491897899305
p257_110,/home/vpopescu/projects/ultra-low-power-se/datasets/datasets/voicebank-demand/16k/clean_test/p257_110.wav,/home/vpopescu/projects/ultra-low-power-se/datasets/datasets/voicebank-demand/16k/noisy_test/p257_110.wav,/tmp/exp_mask_df_v4_full_eval_txdanchi/p257_110.wav,1.890033231650992,1.561997503030695,2.156653035812663,2.961897134780884,2.4700820446014404,2.965090036392212,1.0654650413936295,1.1579115390777588,1.9230904873839108,4.87948455058423,7.135727130574486,2.036787507127085,5.9867007491783255,3.9499132420512404,0.7767312338182835,59.80045496190896
p257_111,/home/vpopescu/projects/ultra-low-power-se/datasets/datasets/voicebank-demand/16k/clean_test/p257_111.wav,/home/vpopescu/projects/ultra-low-power-se/datasets/datasets/voicebank-demand/16k/noisy_test/p257_111.wav,/tmp/exp_mask_df_v4_full_eval_txdanchi/p257_111.wav,2.3452742268210542,2.0895920183602485,2.676785835470682,3.3692879676818848,3.422093391418457,3.57157301902771,1.0101105738496519,1.5716238021850586,3.371850443877745,-6.267883796836102,10.426581339508454,16.687954310550573,6.260566775624046,-10.427387534926527,0.9087378669450403,36.055504083957416
p257_112,/home/vpopescu/projects/ultra-low-power-se/datasets/datasets/voicebank-demand/16k/clean_test/p257_112.wav,/home/vpopescu/projects/ultra-low-power-se/datasets/datasets/voicebank-demand/16k/noisy_test/p257_112.wav,/tmp/exp_mask_df_v4_full_eval_txdanchi/p257_112.wav,2.3405389944817303,2.2081046101434962,2.9453138914103496,3.928276538848877,3.052241086959839,3.417135238647461,0.7434956251728542,1.531538724899292,3.374250591933357,-0.49005514922533777,10.521073918664676,11.005293819617407,6.530026426439002,-4.475267393178405,0.9078379673934748,34.01632904456183
p257_113,/home/vpopescu/projects/ultra-low-power-se/datasets/datasets/voicebank-demand/16k/clean_test/p257_113.wav,/home/vpopescu/projects/ultra-low-power-se/datasets/datasets/voicebank-demand/16k/noisy_test/p257_113.wav,/tmp/exp_mask_df_v4_full_eval_txdanchi/p257_113.wav,2.193545722717656,2.1769226833123434,2.9333179233394535,3.0167081356048584,2.683682918548584,2.9083855152130127,0.6763112814971893,1.5241570472717285,2.0436669482001144,1.7997985126208675,7.62150726895273,5.739294111984616,5.809929848136722,0.07063573615210572,0.8578456041635656,42.536051944976755
p257_114,/home/vpopescu/projects/ultra-low-power-se/datasets/datasets/voicebank-demand/16k/clean_test/p257_114.wav,/home/vpopescu/projects/ultra-low-power-se/datasets/datasets/voicebank-demand/16k/noisy_test/p257_114.wav,/tmp/exp_mask_df_v4_full_eval_txdanchi/p257_114.wav,1.582447533036878,1.214015733947544,1.5741109991747635,2.5822460651397705,2.024979591369629,2.5427603721618652,1.551694740877273,1.0534777641296387,-1.9293441169752032,4.2695619128907305,5.1036435648745835,0.9208355731994913,5.216292459633886,4.295456886434394,0.7827893271033081,61.93802269252164
p257_115,/home/vpopescu/projects/ultra-low-power-se/datasets/datasets/voicebank-demand/16k/clean_test/p257_115.wav,/home/vpopescu/projects/ultra-low-power-se/datasets/datasets/voicebank-demand/16k/noisy_test/p257_115.wav,/tmp/exp_mask_df_v4_full_eval_txdanchi/p257_115.wav,2.7389870292069505,3.0624030294499986,3.969217288414868,4.100116729736328,2.891632556915283,3.0846269130706787,0.23651039518922196,2.1390085220336914,3.4118486369061483,-5.561137033079406,10.572691538673457,16.136903157864847,5.675167641834079,-10.461735516030767,0.950014977006045,18.91507263574874
p257_116,/home/vpopescu/projects/ultra-low-power-se/datasets/datasets/voicebank-demand/16k/clean_test/p257_116.wav,/home/vpopescu/projects/ultra-low-power-se/datasets/datasets/voicebank-demand/16k/noisy_test/p257_116.wav,/tmp/exp_mask_df_v4_full_eval_txdanchi/p257_116.wav,2.4407382389600043,2.5086120428005314,3.5527841454749876,4.104583740234375,2.733283281326294,3.1880416870117188,0.24245423908469757,1.449686050415039,3.841856575140096,-2.7493478484648524,8.997187382649823,11.735696221595347,4.9291082628235126,-6.806587958771835,0.940032976167504,18.321236767458597
p257_117,/home/vpopescu/projects/ultra-low-power-se/datasets/datasets/voicebank-demand/16k/clean_test/p257_117.wav,/home/vpopescu/projects/ultra-low-power-se/datasets/datasets/voicebank-demand/16k/noisy_test/p257_117.wav,/tmp/exp_mask_df_v4_full_eval_txdanchi/p257_117.wav,2.363359975044577,2.516504412105083,3.491453154241665,3.6649937629699707,2.677382469177246,3.1194839477539062,0.31458749319555446,1.5532450675964355,2.4396492623397616,3.0473381689885963,9.510710581726201,6.441988815302691,5.756230483228993,-0.6857583320736982,0.9256817968138521,23.82701011341776
p257_118,/home/vpopescu/projects/ultra-low-power-se/datasets/datasets/voicebank-demand/16k/clean_test/p257_118.wav,/home/vpopescu/projects/ultra-low-power-se/datasets/datasets/voicebank-demand/16k/noisy_test/p257_118.wav,/tmp/exp_mask_df_v4_full_eval_txdanchi/p257_118.wav,2.329559029584047,2.5243026927204855,3.4146100926006984,3.7868077754974365,2.791705369949341,3.162611961364746,0.40587659982324437,1.6759933233261108,1.674560864788869,6.229521553043126,7.9050049022082725,1.663079522883225,6.242288326020368,4.579208803137144,0.9333297729304842,30.151873349647556
p257_119,/home/vpopescu/projects/ultra-low-power-se/datasets/datasets/voicebank-demand/16k/clean_test/p257_119.wav,/home/vpopescu/projects/ultra-low-power-se/datasets/datasets/voicebank-demand/16k/noisy_test/p257_119.wav,/tmp/exp_mask_df_v4_full_eval_txdanchi/p257_119.wav,2.4951787936947727,2.6590099339725444,3.586439088648266,3.801159620285034,1.988748550415039,3.025111198425293,0.3167085460147041,1.7556736469268799,3.3034820112347494,-6.055005364070572,10.183688922289063,16.255075965516717,5.688900939233744,-10.566175026282973,0.8894086375343315,26.593225177723596
p257_120,/home/vpopescu/projects/ultra-low-power-se/datasets/datasets/voicebank-demand/16k/clean_test/p257_120.wav,/home/vpopescu/projects/ultra-low-power-se/datasets/datasets/voicebank-demand/16k/noisy_test/p257_120.wav,/tmp/exp_mask_df_v4_full_eval_txdanchi/p257_120.wav,1.9667202196039957,1.897551838177712,2.7633845483158925,3.011315107345581,2.995676040649414,3.287899971008301,0.5504745055171452,1.1940454244613647,2.186956958736063,-0.25631185506538756,9.766408001622374,10.055267069379934,6.330895302308976,-3.7243717670709575,0.8394290037096892,53.68739738412981
p257_121,/home/vpopescu/projects/ultra-low-power-se/datasets/datasets/voicebank-demand/16k/clean_test/p257_121.wav,/home/vpopescu/projects/ultra-low-power-se/datasets/datasets/voicebank-demand/16k/noisy_test/p257_121.wav,/tmp/exp_mask_df_v4_full_eval_txdanchi/p257_121.wav,2.232080059912947,2.318112491490388,3.2050819166232545,3.4530911445617676,1.9710068702697754,2.6631155014038086,0.46239840199067994,1.4988476037979126,2.021313540400779,2.38025675510287,8.940591856580436,6.593076111629756,5.886919212383017,-0.7061568992467393,0.8970957708230477,35.1016925353863
p257_122,/home/vpopescu/projects/ultra-low-power-se/datasets/datasets/voicebank-demand/16k/clean_test/p257_122.wav,/home/vpopescu/projects/ultra-low-power-se/datasets/datasets/voicebank-demand/16k/noisy_test/p257_122.wav,/tmp/exp_mask_df_v4_full_eval_txdanchi/p257_122.wav,1.870145064305453,1.812575973397758,2.547936684649366,3.0169677734375,2.7485427856445312,3.15694260597229,0.8257636941727867,1.2036277055740356,-0.18469302835019266,6.484218441732729,6.841403589577673,0.18432994676832998,6.230618933329052,6.046288986560722,0.8512271291782635,46.793331167553376
p257_123,/home/vpopescu/projects/ultra-low-power-se/datasets/datasets/voicebank-demand/16k/clean_test/p257_123.wav,/home/vpopescu/projects/ultra-low-power-se/datasets/datasets/voicebank-demand/16k/noisy_test/p257_123.wav,/tmp/exp_mask_df_v4_full_eval_txdanchi/p257_123.wav,2.5702270546654566,2.815462703564436,3.8085463093318124,3.9464216232299805,2.2845442295074463,3.087916135787964,0.16126119091704189,1.8405646085739136,3.715289656431196,-5.151493187864498,10.552849902901922,15.696693777789857,5.6405437208759635,-10.056150056913893,0.9360216632345378,25.3751537982913
p257_124,/home/vpopescu/projects/ultra-low-power-se/datasets/datasets/voicebank-demand/16k/clean_test/p257_124.wav,/home/vpopescu/projects/ultra-low-power-se/datasets/datasets/voicebank-demand/16k/noisy_test/p257_124.wav,/tmp/exp_mask_df_v4_full_eval_txdanchi/p257_124.wav,2.4639097238103767,2.707525699287025,3.5898895699206834,3.9629228115081787,2.7585134506225586,2.985790729522705,0.33093160626195106,1.879873275756836,2.5661206871383904,-0.795231009427285,9.472128440345038,10.25207141127873,5.511346841685313,-4.740724569593416,0.9162244719769863,32.90504361301566
p257_125,/home/vpopescu/projects/ultra-low-power-se/datasets/datasets/voicebank-demand/16k/clean_test/p257_125.wav,/home/vpopescu/projects/ultra-low-power-se/datasets/datasets/voicebank-demand/16k/noisy_test/p257_125.wav,/tmp/exp_mask_df_v4_full_eval_txdanchi/p257_125.wav,2.0535738581690923,2.0567144858501374,2.9229729085268854,3.530961275100708,2.852158308029175,3.04209566116333,0.5842225476129826,1.269365906715393,1.155874276778437,5.025889393114638,9.9358755725586,5.0055585410270345,6.5306168843979915,1.525058343370957,0.8152864195939966,37.143303525415284
p257_126,/home/vpopescu/projects/ultra-low-power-se/datasets/datasets/voicebank-demand/16k/clean_test/p257_126.wav,/home/vpopescu/projects/ultra-low-power-se/datasets/datasets/voicebank-demand/16k/noisy_test/p257_126.wav,/tmp/exp_mask_df_v4_full_eval_txdanchi/p257_126.wav,1.9720492352482515,2.252951428487319,3.229330789707398,3.847595453262329,2.1318581104278564,2.950002670288086,0.3417867762174571,1.3522852659225464,-0.852376836598929,5.359446762164859,5.612007060277465,0.21743543726817538,5.068463277979552,4.851027840711376,0.8506964060297141,36.37762587957048
p257_127,/home/vpopescu/projects/ultra-low-power-se/datasets/datasets/voicebank-demand/16k/clean_test/p257_127.wav,/home/vpopescu/projects/ultra-low-power-se/datasets/datasets/voicebank-demand/16k/noisy_test/p257_127.wav,/tmp/exp_mask_df_v4_full_eval_txdanchi/p257_127.wav,2.4474204531666706,2.5551708420225734,3.465213350558933,3.411994218826294,2.8937485218048096,3.526397466659546,0.3374282115400345,1.7094635963439941,3.7854121085728,-5.941735020975557,10.405463675260794,16.335203142716296,5.986189942471877,-10.349013200244418,0.9133990631766091,34.597729817977815
p257_128,/home/vpopescu/projects/ultra-low-power-se/datasets/datasets/voicebank-demand/16k/clean_test/p257_128.wav,/home/vpopescu/projects/ultra-low-power-se/datasets/datasets/voicebank-demand/16k/noisy_test/p257_128.wav,/tmp/exp_mask_df_v4_full_eval_txdanchi/p257_128.wav,2.3799049557006104,2.4181142967392657,3.2540901467227608,3.2909512519836426,3.1227362155914307,2.979731798171997,0.5042454183094442,1.6471166610717773,3.2099071897997025,-2.101877731608841,9.20966714029481,11.344019577423163,5.612168060590196,-5.731851516832967,0.9233784829678539,34.80585160701141
p257_129,/home/vpopescu/projects/ultra-low-power-se/datasets/datasets/voicebank-demand/16k/clean_test/p257_129.wav,/home/vpopescu/projects/ultra-low-power-se/datasets/datasets/voicebank-demand/16k/noisy_test/p257_129.wav,/tmp/exp_mask_df_v4_full_eval_txdanchi/p257_129.wav,1.961497721461768,1.8032219609113433,2.4940485444091087,2.959414005279541,3.5449378490448,3.2505428791046143,0.8303101234380443,1.2966279983520508,1.8595925843058227,2.0035863906427345,8.374833873147072,6.357197189127089,6.181529747060321,-0.17566744206676788,0.7503515949309747,58.492113508825575
p257_130,/home/vpopescu/projects/ultra-low-power-se/datasets/datasets/voicebank-demand/16k/clean_test/p257_130.wav,/home/vpopescu/projects/ultra-low-power-se/datasets/datasets/voicebank-demand/16k/noisy_test/p257_130.wav,/tmp/exp_mask_df_v4_full_eval_txdanchi/p257_130.wav,1.7074910997054873,1.4447507139328506,1.9399687686195421,2.87782883644104,2.504518508911133,3.4389028549194336,1.2609513809584976,1.14279305934906,-0.7805300138249452,3.5927988671713766,4.7662894110493905,1.2131709691935235,4.767611775466031,3.554440806272508,0.7719387880588752,60.51294168462743
p257_131,/home/vpopescu/projects/ultra-low-power-se/datasets/datasets/voicebank-demand/16k/clean_test/p257_131.wav,/home/vpopescu/projects/ultra-low-power-se/datasets/datasets/voicebank-demand/16k/noisy_test/p257_131.wav,/tmp/exp_mask_df_v4_full_eval_txdanchi/p257_131.wav,2.281979153999136,2.3576073886089466,3.182706847070086,3.4747390747070312,2.6985225677490234,3.250494956970215,0.45674714764596464,1.6730356216430664,3.1365059376625184,-3.4233828175561065,11.773278568534947,15.198846535970706,6.689068135680644,-8.509778400290061,0.9155595148124036,49.90453531699834
p257_132,/home/vpopescu/projects/ultra-low-power-se/datasets/datasets/voicebank-demand/16k/clean_test/p257_132.wav,/home/vpopescu/projects/ultra-low-power-se/datasets/datasets/voicebank-demand/16k/noisy_test/p257_132.wav,/tmp/exp_mask_df_v4_full_eval_txdanchi/p257_132.wav,2.410534947891548,2.3419788709418636,3.0620861002474884,3.795562267303467,2.245328426361084,2.7912676334381104,0.7508993507557427,1.6533145904541016,2.9322139752577066,-1.2668176555205477,10.413396514976458,11.676557667911533,5.72491970755666,-5.951637960354873,0.9077291149785819,28.354129540964017
p257_133,/home/vpopescu/projects/ultra-low-power-se/datasets/datasets/voicebank-demand/16k/clean_test/p257_133.wav,/home/vpopescu/projects/ultra-low-power-se/datasets/datasets/voicebank-demand/16k/noisy_test/p257_133.wav,/tmp/exp_mask_df_v4_full_eval_txdanchi/p257_133.wav,1.9940126455721727,2.1111710431535817,2.9071056859410005,3.404454231262207,3.3922791481018066,3.3139021396636963,0.5669442941314282,1.4829957485198975,0.5953291045921778,1.948266212109881,7.750367671768092,5.80046953792166,5.627925502996537,-0.1725440349251226,0.8712388819610811,55.19500797280646
p257_135,/home/vpopescu/projects/ultra-low-power-se/datasets/datasets/voicebank-demand/16k/clean_test/p257_135.wav,/home/vpopescu/projects/ultra-low-power-se/datasets/datasets/voicebank-demand/16k/noisy_test/p257_135.wav,/tmp/exp_mask_df_v4_full_eval_txdanchi/p257_135.wav,1.905183298499876,1.9549949577213657,2.8003041435311604,3.1631650924682617,3.3867671489715576,3.466142177581787,0.6076888794935511,1.2304474115371704,0.02234822302328899,3.608191219377382,5.187334344070258,1.5799385355807165,5.379144229138301,3.799205693557585,0.8774934564231653,45.48264318076549
p257_136,/home/vpopescu/projects/ultra-low-power-se/datasets/datasets/voicebank-demand/16k/clean_test/p257_136.wav,/home/vpopescu/projects/ultra-low-power-se/datasets/datasets/voicebank-demand/16k/noisy_test/p257_136.wav,/tmp/exp_mask_df_v4_full_eval_txdanchi/p257_136.wav,2.7462263589122484,3.0038955582599,3.9418394693854037,4.287818908691406,2.709860324859619,3.5861151218414307,0.18720793675531525,2.0705618858337402,4.500858312718413,-6.175100920254664,9.852544359105003,16.03110359778839,6.029687585907554,-10.001416011880838,0.9464976535450577,23.008042316791325
p257_137,/home/vpopescu/projects/ultra-low-power-se/datasets/datasets/voicebank-demand/16k/clean_test/p257_137.wav,/home/vpopescu/projects/ultra-low-power-se/datasets/datasets/voicebank-demand/16k/noisy_test/p257_137.wav,/tmp/exp_mask_df_v4_full_eval_txdanchi/p257_137.wav,2.428233278083884,2.5573318964372453,3.496422375602194,3.7925398349761963,3.241347312927246,3.33103609085083,0.3387333244482156,1.642532229423523,3.0885390246134037,-0.6568879726700505,10.219761136766717,10.876658237539354,6.17089519729753,-4.705763040241824,0.9139198084807209,26.496440875886293
p257_138,/home/vpopescu/projects/ultra-low-power-se/datasets/datasets/voicebank-demand/16k/clean_test/p257_138.wav,/home/vpopescu/projects/ultra-low-power-se/datasets/datasets/voicebank-demand/16k/noisy_test/p257_138.wav,/tmp/exp_mask_df_v4_full_eval_txdanchi/p257_138.wav,2.397572992351284,2.6524282362482277,3.5690827829493195,3.7452659606933594,2.758774757385254,2.983626365661621,0.3264222612814399,1.7679262161254883,1.843308428571338,3.9583804530365407,9.692417588341154,5.732577984826165,6.49065399565279,0.7580760108266258,0.904208803498059,28.23202427952763
p257_139,/home/vpopescu/projects/ultra-low-power-se/datasets/datasets/voicebank-demand/16k/clean_test/p257_139.wav,/home/vpopescu/projects/ultra-low-power-se/datasets/datasets/voicebank-demand/16k/noisy_test/p257_139.wav,/tmp/exp_mask_df_v4_full_eval_txdanchi/p257_139.wav,2.0682342009236825,2.226000047432648,3.0189255223333933,3.680396318435669,3.4383902549743652,3.0097970962524414,0.6246490486184718,1.5163880586624146,-0.34487720982560316,6.1681280323872985,6.306464569576951,0.09799598092048872,5.211830749914305,5.113834768993816,0.8011971734553939,38.410289556848305
p257_140,/home/vpopescu/projects/ultra-low-power-se/datasets/datasets/voicebank-demand/16k/clean_test/p257_140.wav,/home/vpopescu/projects/ultra-low-power-se/datasets/datasets/voicebank-demand/16k/noisy_test/p257_140.wav,/tmp/exp_mask_df_v4_full_eval_txdanchi/p257_140.wav,2.197359003646402,2.1288273521127143,2.926804921460803,3.5198380947113037,3.0270395278930664,3.1923089027404785,0.6385589029391864,1.4284892082214355,2.6778645129719627,-5.060806033005008,10.452925493354254,15.50191362055623,5.758644062714689,-9.743269557841542,0.8330764248961214,41.1663288858111
p257_141,/home/vpopescu/projects/ultra-low-power-se/datasets/datasets/voicebank-demand/16k/clean_test/p257_141.wav,/home/vpopescu/projects/ultra-low-power-se/datasets/datasets/voicebank-demand/16k/noisy_test/p257_141.wav,/tmp/exp_mask_df_v4_full_eval_txdanchi/p257_141.wav,2.1221900022500297,2.1339907760312045,3.090884019896491,3.763070821762085,2.233794927597046,3.3041160106658936,0.41140789898572405,1.258970022201538,2.3689139555244023,-0.840815328112198,10.095923417859014,10.959145377883424,5.957868177492402,-5.001277200391022,0.8985070231240481,37.54846393719182
p257_142,/home/vpopescu/projects/ultra-low-power-se/datasets/datasets/voicebank-demand/16k/clean_test/p257_142.wav,/home/vpopescu/projects/ultra-low-power-se/datasets/datasets/voicebank-demand/16k/noisy_test/p257_142.wav,/tmp/exp_mask_df_v4_full_eval_txdanchi/p257_142.wav,2.1362958800271845,2.102099216773909,2.9992076908649623,3.3481459617614746,2.6038455963134766,3.282606363296509,0.5122483863008587,1.289733648300171,2.439180832720505,2.658890602688861,9.1252718552666,6.468697311454976,5.8841822222757525,-0.5845150891792237,0.8858445564172177,38.26645661738416
p257_143,/home/vpopescu/projects/ultra-low-power-se/datasets/datasets/voicebank-demand/16k/clean_test/p257_143.wav,/home/vpopescu/projects/ultra-low-power-se/datasets/datasets/voicebank-demand/16k/noisy_test/p257_143.wav,/tmp/exp_mask_df_v4_full_eval_txdanchi/p257_143.wav,1.751461739167776,1.6503308765861124,2.4052668694260353,2.674109697341919,3.1767725944519043,3.3828160762786865,0.7765122294554634,1.0932739973068237,0.3342412415840946,5.1772531798156045,6.482276234140764,1.2811274627992617,5.782665068206692,4.50153760540743,0.7710585795082493,60.88291853781198
p257_144,/home/vpopescu/projects/ultra-low-power-se/datasets/datasets/voicebank-demand/16k/clean_test/p257_144.wav,/home/vpopescu/projects/ultra-low-power-se/datasets/datasets/voicebank-demand/16k/noisy_test/p257_144.wav,/tmp/exp_mask_df_v4_full_eval_txdanchi/p257_144.wav,2.715366216683255,2.9605882924367544,3.8678413332370702,3.717677116394043,2.607058048248291,3.0273635387420654,0.25623676215107555,2.053727149963379,4.05005523909801,-7.118577396332748,9.953848996640055,17.053043071392686,5.932620222378721,-11.120422849013966,0.9394876084662155,22.20983443748784
p257_145,/home/vpopescu/projects/ultra-low-power-se/datasets/datasets/voicebank-demand/16k/clean_test/p257_145.wav,/home/vpopescu/projects/ultra-low-power-se/datasets/datasets/voicebank-demand/16k/noisy_test/p257_145.wav,/tmp/exp_mask_df_v4_full_eval_txdanchi/p257_145.wav,2.546448635036518,2.7864756151562053,3.713655747388171,3.5577123165130615,1.945863962173462,2.4554686546325684,0.2456808200201145,1.9015041589736938,3.428195238324004,-2.121141113255794,9.87659035090142,11.973111924446542,5.436641674095436,-6.536470250351106,0.9132110781080235,30.34952185247432
p257_146,/home/vpopescu/projects/ultra-low-power-se/datasets/datasets/voicebank-demand/16k/clean_test/p257_146.wav,/home/vpopescu/projects/ultra-low-power-se/datasets/datasets/voicebank-demand/16k/noisy_test/p257_146.wav,/tmp/exp_mask_df_v4_full_eval_txdanchi/p257_146.wav,2.3919630769857636,2.618056512628601,3.4931100546144345,3.4798953533172607,1.8994536399841309,2.6418747901916504,0.3887596592260862,1.7879983186721802,1.8974137942731697,3.0536773386641087,9.12781269308242,6.1126079705775,5.975241930858742,-0.13736603971875816,0.9051775895146639,30.89102691124971
p257_147,/home/vpopescu/projects/ultra-low-power-se/datasets/datasets/voicebank-demand/16k/clean_test/p257_147.wav,/home/vpopescu/projects/ultra-low-power-se/datasets/datasets/voicebank-demand/16k/noisy_test/p257_147.wav,/tmp/exp_mask_df_v4_full_eval_txdanchi/p257_147.wav,2.2898015887779963,2.385554477879991,3.2653265134423526,3.4949448108673096,2.9140219688415527,2.966573476791382,0.4601135013786507,1.5620734691619873,2.2137622636207372,5.166623530820691,6.894818466127494,1.7448385006650615,5.439219824795925,3.694381324130864,0.9041501306188824,32.90522172707712
p257_148,/home/vpopescu/projects/ultra-low-power-se/datasets/datasets/voicebank-demand/16k/clean_test/p257_148.wav,/home/vpopescu/projects/ultra-low-power-se/datasets/datasets/voicebank-demand/16k/noisy_test/p257_148.wav,/tmp/exp_mask_df_v4_full_eval_txdanchi/p257_148.wav,2.3806473729046758,2.5068758529782387,3.495087157798266,3.6240944862365723,1.935197353363037,2.8386919498443604,0.2621545055456513,1.5611711740493774,3.334149000019216,-6.933859202962141,9.519236859421236,16.438003432420707,5.780779785077028,-10.65722364734368,0.9295716231129025,29.949119327448148
p257_149,/home/vpopescu/projects/ultra-low-power-se/datasets/datasets/voicebank-demand/16k/clean_test/p257_149.wav,/home/vpopescu/projects/ultra-low-power-se/datasets/datasets/voicebank-demand/16k/noisy_test/p257_149.wav,/tmp/exp_mask_df_v4_full_eval_txdanchi/p257_149.wav,2.1553865757592967,2.1526932342607585,2.895586055129995,3.231826066970825,2.201031446456909,2.9022843837738037,0.6786227833984734,1.5374042987823486,1.872534636513461,-1.4104529714793372,9.779201816080933,11.192821883185534,5.474469086095196,-5.718352797090338,0.8793931949945518,47.351765879859116
p257_150,/home/vpopescu/projects/ultra-low-power-se/datasets/datasets/voicebank-demand/16k/clean_test/p257_150.wav,/home/vpopescu/projects/ultra-low-power-se/datasets/datasets/voicebank-demand/16k/noisy_test/p257_150.wav,/tmp/exp_mask_df_v4_full_eval_txdanchi/p257_150.wav,1.7266232034163773,1.3280241943016018,1.846634653509188,2.44931960105896,2.6003918647766113,2.9082252979278564,1.178393500667865,1.082289695739746,1.732861385392476,2.1187158934621095,8.14002391912908,6.00889726808203,6.238912064980029,0.23001479689799975,0.8107018867340017,76.26879120384959
p257_151,/home/vpopescu/projects/ultra-low-power-se/datasets/datasets/voicebank-demand/16k/clean_test/p257_151.wav,/home/vpopescu/projects/ultra-low-power-se/datasets/datasets/voicebank-demand/16k/noisy_test/p257_151.wav,/tmp/exp_mask_df_v4_full_eval_txdanchi/p257_151.wav,1.509998940283427,1.1097474284794369,1.408621717253419,2.055997610092163,2.726651906967163,2.990199327468872,1.6273488831390486,1.0613110065460205,-1.9984510670262503,2.775001564226346,3.9150149567552543,1.2611979177883854,4.503296822597331,3.242098904808946,0.6842083776663016,72.20075766041673
p257_152,/home/vpopescu/projects/ultra-low-power-se/datasets/datasets/voicebank-demand/16k/clean_test/p257_152.wav,/home/vpopescu/projects/ultra-low-power-se/datasets/datasets/voicebank-demand/16k/noisy_test/p257_152.wav,/tmp/exp_mask_df_v4_full_eval_txdanchi/p257_152.wav,2.2034396319296885,2.1542051251123246,3.1142442375751522,3.266873598098755,2.5486104488372803,2.609734296798706,0.3721143218357635,1.298776388168335,3.8636802058491884,-5.1951722223392345,10.397616693775761,15.575015759342104,6.010914007337633,-9.564101752004472,0.8695153959787689,42.11247636903921
p257_153,/home/vpopescu/projects/ultra-low-power-se/datasets/datasets/voicebank-demand/16k/clean_test/p257_153.wav,/home/vpopescu/projects/ultra-low-power-se/datasets/datasets/voicebank-demand/16k/noisy_test/p257_153.wav,/tmp/exp_mask_df_v4_full_eval_txdanchi/p257_153.wav,2.2761928630049555,2.2950900213470833,3.076908899810448,3.2147328853607178,3.1497669219970703,3.2002458572387695,0.6173629151871186,1.5940446853637695,2.3216768443812787,-2.105773713720854,8.84091927622571,10.959143919636753,5.693059361436106,-5.266084558200648,0.8915941149863227,38.003733970706676
p257_154,/home/vpopescu/projects/ultra-low-power-se/datasets/datasets/voicebank-demand/16k/clean_test/p257_154.wav,/home/vpopescu/projects/ultra-low-power-se/datasets/datasets/voicebank-demand/16k/noisy_test/p257_154.wav,/tmp/exp_mask_df_v4_full_eval_txdanchi/p257_154.wav,1.9935041397212165,1.4995041968888536,1.9157005445004844,2.748060703277588,2.533107042312622,2.7696242332458496,1.4259455273877628,1.220339059829712,1.9518524662562564,0.4936591923513136,7.651787113483113,7.171719038539485,5.430290953321747,-1.7414280852177377,0.8437144813209395,49.54066232164713
p257_155,/home/vpopescu/projects/ultra-low-power-se/datasets/datasets/voicebank-demand/16k/clean_test/p257_155.wav,/home/vpopescu/projects/ultra-low-power-se/datasets/datasets/voicebank-demand/16k/noisy_test/p257_155.wav,/tmp/exp_mask_df_v4_full_eval_txdanchi/p257_155.wav,1.6502956882528823,1.6933996460923564,2.449008673386037,2.876164436340332,2.2694270610809326,2.7713184356689453,0.787155530182571,1.111067295074463,-1.9493426000571557,3.7621886170142402,4.570339276292678,0.7689703174612429,5.153420456313783,4.38445013885254,0.8543987472346403,55.997984998444295
p257_156,/home/vpopescu/projects/ultra-low-power-se/datasets/datasets/voicebank-demand/16k/clean_test/p257_156.wav,/home/vpopescu/projects/ultra-low-power-se/datasets/datasets/voicebank-demand/16k/noisy_test/p257_156.wav,/tmp/exp_mask_df_v4_full_eval_txdanchi/p257_156.wav,2.7053679258331824,2.968315146958147,3.9393541515918526,4.193879127502441,2.894688606262207,3.116973876953125,0.1714452158514555,1.9839473962783813,4.095613126065414,-6.357507205352009,9.53211746151159,15.88151902186851,4.922509721081091,-10.959009300787418,0.9379975390251831,19.283222361429246
p257_157,/home/vpopescu/projects/ultra-low-power-se/datasets/datasets/voicebank-demand/16k/clean_test/p257_157.wav,/home/vpopescu/projects/ultra-low-power-se/datasets/datasets/voicebank-demand/16k/noisy_test/p257_157.wav,/tmp/exp_mask_df_v4_full_eval_txdanchi/p257_157.wav,2.597873813246775,2.7747753794577994,3.7178321662474247,4.261415004730225,3.436694383621216,3.8608407974243164,0.2580418786020059,1.8464069366455078,4.043746987743332,-0.23669908523167216,11.312942461534206,11.546078783065754,5.962484544828289,-5.583594238237465,0.9407516440419494,24.780680385372477
p257_158,/home/vpopescu/projects/ultra-low-power-se/datasets/datasets/voicebank-demand/16k/clean_test/p257_158.wav,/home/vpopescu/projects/ultra-low-power-se/datasets/datasets/voicebank-demand/16k/noisy_test/p257_158.wav,/tmp/exp_mask_df_v4_full_eval_txdanchi/p257_158.wav,2.350513851243147,2.6065019125287088,3.574002807192639,3.675663948059082,2.4229300022125244,2.2943532466888428,0.24665122794793562,1.6883060932159424,2.0603587696302887,4.53874608069388,9.545775628485329,4.953846668277805,5.581945315106497,0.6280986468286915,0.89500533997969,31.471294828683135
p257_159,/home/vpopescu/projects/ultra-low-power-se/datasets/datasets/voicebank-demand/16k/clean_test/p257_159.wav,/home/vpopescu/projects/ultra-low-power-se/datasets/datasets/voicebank-demand/16k/noisy_test/p257_159.wav,/tmp/exp_mask_df_v4_full_eval_txdanchi/p257_159.wav,2.078427723305453,2.182201327524557,3.054581968731525,3.4519331455230713,2.691436529159546,2.9258174896240234,0.5101263078535629,1.4017726182937622,0.8479582911417821,6.873780345902174,7.345784460253702,0.4766796065798401,6.0942185979088475,5.617538991329007,0.8781781922228902,39.862994368699695
p257_160,/home/vpopescu/projects/ultra-low-power-se/datasets/datasets/voicebank-demand/16k/clean_test/p257_160.wav,/home/vpopescu/projects/ultra-low-power-se/datasets/datasets/voicebank-demand/16k/noisy_test/p257_160.wav,/tmp/exp_mask_df_v4_full_eval_txdanchi/p257_160.wav,2.202743753344255,2.172684228951725,3.154512380064288,3.77289080619812,2.814523458480835,2.942523717880249,0.38587267456625046,1.2487539052963257,3.1878609848652077,-5.524500023298486,11.023476835835488,16.554911257255927,5.43618428295281,-11.118726974303117,0.9374707320146655,32.71369363341382
p257_161,/home/vpopescu/projects/ultra-low-power-se/datasets/datasets/voicebank-demand/16k/clean_test/p257_161.wav,/home/vpopescu/projects/ultra-low-power-se/datasets/datasets/voicebank-demand/16k/noisy_test/p257_161.wav,/tmp/exp_mask_df_v4_full_eval_txdanchi/p257_161.wav,2.44376706870886,2.571457697239236,3.5233162768884028,3.6729204654693604,2.507115364074707,3.199528217315674,0.28117058615463125,1.671715497970581,3.7301745903941765,-0.6523523245985476,9.995155455664706,10.64255613163324,6.1391383595707065,-4.503417772062534,0.9277612039700328,32.04484835941579
p257_162,/home/vpopescu/projects/ultra-low-power-se/datasets/datasets/voicebank-demand/16k/clean_test/p257_162.wav,/home/vpopescu/projects/ultra-low-power-se/datasets/datasets/voicebank-demand/16k/noisy_test/p257_162.wav,/tmp/exp_mask_df_v4_full_eval_txdanchi/p257_162.wav,2.151274393805351,2.146976297030189,2.991977968858684,3.4627468585968018,2.4510550498962402,3.4636526107788086,0.5497776744433865,1.4078266620635986,2.272559459602312,2.3714031099200836,8.844873864983677,6.483187519804924,6.274010893323937,-0.20917662648098645,0.8991816080997936,42.69114237371349
p257_163,/home/vpopescu/projects/ultra-low-power-se/datasets/datasets/voicebank-demand/16k/clean_test/p257_163.wav,/home/vpopescu/projects/ultra-low-power-se/datasets/datasets/voicebank-demand/16k/noisy_test/p257_163.wav,/tmp/exp_mask_df_v4_full_eval_txdanchi/p257_163.wav,1.7884305941457386,1.7513264387547558,2.5057810423569866,3.0613770484924316,3.641911506652832,3.8481762409210205,0.7893178740263345,1.1501953601837158,-0.49067798937182683,5.55634050113404,6.537028481843014,0.9921749999507066,5.36818536884803,4.376010368897323,0.8342336657322782,52.064296384521796
p257_164,/home/vpopescu/projects/ultra-low-power-se/datasets/datasets/voicebank-demand/16k/clean_test/p257_164.wav,/home/vpopescu/projects/ultra-low-power-se/datasets/datasets/voicebank-demand/16k/noisy_test/p257_164.wav,/tmp/exp_mask_df_v4_full_eval_txdanchi/p257_164.wav,2.744010530315445,2.9960287689010014,3.8938451245059666,3.9936883449554443,2.5625159740448,3.3379874229431152,0.25239193149869854,2.1023101806640625,4.225595580385057,-6.239743386429593,10.304486857443056,16.538494314535676,4.9995080408220876,-11.538986273713588,0.9420789082045389,23.01517965803358
p257_165,/home/vpopescu/projects/ultra-low-power-se/datasets/datasets/voicebank-demand/16k/clean_test/p257_165.wav,/home/vpopescu/projects/ultra-low-power-se/datasets/datasets/voicebank-demand/16k/noisy_test/p257_165.wav,/tmp/exp_mask_df_v4_full_eval_txdanchi/p257_165.wav,2.591824894706321,2.871980255559936,3.7330046540943074,3.8525640964508057,3.107133626937866,3.193361759185791,0.31004308905812555,2.0559616088867188,3.0698733913425644,0.5421930411287814,10.687075088819544,10.088987060125934,6.080033289888291,-4.0089537702376425,0.9420228001535595,31.189539713730305
p257_166,/home/vpopescu/projects/ultra-low-power-se/datasets/datasets/voicebank-demand/16k/clean_test/p257_166.wav,/home/vpopescu/projects/ultra-low-power-se/datasets/datasets/voicebank-demand/16k/noisy_test/p257_166.wav,/tmp/exp_mask_df_v4_full_eval_txdanchi/p257_166.wav,1.9668040954935526,1.9317360242262118,2.7242596226460023,3.490656614303589,3.706866979598999,3.7734782695770264,0.6944017235793194,1.262842059135437,0.833075271936782,3.601392885672718,8.803384286534452,5.220396050733543,6.584232147477681,1.363836096744138,0.8673727129410939,46.188307272171876
p257_167,/home/vpopescu/projects/ultra-low-power-se/datasets/datasets/voicebank-demand/16k/clean_test/p257_167.wav,/home/vpopescu/projects/ultra-low-power-se/datasets/datasets/voicebank-demand/16k/noisy_test/p257_167.wav,/tmp/exp_mask_df_v4_full_eval_txdanchi/p257_167.wav,2.146926356852445,2.27424841058436,3.1367922854061145,3.3047826290130615,2.9828014373779297,3.385906219482422,0.4729705612675567,1.5173052549362183,1.37580694068635,5.623239190509901,7.056155368752996,1.4283527421588935,5.767029736615495,4.338676994456601,0.8831446603477903,42.717341752901014
p257_168,/home/vpopescu/projects/ultra-low-power-se/datasets/datasets/voicebank-demand/16k/clean_test/p257_168.wav,/home/vpopescu/projects/ultra-low-power-se/datasets/datasets/voicebank-demand/16k/noisy_test/p257_168.wav,/tmp/exp_mask_df_v4_full_eval_txdanchi/p257_168.wav,2.2097164349764156,2.143325811854534,3.1227132965888296,3.790862560272217,2.4567480087280273,3.1646742820739746,0.40501761046287227,1.2185577154159546,3.4522218969191725,-5.707279195060774,10.674582033309184,16.38564229936756,5.917424267291337,-10.468218032076223,0.9255645869229558,32.03487607118837
p257_169,/home/vpopescu/projects/ultra-low-power-se/datasets/datasets/voicebank-demand/16k/clean_test/p257_169.wav,/home/vpopescu/projects/ultra-low-power-se/datasets/datasets/voicebank-demand/16k/noisy_test/p257_169.wav,/tmp/exp_mask_df_v4_full_eval_txdanchi/p257_169.wav,2.2122803328882754,2.1951837450699623,3.0358245826399965,2.9482429027557373,2.15806245803833,2.9716968536376953,0.545472220812269,1.4534990787506104,2.7477620557758975,-1.334694735990107,9.937773068997943,11.26265933783519,5.389024671996824,-5.873634665838367,0.9034362351846155,41.37160518119965
p257_170,/home/vpopescu/projects/ultra-low-power-se/datasets/datasets/voicebank-demand/16k/clean_test/p257_170.wav,/home/vpopescu/projects/ultra-low-power-se/datasets/datasets/voicebank-demand/16k/noisy_test/p257_170.wav,/tmp/exp_mask_df_v4_full_eval_txdanchi/p257_170.wav,1.9034491718949387,1.6822539767914229,2.400013664777916,2.9230968952178955,2.986889362335205,3.000988721847534,0.8472945049062504,1.1397026777267456,1.9057648287009776,2.708195128398331,8.44213525084326,5.7550517272316535,5.645977198037801,-0.10907452919385285,0.8766134240917872,56.48455603808672
p257_171,/home/vpopescu/projects/ultra-low-power-se/datasets/datasets/voicebank-demand/16k/clean_test/p257_171.wav,/home/vpopescu/projects/ultra-low-power-se/datasets/datasets/voicebank-demand/16k/noisy_test/p257_171.wav,/tmp/exp_mask_df_v4_full_eval_txdanchi/p257_171.wav,1.5052916776306922,1.2774817951066857,1.7685379236836778,2.9301555156707764,2.9787561893463135,3.5426695346832275,1.2492311282958457,1.0518571138381958,-1.7117329990218406,3.9308538488596607,4.927590936968497,0.8868824011596611,5.420161365520353,4.533278964360692,0.7725562355030138,74.80812054936989
p257_172,/home/vpopescu/projects/ultra-low-power-se/datasets/datasets/voicebank-demand/16k/clean_test/p257_172.wav,/home/vpopescu/projects/ultra-low-power-se/datasets/datasets/voicebank-demand/16k/noisy_test/p257_172.wav,/tmp/exp_mask_df_v4_full_eval_txdanchi/p257_172.wav,2.3045646160848174,2.040457218704437,2.741450257828028,3.50726056098938,3.1569342613220215,3.559441328048706,0.8853852193667153,1.3827342987060547,3.538798107007969,-6.971391164035165,9.886109268822548,16.862112951788248,5.707128871558184,-11.154984080230065,0.9036787489916928,30.47523706259693
p257_173,/home/vpopescu/projects/ultra-low-power-se/datasets/datasets/voicebank-demand/16k/clean_test/p257_173.wav,/home/vpopescu/projects/ultra-low-power-se/datasets/datasets/voicebank-demand/16k/noisy_test/p257_173.wav,/tmp/exp_mask_df_v4_full_eval_txdanchi/p257_173.wav,2.1102614519989005,1.8629459807242017,2.6771018131734827,3.144538164138794,2.971599817276001,3.5795531272888184,0.720889260986036,1.1445415019989014,3.372781600055379,-1.3549665118403311,9.995841753851613,11.343018545917207,6.204634316112088,-5.138384229805119,0.8793832652343098,40.47351810858047
p257_174,/home/vpopescu/projects/ultra-low-power-se/datasets/datasets/voicebank-demand/16k/clean_test/p257_174.wav,/home/vpopescu/projects/ultra-low-power-se/datasets/datasets/voicebank-demand/16k/noisy_test/p257_174.wav,/tmp/exp_mask_df_v4_full_eval_txdanchi/p257_174.wav,2.0657313459831728,1.9842860726841525,2.795594344675665,3.5095605850219727,2.80706787109375,2.9079017639160156,0.7214072172790803,1.2309399843215942,1.1841611575443347,3.0263396403006864,8.404482548147705,5.347183235627119,5.639960169025046,0.2927769333979269,0.8876797800793887,33.037159921120306
p257_175,/home/vpopescu/projects/ultra-low-power-se/datasets/datasets/voicebank-demand/16k/clean_test/p257_175.wav,/home/vpopescu/projects/ultra-low-power-se/datasets/datasets/voicebank-demand/16k/noisy_test/p257_175.wav,/tmp/exp_mask_df_v4_full_eval_txdanchi/p257_175.wav,1.5997218616682887,1.594293007000922,2.2830394082661494,1.7478384971618652,1.8953850269317627,1.9281972646713257,0.8861057292689772,1.1153825521469116,-1.9607489550207902,4.3742734168582675,5.8180551789168735,1.4438788940162888,5.215676057125895,3.7717971631096066,0.8174414448893563,63.414830584517894
p257_176,/home/vpopescu/projects/ultra-low-power-se/datasets/datasets/voicebank-demand/16k/clean_test/p257_176.wav,/home/vpopescu/projects/ultra-low-power-se/datasets/datasets/voicebank-demand/16k/noisy_test/p257_176.wav,/tmp/exp_mask_df_v4_full_eval_txdanchi/p257_176.wav,2.713748789279957,3.097231307560318,4.00774231113582,3.801898241043091,2.4484713077545166,2.624819755554199,0.18065258772761308,2.2014193534851074,3.2363092919481264,-5.472321395937762,9.853836612262274,15.324216897488832,4.962110190869858,-10.362106706618974,0.9389055337411167,25.202449582665164
p257_177,/home/vpopescu/projects/ultra-low-power-se/datasets/datasets/voicebank-demand/16k/clean_test/p257_177.wav,/home/vpopescu/projects/ultra-low-power-se/datasets/datasets/voicebank-demand/16k/noisy_test/p257_177.wav,/tmp/exp_mask_df_v4_full_eval_txdanchi/p257_177.wav,2.603775633679687,2.76044958238903,3.7259240513709146,4.091241836547852,3.146477699279785,3.1685495376586914,0.246481223683835,1.7949600219726562,4.191739554755437,-1.6634485340611995,9.935974990656163,11.598712698723379,5.699728714035133,-5.898983984688246,0.9418430834550772,21.756406967547893
p257_178,/home/vpopescu/projects/ultra-low-power-se/datasets/datasets/voicebank-demand/16k/clean_test/p257_178.wav,/home/vpopescu/projects/ultra-low-power-se/datasets/datasets/voicebank-demand/16k/noisy_test/p257_178.wav,/tmp/exp_mask_df_v4_full_eval_txdanchi/p257_178.wav,2.55326456040775,2.858752414750278,3.7943534947374995,4.110067367553711,2.3835976123809814,3.257364273071289,0.2449481213511259,1.9304420948028564,2.5452900400988865,1.5394466848616508,8.118765853088947,6.581235874894289,5.2723800739695275,-1.3088558009247615,0.9359911906799968,23.405719062035022
p257_179,/home/vpopescu/projects/ultra-low-power-se/datasets/datasets/voicebank-demand/16k/clean_test/p257_179.wav,/home/vpopescu/projects/ultra-low-power-se/datasets/datasets/voicebank-demand/16k/noisy_test/p257_179.wav,/tmp/exp_mask_df_v4_full_eval_txdanchi/p257_179.wav,2.030431850083199,2.2856933285834815,3.1111157375529643,3.796820640563965,2.6606316566467285,2.7594351768493652,0.5656373246593207,1.5312833786010742,-1.3355257765603719,5.830363958143151,5.898279184876665,0.0012068858826785936,4.92801062905478,4.926803743172101,0.8903316628971526,35.91192585211579
p257_180,/home/vpopescu/projects/ultra-low-power-se/datasets/datasets/voicebank-demand/16k/clean_test/p257_180.wav,/home/vpopescu/projects/ultra-low-power-se/datasets/datasets/voicebank-demand/16k/noisy_test/p257_180.wav,/tmp/exp_mask_df_v4_full_eval_txdanchi/p257_180.wav,2.201204471039453,2.2093527225996885,3.1017111849612893,3.3071253299713135,2.5905380249023438,2.6059813499450684,0.46127939672614615,1.4154021739959717,2.83354298750255,-3.8688806663177466,11.568415161905117,15.432410256653217,6.115213252384929,-9.317197004268287,0.7995503069282045,41.12442519189747
p257_181,/home/vpopescu/projects/ultra-low-power-se/datasets/datasets/voicebank-demand/16k/clean_test/p257_181.wav,/home/vpopescu/projects/ultra-low-power-se/datasets/datasets/voicebank-demand/16k/noisy_test/p257_181.wav,/tmp/exp_mask_df_v4_full_eval_txdanchi/p257_181.wav,2.111579279856216,2.1158921361638177,3.1223324229980256,3.670210361480713,3.332524061203003,3.637779951095581,0.3458807721764446,1.188538908958435,2.6547366915470922,-0.15659439925388874,10.592623452866864,10.749288700220305,5.853209284105292,-4.896079416115013,0.9179444444004704,36.827247170483254
p257_182,/home/vpopescu/projects/ultra-low-power-se/datasets/datasets/voicebank-demand/16k/clean_test/p257_182.wav,/home/vpopescu/projects/ultra-low-power-se/datasets/datasets/voicebank-demand/16k/noisy_test/p257_182.wav,/tmp/exp_mask_df_v4_full_eval_txdanchi/p257_182.wav,2.222422033182294,2.36240556988883,3.266744657316187,3.4479551315307617,1.8716926574707031,3.13476300239563,0.3916398568919268,1.5486547946929932,1.998523403641366,3.0740943707481083,9.095840482855095,5.989585978843501,5.891581619795206,-0.09800435904829552,0.9020959747707357,39.67741901576611
p257_183,/home/vpopescu/projects/ultra-low-power-se/datasets/datasets/voicebank-demand/16k/clean_test/p257_183.wav,/home/vpopescu/projects/ultra-low-power-se/datasets/datasets/voicebank-demand/16k/noisy_test/p257_183.wav,/tmp/exp_mask_df_v4_full_eval_txdanchi/p257_183.wav,1.6790287404058266,1.7288577226223385,2.5425717445504157,2.9084699153900146,3.1812472343444824,3.1580607891082764,0.6965707242050935,1.0777500867843628,-1.4928399147782865,5.938996175535221,6.222434893131847,0.1804941490178996,5.996983079634548,5.816488930616648,0.8147344808211104,53.72669806372373
p257_184,/home/vpopescu/projects/ultra-low-power-se/datasets/datasets/voicebank-demand/16k/clean_test/p257_184.wav,/home/vpopescu/projects/ultra-low-power-se/datasets/datasets/voicebank-demand/16k/noisy_test/p257_184.wav,/tmp/exp_mask_df_v4_full_eval_txdanchi/p257_184.wav,2.67212198766864,2.9165664599250793,3.852911869579856,3.4471065998077393,2.0508828163146973,2.985708475112915,0.23833111472511367,1.972634196281433,3.787006018862403,-5.926497901854816,10.458678379266466,16.38357208577142,5.48848787977766,-10.89508420599376,0.9435606208615784,20.48264819174517
p257_185,/home/vpopescu/projects/ultra-low-power-se/datasets/datasets/voicebank-demand/16k/clean_test/p257_185.wav,/home/vpopescu/projects/ultra-low-power-se/datasets/datasets/voicebank-demand/16k/noisy_test/p257_185.wav,/tmp/exp_mask_df_v4_full_eval_txdanchi/p257_185.wav,2.6547314298729057,3.004572728954803,3.925365305903371,3.913188934326172,3.1930627822875977,3.3712782859802246,0.20595319726171107,2.094625949859619,3.010370627368292,-0.8457591053926006,10.012065953307605,10.872836183671783,6.096566855584744,-4.776269328087039,0.9412593880976938,24.307589097742078
p257_186,/home/vpopescu/projects/ultra-low-power-se/datasets/datasets/voicebank-demand/16k/clean_test/p257_186.wav,/home/vpopescu/projects/ultra-low-power-se/datasets/datasets/voicebank-demand/16k/noisy_test/p257_186.wav,/tmp/exp_mask_df_v4_full_eval_txdanchi/p257_186.wav,2.4392794360695786,2.6386888379521856,3.6256225218630806,4.0334858894348145,2.9728715419769287,3.3005411624908447,0.23078838344906372,1.678222894668579,3.035013211874577,2.327258924253546,9.082252871082524,6.710207327386945,5.808092572751756,-0.9021147546351891,0.9291218970109506,26.87384856144291
p257_187,/home/vpopescu/projects/ultra-low-power-se/datasets/datasets/voicebank-demand/16k/clean_test/p257_187.wav,/home/vpopescu/projects/ultra-low-power-se/datasets/datasets/voicebank-demand/16k/noisy_test/p257_187.wav,/tmp/exp_mask_df_v4_full_eval_txdanchi/p257_187.wav,2.1723365697448784,2.566587299063335,3.513535659099153,3.6896278858184814,3.0708048343658447,2.8609089851379395,0.2627864772946743,1.6956366300582886,-0.22736869308364482,5.5731026189524915,5.8382672425123205,0.363353237786701,4.957392129655717,4.594038891869016,0.9320419770043801,36.836215965530556
p257_188,/home/vpopescu/projects/ultra-low-power-se/datasets/datasets/voicebank-demand/16k/clean_test/p257_188.wav,/home/vpopescu/projects/ultra-low-power-se/datasets/datasets/voicebank-demand/16k/noisy_test/p257_188.wav,/tmp/exp_mask_df_v4_full_eval_txdanchi/p257_188.wav,2.2743708106323366,2.224885211887831,3.032724747733602,3.0818803310394287,2.749992847442627,3.1337578296661377,0.5891471480249689,1.5115928649902344,3.208462314405212,-6.204097819642449,10.017532346287394,16.234770026028137,5.673819727611473,-10.560950298416664,0.9049490133429887,40.61481494864626
p257_189,/home/vpopescu/projects/ultra-low-power-se/datasets/datasets/voicebank-demand/16k/clean_test/p257_189.wav,/home/vpopescu/projects/ultra-low-power-se/datasets/datasets/voicebank-demand/16k/noisy_test/p257_189.wav,/tmp/exp_mask_df_v4_full_eval_txdanchi/p257_189.wav,2.2321087138493274,2.234843269471984,3.039893050518687,3.1875076293945312,1.9005584716796875,3.2034895420074463,0.5938315837264427,1.5206167697906494,2.388339003665824,-1.7361845218452459,8.978467970293885,10.728115253861727,5.457945081724368,-5.270170172137359,0.8999115779648192,39.887351334507194
p257_190,/home/vpopescu/projects/ultra-low-power-se/datasets/datasets/voicebank-demand/16k/clean_test/p257_190.wav,/home/vpopescu/projects/ultra-low-power-se/datasets/datasets/voicebank-demand/16k/noisy_test/p257_190.wav,/tmp/exp_mask_df_v4_full_eval_txdanchi/p257_190.wav,1.9154701315955074,1.683077494480289,2.2577059214221995,2.5127413272857666,2.308978796005249,3.3928558826446533,1.0561897358098857,1.2923094034194946,1.1779153539481237,0.7107478997253249,7.174331587714443,6.438122749274634,5.675734201127415,-0.7623885481472197,0.8216279501852934,58.63749007682037
p257_191,/home/vpopescu/projects/ultra-low-power-se/datasets/datasets/voicebank-demand/16k/clean_test/p257_191.wav,/home/vpopescu/projects/ultra-low-power-se/datasets/datasets/voicebank-demand/16k/noisy_test/p257_191.wav,/tmp/exp_mask_df_v4_full_eval_txdanchi/p257_191.wav,1.8462417827662625,1.6521379115909292,2.3544352212055633,2.7178728580474854,3.4553351402282715,3.476921796798706,0.9014678644475831,1.1090891361236572,0.8765789220731272,4.4891834766418555,6.101173354214726,1.6280798505434446,5.467201259836235,3.8391214092927908,0.825748928626175,53.30389948449321
p257_192,/home/vpopescu/projects/ultra-low-power-se/datasets/datasets/voicebank-demand/16k/clean_test/p257_192.wav,/home/vpopescu/projects/ultra-low-power-se/datasets/datasets/voicebank-demand/16k/noisy_test/p257_192.wav,/tmp/exp_mask_df_v4_full_eval_txdanchi/p257_192.wav,2.2366892647431946,2.410318328401099,3.216013660203763,3.843885898590088,1.9319970607757568,2.44606614112854,0.46042346453100813,1.749659538269043,1.9487744685110633,-3.5823029271676905,10.70654072706107,14.3141161786225,5.620282812145838,-8.693833366476662,0.8829905421653113,50.91725515222923
p257_193,/home/vpopescu/projects/ultra-low-power-se/datasets/datasets/voicebank-demand/16k/clean_test/p257_193.wav,/home/vpopescu/projects/ultra-low-power-se/datasets/datasets/voicebank-demand/16k/noisy_test/p257_193.wav,/tmp/exp_mask_df_v4_full_eval_txdanchi/p257_193.wav,2.0617898391210443,1.8386697036920647,2.4860733498494927,3.5224480628967285,2.3322577476501465,2.8258116245269775,0.9418888175556486,1.3248387575149536,2.1284973737758404,-1.2031951837989627,10.403048015669329,11.594339081455951,6.26921066400975,-5.3251284174462015,0.8841183025369861,48.51120307414018
p257_194,/home/vpopescu/projects/ultra-low-power-se/datasets/datasets/voicebank-demand/16k/clean_test/p257_194.wav,/home/vpopescu/projects/ultra-low-power-se/datasets/datasets/voicebank-demand/16k/noisy_test/p257_194.wav,/tmp/exp_mask_df_v4_full_eval_txdanchi/p257_194.wav,2.280419181986881,2.267602484043568,3.045531893292793,3.4925291538238525,2.5347018241882324,3.155276298522949,0.611160222822174,1.5901912450790405,2.8554793809397907,1.4633799585657998,8.477255173896513,7.044924814905973,6.106092180263026,-0.9388326346429468,0.8991348174254813,41.9410620228724
p257_195,/home/vpopescu/projects/ultra-low-power-se/datasets/datasets/voicebank-demand/16k/clean_test/p257_195.wav,/home/vpopescu/projects/ultra-low-power-se/datasets/datasets/voicebank-demand/16k/noisy_test/p257_195.wav,/tmp/exp_mask_df_v4_full_eval_txdanchi/p257_195.wav,1.6825052351981968,1.7541209140077747,2.510030164109925,2.9231600761413574,3.192403554916382,3.062994956970215,0.7527364301617013,1.1800681352615356,-1.7640389019340774,4.399487907874672,4.791368856045074,0.5004705462153098,4.986734705850643,4.486264159635333,0.849635965257009,57.77612609071003
p257_196,/home/vpopescu/projects/ultra-low-power-se/datasets/datasets/voicebank-demand/16k/clean_test/p257_196.wav,/home/vpopescu/projects/ultra-low-power-se/datasets/datasets/voicebank-demand/16k/noisy_test/p257_196.wav,/tmp/exp_mask_df_v4_full_eval_txdanchi/p257_196.wav,2.798112020741223,3.075632532031552,3.983446681162409,4.0482354164123535,2.862839698791504,3.1045873165130615,0.22885380825482748,2.1520140171051025,4.270078134548701,-5.747233752776644,10.765440981785094,16.514334090223706,5.202333878455293,-11.312000211768414,0.9497554387697308,19.08080027308343
p257_197,/home/vpopescu/projects/ultra-low-power-se/datasets/datasets/voicebank-demand/16k/clean_test/p257_197.wav,/home/vpopescu/projects/ultra-low-power-se/datasets/datasets/voicebank-demand/16k/noisy_test/p257_197.wav,/tmp/exp_mask_df_v4_full_eval_txdanchi/p257_197.wav,2.3706188613444756,2.5663425494653618,3.4919535210002897,3.7435431480407715,2.6664435863494873,2.431307315826416,0.35402032770547176,1.6665759086608887,2.0315591464448106,0.47868559360380125,10.933558676084548,10.430184238406754,5.971383387801308,-4.458800850605447,0.9318013006480104,26.856092745921746
p257_198,/home/vpopescu/projects/ultra-low-power-se/datasets/datasets/voicebank-demand/16k/clean_test/p257_198.wav,/home/vpopescu/projects/ultra-low-power-se/datasets/datasets/voicebank-demand/16k/noisy_test/p257_198.wav,/tmp/exp_mask_df_v4_full_eval_txdanchi/p257_198.wav,2.530083318382801,2.7734054506542787,3.7311149983183824,4.046695232391357,3.1062443256378174,3.3398289680480957,0.247723312631684,1.8204371929168701,2.9385157737288297,2.841808678467734,9.28720292533593,6.450217133152965,5.839869420987726,-0.6103477121652396,0.9373176614292615,22.744593368054158
p257_199,/home/vpopescu/projects/ultra-low-power-se/datasets/datasets/voicebank-demand/16k/clean_test/p257_199.wav,/home/vpopescu/projects/ultra-low-power-se/datasets/datasets/voicebank-demand/16k/noisy_test/p257_199.wav,/tmp/exp_mask_df_v4_full_eval_txdanchi/p257_199.wav,1.566434401348764,2.007357208909022,2.925037099108534,3.5572469234466553,3.0473594665527344,3.009028673171997,0.44954208034341353,1.2332650423049927,-4.885883870830989,8.065761762496832,4.944457696641759,-3.088532570697999,5.248897774875541,8.33743034557354,0.541921798620931,49.89365785866711
p257_200,/home/vpopescu/projects/ultra-low-power-se/datasets/datasets/voicebank-demand/16k/clean_test/p257_200.wav,/home/vpopescu/projects/ultra-low-power-se/datasets/datasets/voicebank-demand/16k/noisy_test/p257_200.wav,/tmp/exp_mask_df_v4_full_eval_txdanchi/p257_200.wav,2.466086369896221,2.61445417741318,3.5320690532161243,4.108619689941406,3.1790037155151367,3.418807029724121,0.2998656039525621,1.76337730884552,3.725799734155785,-4.681459675634926,10.963410237481542,15.65076210133531,6.291788580350013,-9.358973520985298,0.9291965640064707,35.07619528339312
p257_201,/home/vpopescu/projects/ultra-low-power-se/datasets/datasets/voicebank-demand/16k/clean_test/p257_201.wav,/home/vpopescu/projects/ultra-low-power-se/datasets/datasets/voicebank-demand/16k/noisy_test/p257_201.wav,/tmp/exp_mask_df_v4_full_eval_txdanchi/p257_201.wav,2.1961182596322883,2.3838650173150153,3.190451077734348,3.7886276245117188,3.4603431224823,3.366349220275879,0.5244831373918076,1.6751302480697632,0.8172296363727105,0.4952845152837284,10.368160407677497,9.880277494498335,5.691396066837855,-4.18888142766048,0.8819453000149482,41.4399237195055
p257_202,/home/vpopescu/projects/ultra-low-power-se/datasets/datasets/voicebank-demand/16k/clean_test/p257_202.wav,/home/vpopescu/projects/ultra-low-power-se/datasets/datasets/voicebank-demand/16k/noisy_test/p257_202.wav,/tmp/exp_mask_df_v4_full_eval_txdanchi/p257_202.wav,2.3178973801521576,2.552040840996349,3.474767981321853,3.6636881828308105,1.8947219848632812,2.750084161758423,0.32950725905265554,1.6848281621932983,1.7156766913977424,2.994290578326945,8.68296642534075,5.641483272737751,6.154985823507103,0.5135025507693527,0.8750831333227778,32.79115899061375
p257_203,/home/vpopescu/projects/ultra-low-power-se/datasets/datasets/voicebank-demand/16k/clean_test/p257_203.wav,/home/vpopescu/projects/ultra-low-power-se/datasets/datasets/voicebank-demand/16k/noisy_test/p257_203.wav,/tmp/exp_mask_df_v4_full_eval_txdanchi/p257_203.wav,1.7515013436226035,1.745418828409303,2.5231737190147268,3.1289803981781006,2.7031960487365723,3.3883187770843506,0.7303372729071466,1.1429656744003296,-0.541276079146833,4.647056580233476,5.479540674587637,0.8275092120472092,5.161960012184137,4.334450800136928,0.8560621501980727,56.39083653635761
p257_204,/home/vpopescu/projects/ultra-low-power-se/datasets/datasets/voicebank-demand/16k/clean_test/p257_204.wav,/home/vpopescu/projects/ultra-low-power-se/datasets/datasets/voicebank-demand/16k/noisy_test/p257_204.wav,/tmp/exp_mask_df_v4_full_eval_txdanchi/p257_204.wav,2.5704695451748516,2.85407846242729,3.8228700040522545,3.8422539234161377,2.385676145553589,2.64656400680542,0.16763262694685663,1.9168682098388672,3.450461624890168,-3.6116161821400468,11.489756153600979,15.081711217380283,6.7172906751073,-8.364420542272983,0.928370838635627,28.16750592802966
p257_205,/home/vpopescu/projects/ultra-low-power-se/datasets/datasets/voicebank-demand/16k/clean_test/p257_205.wav,/home/vpopescu/projects/ultra-low-power-se/datasets/datasets/voicebank-demand/16k/noisy_test/p257_205.wav,/tmp/exp_mask_df_v4_full_eval_txdanchi/p257_205.wav,2.585413886500367,2.9203336280907584,3.8513195502213797,3.6700427532196045,2.638329267501831,3.2120630741119385,0.2073577222399679,2.014111280441284,2.817896719476909,-0.544130278776148,9.795073399766094,10.336641655603305,5.801669117743891,-4.534972537859415,0.8706489818506681,26.97982841108745
p257_206,/home/vpopescu/projects/ultra-low-power-se/datasets/datasets/voicebank-demand/16k/clean_test/p257_206.wav,/home/vpopescu/projects/ultra-low-power-se/datasets/datasets/voicebank-demand/16k/noisy_test/p257_206.wav,/tmp/exp_mask_df_v4_full_eval_txdanchi/p257_206.wav,2.3613810445349714,2.491612934100179,3.3940395803774392,3.942995548248291,2.2381417751312256,3.4993717670440674,0.3788113304264199,1.6495449542999268,2.7812366557546304,2.7650779683531868,9.174009552283952,6.476847905548655,5.464318649828402,-1.0125292557202528,0.8866283806185691,33.759907561847825
p257_207,/home/vpopescu/projects/ultra-low-power-se/datasets/datasets/voicebank-demand/16k/clean_test/p257_207.wav,/home/vpopescu/projects/ultra-low-power-se/datasets/datasets/voicebank-demand/16k/noisy_test/p257_207.wav,/tmp/exp_mask_df_v4_full_eval_txdanchi/p257_207.wav,2.0947905178373762,2.2443694433978343,3.17577032949437,3.5682077407836914,2.7119452953338623,3.397388219833374,0.4191619072562147,1.3843278884887695,0.7696094834950468,5.828573486087348,7.343499439952489,1.5884782360149172,5.8810463683276035,4.292568132312686,0.9034824708312668,35.629087188634756
p257_208,/home/vpopescu/projects/ultra-low-power-se/datasets/datasets/voicebank-demand/16k/clean_test/p257_208.wav,/home/vpopescu/projects/ultra-low-power-se/datasets/datasets/voicebank-demand/16k/noisy_test/p257_208.wav,/tmp/exp_mask_df_v4_full_eval_txdanchi/p257_208.wav,2.047478881417851,1.7660311790141685,2.5550422391563288,3.4078221321105957,2.308044195175171,2.7548720836639404,0.7587449955194359,1.106164574623108,3.407715565071239,-5.747829933443935,9.887347082147047,15.609557364687296,5.782632044004435,-9.82692532068286,0.8253346188284665,47.13626655021177
p257_209,/home/vpopescu/projects/ultra-low-power-se/datasets/datasets/voicebank-demand/16k/clean_test/p257_209.wav,/home/vpopescu/projects/ultra-low-power-se/datasets/datasets/voicebank-demand/16k/noisy_test/p257_209.wav,/tmp/exp_mask_df_v4_full_eval_txdanchi/p257_209.wav,2.1739136289453436,2.115905631367298,2.8544567667387035,2.899829864501953,2.8526928424835205,2.9427192211151123,0.6477512886513136,1.5496159791946411,3.0648216346860533,-0.07099351658272468,10.44518864685205,10.499781203060099,6.496059619894249,-4.00372158316585,0.831807496241845,56.26951029927372
p257_210,/home/vpopescu/projects/ultra-low-power-se/datasets/datasets/voicebank-demand/16k/clean_test/p257_210.wav,/home/vpopescu/projects/ultra-low-power-se/datasets/datasets/voicebank-demand/16k/noisy_test/p257_210.wav,/tmp/exp_mask_df_v4_full_eval_txdanchi/p257_210.wav,1.9204676631193456,1.7851400617840736,2.503921447842618,3.272015333175659,3.0004148483276367,3.0318753719329834,0.8528030763661073,1.2006568908691406,0.8144004690481678,1.8240488130331753,7.656383120366325,5.782991034622232,5.45535872735357,-0.32763230726866244,0.8067743113294363,48.393365752305435
p257_211,/home/vpopescu/projects/ultra-low-power-se/datasets/datasets/voicebank-demand/16k/clean_test/p257_211.wav,/home/vpopescu/projects/ultra-low-power-se/datasets/datasets/voicebank-demand/16k/noisy_test/p257_211.wav,/tmp/exp_mask_df_v4_full_eval_txdanchi/p257_211.wav,1.516430009857627,1.1713493843607004,1.4700061843941792,2.349736213684082,2.8153443336486816,3.1535935401916504,1.6064048490900888,1.120529294013977,-2.3965964776925053,2.561396729714913,3.6827908189798384,0.9876301470071279,4.538821824133453,3.5511916771263246,0.7896245689693953,71.74248779806084
p257_212,/home/vpopescu/projects/ultra-low-power-se/datasets/datasets/voicebank-demand/16k/clean_test/p257_212.wav,/home/vpopescu/projects/ultra-low-power-se/datasets/datasets/voicebank-demand/16k/noisy_test/p257_212.wav,/tmp/exp_mask_df_v4_full_eval_txdanchi/p257_212.wav,2.29502195267563,2.1868647175362312,2.95701170178253,3.893354892730713,2.6311986446380615,2.9748218059539795,0.6363727558699054,1.533172369003296,3.8679642666362755,-6.376672187187216,10.459369080057499,16.832649285769282,5.3722206996637105,-11.460428586105571,0.9153827516201086,45.073741215147216
p257_213,/home/vpopescu/projects/ultra-low-power-se/datasets/datasets/voicebank-demand/16k/clean_test/p257_213.wav,/home/vpopescu/projects/ultra-low-power-se/datasets/datasets/voicebank-demand/16k/noisy_test/p257_213.wav,/tmp/exp_mask_df_v4_full_eval_txdanchi/p257_213.wav,1.93324834711759,1.8142707351599354,2.464564921652573,2.5949907302856445,2.360705614089966,2.5561044216156006,0.8727966802932193,1.3613011837005615,1.2262095034541287,-1.6454817551147656,7.974747531269144,9.57298354888799,5.036244793042872,-4.536738755845118,0.8864770308218735,61.24354534412694
p257_214,/home/vpopescu/projects/ultra-low-power-se/datasets/datasets/voicebank-demand/16k/clean_test/p257_214.wav,/home/vpopescu/projects/ultra-low-power-se/datasets/datasets/voicebank-demand/16k/noisy_test/p257_214.wav,/tmp/exp_mask_df_v4_full_eval_txdanchi/p257_214.wav,1.7694528332721866,1.1075414192067852,1.3270325722652427,2.6347336769104004,1.6394810676574707,2.316943645477295,1.8519617493052012,1.050861120223999,0.2752156307045464,0.738155381570186,6.792104341648856,6.107096342880068,5.222162654850287,-0.8849336880297809,0.781722069129594,54.88533813275297
p257_215,/home/vpopescu/projects/ultra-low-power-se/datasets/datasets/voicebank-demand/16k/clean_test/p257_215.wav,/home/vpopescu/projects/ultra-low-power-se/datasets/datasets/voicebank-demand/16k/noisy_test/p257_215.wav,/tmp/exp_mask_df_v4_full_eval_txdanchi/p257_215.wav,1.9565508964211062,1.9606217948540416,2.684328755502115,3.1810801029205322,3.2409422397613525,3.190448045730591,0.790423105692687,1.3588448762893677,-0.07024212699949019,3.7444304049149584,5.275718293576864,1.4540318582977105,5.136396302571048,3.682364444273337,0.8293208069000059,46.078814349177655
p257_216,/home/vpopescu/projects/ultra-low-power-se/datasets/datasets/voicebank-demand/16k/clean_test/p257_216.wav,/home/vpopescu/projects/ultra-low-power-se/datasets/datasets/voicebank-demand/16k/noisy_test/p257_216.wav,/tmp/exp_mask_df_v4_full_eval_txdanchi/p257_216.wav,2.562404883887527,2.7025830357438303,3.6865196101208033,4.168180465698242,3.387641668319702,3.4998342990875244,0.23350190718651903,1.7250901460647583,4.196402371863095,-6.329316076021252,10.054906814568929,16.37945698252723,5.53278885640513,-10.8466681261221,0.9416296156140634,22.937365051257505
p257_217,/home/vpopescu/projects/ultra-low-power-se/datasets/datasets/voicebank-demand/16k/clean_test/p257_217.wav,/home/vpopescu/projects/ultra-low-power-se/datasets/datasets/voicebank-demand/16k/noisy_test/p257_217.wav,/tmp/exp_mask_df_v4_full_eval_txdanchi/p257_217.wav,2.544520999455661,2.669305473833458,3.6178784549661005,4.020240783691406,2.984727144241333,3.4765090942382812,0.3034149777082708,1.7249464988708496,3.8718184470847095,-1.1260875988059613,10.326043152976922,11.44942933008058,5.680742113694443,-5.768687216386137,0.9429271771031356,22.56114131013458
p257_218,/home/vpopescu/projects/ultra-low-power-se/datasets/datasets/voicebank-demand/16k/clean_test/p257_218.wav,/home/vpopescu/projects/ultra-low-power-se/datasets/datasets/voicebank-demand/16k/noisy_test/p257_218.wav,/tmp/exp_mask_df_v4_full_eval_txdanchi/p257_218.wav,2.3140945624980027,2.392075989143872,3.265422772199328,3.7779324054718018,3.0496084690093994,3.214817523956299,0.4860441843892582,1.5590078830718994,2.2691988684339983,4.033547030088787,10.040677088775729,6.02343224261412,6.121562388999768,0.09813014638564876,0.8912864822860859,29.724390617386725
p257_219,/home/vpopescu/projects/ultra-low-power-se/datasets/datasets/voicebank-demand/16k/clean_test/p257_219.wav,/home/vpopescu/projects/ultra-low-power-se/datasets/datasets/voicebank-demand/16k/noisy_test/p257_219.wav,/tmp/exp_mask_df_v4_full_eval_txdanchi/p257_219.wav,2.3011937536336315,2.387050503074029,3.304043799987911,4.013172149658203,2.3197569847106934,3.3445510864257812,0.4353776801259302,1.4981292486190796,2.239970517993101,4.773660188088405,6.8852503780451375,2.152492319597774,5.462832135308302,3.310339815710528,0.9049232327153414,27.147167119979116
p257_220,/home/vpopescu/projects/ultra-low-power-se/datasets/datasets/voicebank-demand/16k/clean_test/p257_220.wav,/home/vpopescu/projects/ultra-low-power-se/datasets/datasets/voicebank-demand/16k/noisy_test/p257_220.wav,/tmp/exp_mask_df_v4_full_eval_txdanchi/p257_220.wav,2.376089125708634,2.5956936063667677,3.449445641394923,3.8035202026367188,1.363539218902588,1.9732062816619873,0.40874704747117296,1.8053652048110962,1.928118301743724,-5.6645184121573475,9.277669439596064,14.968121221685184,5.074043396932348,-9.894077824752836,0.9063358838133875,34.62098502870349
p257_221,/home/vpopescu/projects/ultra-low-power-se/datasets/datasets/voicebank-demand/16k/clean_test/p257_221.wav,/home/vpopescu/projects/ultra-low-power-se/datasets/datasets/voicebank-demand/16k/noisy_test/p257_221.wav,/tmp/exp_mask_df_v4_full_eval_txdanchi/p257_221.wav,2.3956164185808095,2.4994767824643147,3.409048773074698,3.637524366378784,3.3771307468414307,3.348862409591675,0.3627544983419839,1.651984691619873,3.342989319445997,-1.2459300450035116,10.272487332896285,11.525888132539237,5.882705131739746,-5.643183000799491,0.8998081742402831,34.09151301979824
p257_222,/home/vpopescu/projects/ultra-low-power-se/datasets/datasets/voicebank-demand/16k/clean_test/p257_222.wav,/home/vpopescu/projects/ultra-low-power-se/datasets/datasets/voicebank-demand/16k/noisy_test/p257_222.wav,/tmp/exp_mask_df_v4_full_eval_txdanchi/p257_222.wav,2.1057191286552452,2.1917102093020753,3.069264081966925,3.603800058364868,1.6750240325927734,2.387917995452881,0.47279914671261725,1.4281182289123535,1.5703240808039731,2.4088060299785496,8.21333165086739,5.817946116994619,5.532918053913764,-0.2850280630808557,0.8432721030115115,44.26454312221568
p257_223,/home/vpopescu/projects/ultra-low-power-se/datasets/datasets/voicebank-demand/16k/clean_test/p257_223.wav,/home/vpopescu/projects/ultra-low-power-se/datasets/datasets/voicebank-demand/16k/noisy_test/p257_223.wav,/tmp/exp_mask_df_v4_full_eval_txdanchi/p257_223.wav,2.17967202891979,2.2622592855144026,3.194615314555839,3.7093687057495117,3.5342769622802734,3.606356382369995,0.41841678383374264,1.3945882320404053,1.892280983487691,5.849027523396502,7.59164328915729,1.6682543890464405,5.9646894341798715,4.296435045133431,0.8841042210187335,34.30783542217822
p257_224,/home/vpopescu/projects/ultra-low-power-se/datasets/datasets/voicebank-demand/16k/clean_test/p257_224.wav,/home/vpopescu/projects/ultra-low-power-se/datasets/datasets/voicebank-demand/16k/noisy_test/p257_224.wav,/tmp/exp_mask_df_v4_full_eval_txdanchi/p257_224.wav,2.7343921811652967,3.007104882949487,3.945416800811099,3.7676215171813965,1.688953161239624,2.6748738288879395,0.21941569789588192,2.044193983078003,3.86345862475596,-6.965941693870258,9.823219463691807,16.77421035495466,5.516031630881288,-11.258178724073375,0.9437899612880509,17.16149087223053
p257_225,/home/vpopescu/projects/ultra-low-power-se/datasets/datasets/voicebank-demand/16k/clean_test/p257_225.wav,/home/vpopescu/projects/ultra-low-power-se/datasets/datasets/voicebank-demand/16k/noisy_test/p257_225.wav,/tmp/exp_mask_df_v4_full_eval_txdanchi/p257_225.wav,2.6496875501716946,2.8926588599275855,3.8466253841339406,4.075194358825684,2.56727933883667,3.228485584259033,0.21952665575627991,1.9321694374084473,3.753181722689777,-2.419828510443125,9.110272438612428,11.480840717186378,5.628341006046737,-5.852499711139641,0.9350071746801544,20.619984205571253
p257_226,/home/vpopescu/projects/ultra-low-power-se/datasets/datasets/voicebank-demand/16k/clean_test/p257_226.wav,/home/vpopescu/projects/ultra-low-power-se/datasets/datasets/voicebank-demand/16k/noisy_test/p257_226.wav,/tmp/exp_mask_df_v4_full_eval_txdanchi/p257_226.wav,2.522693069069243,2.9592157144138693,3.767061210713554,3.8282415866851807,2.5606086254119873,2.730281352996826,0.34948016187594544,2.202913999557495,1.0301014227014467,3.5676825424159544,9.314108264881108,5.755172594356309,5.631044659913336,-0.12412793444297332,0.9333818744101255,32.742316049918635
p257_227,/home/vpopescu/projects/ultra-low-power-se/datasets/datasets/voicebank-demand/16k/clean_test/p257_227.wav,/home/vpopescu/projects/ultra-low-power-se/datasets/datasets/voicebank-demand/16k/noisy_test/p257_227.wav,/tmp/exp_mask_df_v4_full_eval_txdanchi/p257_227.wav,2.329993749671044,2.7452751407881366,3.673006345333028,4.0039896965026855,3.448509693145752,3.457423686981201,0.2350063387538465,1.8821396827697754,0.6326196778834031,6.464464068008066,7.102900403135245,0.6847722862169269,5.823242623772368,5.13847033755544,0.7863966327660271,34.789151199937635
p257_228,/home/vpopescu/projects/ultra-low-power-se/datasets/datasets/voicebank-demand/16k/clean_test/p257_228.wav,/home/vpopescu/projects/ultra-low-power-se/datasets/datasets/voicebank-demand/16k/noisy_test/p257_228.wav,/tmp/exp_mask_df_v4_full_eval_txdanchi/p257_228.wav,2.5027124790727067,2.673084853036141,3.548318541573984,3.766916275024414,2.5638539791107178,3.0712599754333496,0.3627083700722661,1.846331238746643,3.2963691369796555,-6.661788633434744,9.181956967224384,15.8427825567022,5.668951463209595,-10.173831093492606,0.8240731927952732,31.64358695398667
p257_229,/home/vpopescu/projects/ultra-low-power-se/datasets/datasets/voicebank-demand/16k/clean_test/p257_229.wav,/home/vpopescu/projects/ultra-low-power-se/datasets/datasets/voicebank-demand/16k/noisy_test/p257_229.wav,/tmp/exp_mask_df_v4_full_eval_txdanchi/p257_229.wav,1.9259671322003724,1.6433412402350969,2.3243274299379335,2.876455545425415,3.2099971771240234,3.2307186126708984,0.9187874158828463,1.1377400159835815,2.2896463533315847,-1.214179211007032,9.541940574311038,10.730316950016396,5.7519565577438225,-4.978360392272574,0.8379703884497838,56.58861652852416
p257_230,/home/vpopescu/projects/ultra-low-power-se/datasets/datasets/voicebank-demand/16k/clean_test/p257_230.wav,/home/vpopescu/projects/ultra-low-power-se/datasets/datasets/voicebank-demand/16k/noisy_test/p257_230.wav,/tmp/exp_mask_df_v4_full_eval_txdanchi/p257_230.wav,1.9501587445462036,1.8330860495273333,2.50126944173143,2.739135503768921,3.244396209716797,3.178081750869751,0.8588716460254517,1.3442845344543457,1.220816746355723,1.196054592418788,7.505374952411962,6.287131388430323,5.477541617354111,-0.8095897710762117,0.8374680173972283,57.617245420483435
p257_231,/home/vpopescu/projects/ultra-low-power-se/datasets/datasets/voicebank-demand/16k/clean_test/p257_231.wav,/home/vpopescu/projects/ultra-low-power-se/datasets/datasets/voicebank-demand/16k/noisy_test/p257_231.wav,/tmp/exp_mask_df_v4_full_eval_txdanchi/p257_231.wav,1.5704868668380427,1.3562266388723305,1.8996386446588862,2.393239974975586,3.344911575317383,3.1004204750061035,1.1366661808649268,1.079338788986206,-0.8693503593435017,2.4450127543458877,3.984646586123711,1.5619164403702541,4.4324267457236015,2.8705103053533474,0.7841171322768326,74.95257166553185
p257_232,/home/vpopescu/projects/ultra-low-power-se/datasets/datasets/voicebank-demand/16k/clean_test/p257_232.wav,/home/vpopescu/projects/ultra-low-power-se/datasets/datasets/voicebank-demand/16k/noisy_test/p257_232.wav,/tmp/exp_mask_df_v4_full_eval_txdanchi/p257_232.wav,2.417774547783942,2.402302970050671,3.224095785806377,3.62549090385437,2.847278356552124,3.298200845718384,0.5349013706092303,1.6431835889816284,3.792430310767275,-6.8497800972827925,9.965568452959637,16.81582751448437,5.643027607596459,-11.17279990688791,0.9289592125120194,34.37004533251633
p257_233,/home/vpopescu/projects/ultra-low-power-se/datasets/datasets/voicebank-demand/16k/clean_test/p257_233.wav,/home/vpopescu/projects/ultra-low-power-se/datasets/datasets/voicebank-demand/16k/noisy_test/p257_233.wav,/tmp/exp_mask_df_v4_full_eval_txdanchi/p257_233.wav,2.224963520071271,2.3563503397296923,3.259016258404131,3.248687267303467,2.125352621078491,3.0076210498809814,0.3754142685101997,1.5624468326568604,2.338431573700799,-1.8382209945627093,8.88547288989581,10.725515655457666,6.214971043761135,-4.510544611696531,0.8610039290098332,43.31532215455116
p257_234,/home/vpopescu/projects/ultra-low-power-se/datasets/datasets/voicebank-demand/16k/clean_test/p257_234.wav,/home/vpopescu/projects/ultra-low-power-se/datasets/datasets/voicebank-demand/16k/noisy_test/p257_234.wav,/tmp/exp_mask_df_v4_full_eval_txdanchi/p257_234.wav,1.9711373428909171,1.8414369314610362,2.6111791028117883,3.4332172870635986,2.7630465030670166,3.5682501792907715,0.712119323430355,1.2406511306762695,2.076003770867927,0.17189891944706126,7.118096479119002,6.972455700891005,5.560768610650417,-1.411687090240588,0.8779829848814958,55.24030501957411
p257_235,/home/vpopescu/projects/ultra-low-power-se/datasets/datasets/voicebank-demand/16k/clean_test/p257_235.wav,/home/vpopescu/projects/ultra-low-power-se/datasets/datasets/voicebank-demand/16k/noisy_test/p257_235.wav,/tmp/exp_mask_df_v4_full_eval_txdanchi/p257_235.wav,1.7639237026676435,1.6813333733975582,2.4169680648671945,3.106699228286743,3.0599188804626465,3.252511739730835,0.8444712074699415,1.1001392602920532,-0.476720489508302,4.608328179210063,5.52596915871502,0.9453649690596089,5.337033242645832,4.391668273586223,0.8542359603326387,52.27278184470492
p257_236,/home/vpopescu/projects/ultra-low-power-se/datasets/datasets/voicebank-demand/16k/clean_test/p257_236.wav,/home/vpopescu/projects/ultra-low-power-se/datasets/datasets/voicebank-demand/16k/noisy_test/p257_236.wav,/tmp/exp_mask_df_v4_full_eval_txdanchi/p257_236.wav,2.5770668224818363,2.7719954129149196,3.7868476312650436,3.8870434761047363,2.4097745418548584,3.31628680229187,0.18445959154560915,1.7415187358856201,3.8111861163517915,-6.6380885778678245,9.776185556192335,16.40696037813552,5.215937405252703,-11.191022972882816,0.9044853400326045,18.497694085950393
p257_237,/home/vpopescu/projects/ultra-low-power-se/datasets/datasets/voicebank-demand/16k/clean_test/p257_237.wav,/home/vpopescu/projects/ultra-low-power-se/datasets/datasets/voicebank-demand/16k/noisy_test/p257_237.wav,/tmp/exp_mask_df_v4_full_eval_txdanchi/p257_237.wav,2.4721380646400886,2.607856153756859,3.609006224737226,3.8974006175994873,2.2654075622558594,3.1336655616760254,0.24049126610924632,1.6165962219238281,3.6472594794347186,-1.5531953719925475,10.00828859341311,11.570564368002088,5.303012115395874,-6.267552252606214,0.9328612935086757,23.481753806269772
p257_238,/home/vpopescu/projects/ultra-low-power-se/datasets/datasets/voicebank-demand/16k/clean_test/p257_238.wav,/home/vpopescu/projects/ultra-low-power-se/datasets/datasets/voicebank-demand/16k/noisy_test/p257_238.wav,/tmp/exp_mask_df_v4_full_eval_txdanchi/p257_238.wav,2.47826078582811,2.7824911765477087,3.653399374914547,3.8371667861938477,2.963118553161621,3.356738328933716,0.3420289889666178,1.9464483261108398,1.8593550725037689,3.8881635390838714,9.489040358801034,5.58239602152372,6.004399789488567,0.4220037679648474,0.9251173908356758,29.040126231515565
p257_239,/home/vpopescu/projects/ultra-low-power-se/datasets/datasets/voicebank-demand/16k/clean_test/p257_239.wav,/home/vpopescu/projects/ultra-low-power-se/datasets/datasets/voicebank-demand/16k/noisy_test/p257_239.wav,/tmp/exp_mask_df_v4_full_eval_txdanchi/p257_239.wav,2.00458711449835,2.1094015922496063,3.0874949060544843,3.4892518520355225,3.3532092571258545,3.589590549468994,0.42066241419635825,1.185691475868225,0.43694410776377957,6.1516360565848025,6.9902935974269536,0.8614324973076964,5.58154485161819,4.720112354310494,0.8867150569771131,31.957269965111394
p257_240,/home/vpopescu/projects/ultra-low-power-se/datasets/datasets/voicebank-demand/16k/clean_test/p257_240.wav,/home/vpopescu/projects/ultra-low-power-se/datasets/datasets/voicebank-demand/16k/noisy_test/p257_240.wav,/tmp/exp_mask_df_v4_full_eval_txdanchi/p257_240.wav,2.358536773489861,2.3523811167878512,3.1533186689724912,2.9159979820251465,2.2983648777008057,2.989769458770752,0.5577112954189131,1.6388685703277588,3.4367856499159366,-6.666186928822267,10.044290180161777,16.695403352388027,5.670583960440936,-11.02481939194709,0.842372620679196,39.337128438787325
p257_241,/home/vpopescu/projects/ultra-low-power-se/datasets/datasets/voicebank-demand/16k/clean_test/p257_241.wav,/home/vpopescu/projects/ultra-low-power-se/datasets/datasets/voicebank-demand/16k/noisy_test/p257_241.wav,/tmp/exp_mask_df_v4_full_eval_txdanchi/p257_241.wav,2.1543696821319376,2.1582814475666265,3.2049683715531856,3.9118733406066895,2.429116725921631,2.9042892456054688,0.32185298805175644,1.1440297365188599,2.625352833721888,-1.222010863508892,9.15768408433689,10.411521374492459,5.723942127618433,-4.687579246874026,0.9179754533227017,27.410537206936606
p257_242,/home/vpopescu/projects/ultra-low-power-se/datasets/datasets/voicebank-demand/16k/clean_test/p257_242.wav,/home/vpopescu/projects/ultra-low-power-se/datasets/datasets/voicebank-demand/16k/noisy_test/p257_242.wav,/tmp/exp_mask_df_v4_full_eval_txdanchi/p257_242.wav,2.0657101809005805,2.049919328392492,2.914019275658822,3.52207088470459,2.829900026321411,3.4678916931152344,0.5686820393100328,1.2832040786743164,1.6544981286960874,1.5790012920225438,8.091101998737107,6.49167079195573,5.522001906664422,-0.9696688852913082,0.8843769227235232,40.84210725908523
p257_243,/home/vpopescu/projects/ultra-low-power-se/datasets/datasets/voicebank-demand/16k/clean_test/p257_243.wav,/home/vpopescu/projects/ultra-low-power-se/datasets/datasets/voicebank-demand/16k/noisy_test/p257_243.wav,/tmp/exp_mask_df_v4_full_eval_txdanchi/p257_243.wav,2.1011294161938348,2.1554519098243956,3.0547800761400254,3.58378005027771,2.268725633621216,2.872382164001465,0.5101568175497774,1.32167649269104,1.2169115697448185,5.213485876252008,6.454189926408174,1.2415090837433134,5.206185102971784,3.9646760192284702,0.8851855578792803,34.471053743772295
p257_244,/home/vpopescu/projects/ultra-low-power-se/datasets/datasets/voicebank-demand/16k/clean_test/p257_244.wav,/home/vpopescu/projects/ultra-low-power-se/datasets/datasets/voicebank-demand/16k/noisy_test/p257_244.wav,/tmp/exp_mask_df_v4_full_eval_txdanchi/p257_244.wav,2.7748404868628525,3.1511784149607,4.066309966027634,4.0138630867004395,2.2737061977386475,3.132864236831665,0.1904644924783884,2.2179830074310303,3.3559475425899175,-5.15770036809279,11.128994535232478,16.26946655315249,5.548085648816212,-10.721380904336279,0.9430208755818035,18.682869410335
p257_245,/home/vpopescu/projects/ultra-low-power-se/datasets/datasets/voicebank-demand/16k/clean_test/p257_245.wav,/home/vpopescu/projects/ultra-low-power-se/datasets/datasets/voicebank-demand/16k/noisy_test/p257_245.wav,/tmp/exp_mask_df_v4_full_eval_txdanchi/p257_245.wav,2.26378457819439,2.3118264348784825,3.3502381793062623,3.595604419708252,2.153707981109619,2.7147133350372314,0.259233760018817,1.318471908569336,3.339218607753118,-1.2921843984736192,10.1269882672253,11.42875643198257,5.674487964843852,-5.7542684671387185,0.9348916922441576,30.116538055742684
p257_246,/home/vpopescu/projects/ultra-low-power-se/datasets/datasets/voicebank-demand/16k/clean_test/p257_246.wav,/home/vpopescu/projects/ultra-low-power-se/datasets/datasets/voicebank-demand/16k/noisy_test/p257_246.wav,/tmp/exp_mask_df_v4_full_eval_txdanchi/p257_246.wav,2.1647867423535367,2.203302399654948,3.1803838415160968,3.38395619392395,3.181670665740967,3.402303695678711,0.3656671278459989,1.2973308563232422,2.5157137025260043,3.221391038071318,9.530460227849423,6.318919398898339,5.95605429921438,-0.3628650996839591,0.9049840542372343,35.40391003258726
p257_247,/home/vpopescu/projects/ultra-low-power-se/datasets/datasets/voicebank-demand/16k/clean_test/p257_247.wav,/home/vpopescu/projects/ultra-low-power-se/datasets/datasets/voicebank-demand/16k/noisy_test/p257_247.wav,/tmp/exp_mask_df_v4_full_eval_txdanchi/p257_247.wav,2.07110427800619,2.1333458739984392,2.924730269864859,3.0205299854278564,2.6585402488708496,3.4999945163726807,0.5955819015603584,1.4836196899414062,1.2375255399950333,5.335066555731743,6.694873430920594,1.4150433153061823,5.478055637182942,4.06301232187676,0.8545774534544589,50.004291829355566
p257_248,/home/vpopescu/projects/ultra-low-power-se/datasets/datasets/voicebank-demand/16k/clean_test/p257_248.wav,/home/vpopescu/projects/ultra-low-power-se/datasets/datasets/voicebank-demand/16k/noisy_test/p257_248.wav,/tmp/exp_mask_df_v4_full_eval_txdanchi/p257_248.wav,2.416077984856539,2.4752490811449492,3.426684250845134,4.119801044464111,3.5630128383636475,3.5219407081604004,0.3296195107375517,1.5674898624420166,3.883061892579412,-5.425701660263082,11.007358690021503,16.42815468011114,5.402047401865525,-11.026107278245616,0.9365108961212985,30.25929551760679
p257_249,/home/vpopescu/projects/ultra-low-power-se/datasets/datasets/voicebank-demand/16k/clean_test/p257_249.wav,/home/vpopescu/projects/ultra-low-power-se/datasets/datasets/voicebank-demand/16k/noisy_test/p257_249.wav,/tmp/exp_mask_df_v4_full_eval_txdanchi/p257_249.wav,2.2020636777063953,2.202082624131171,3.011125390584931,3.5025734901428223,3.2807955741882324,3.2194111347198486,0.5674914675081604,1.5123100280761719,2.6023936728881725,-0.9490356556192161,9.462806643290717,10.379069685304135,6.093789630863481,-4.285280054440654,0.9097967812182095,45.53875958656708
p257_250,/home/vpopescu/projects/ultra-low-power-se/datasets/datasets/voicebank-demand/16k/clean_test/p257_250.wav,/home/vpopescu/projects/ultra-low-power-se/datasets/datasets/voicebank-demand/16k/noisy_test/p257_250.wav,/tmp/exp_mask_df_v4_full_eval_txdanchi/p257_250.wav,2.134533226085785,2.1395643911826534,2.9849548072093017,3.2896249294281006,3.0715887546539307,3.516824722290039,0.5471407469411604,1.404287576675415,2.1275366673352107,3.19428595767127,9.271010242795787,6.075848455886223,6.180422239789795,0.10457378390357253,0.906932767800145,43.53586365816881
p257_251,/home/vpopescu/projects/ultra-low-power-se/datasets/datasets/voicebank-demand/16k/clean_test/p257_251.wav,/home/vpopescu/projects/ultra-low-power-se/datasets/datasets/voicebank-demand/16k/noisy_test/p257_251.wav,/tmp/exp_mask_df_v4_full_eval_txdanchi/p257_251.wav,1.9928670780069635,1.8521166894154255,2.6167798909649744,3.2298178672790527,3.30354380607605,3.657130002975464,0.7471318014673363,1.2294259071350098,1.9085901249747679,5.201943034521394,6.902094921552921,1.7922169965193502,5.825219447956117,4.033002451436767,0.8671903522524994,49.862811925283104
p257_252,/home/vpopescu/projects/ultra-low-power-se/datasets/datasets/voicebank-demand/16k/clean_test/p257_252.wav,/home/vpopescu/projects/ultra-low-power-se/datasets/datasets/voicebank-demand/16k/noisy_test/p257_252.wav,/tmp/exp_mask_df_v4_full_eval_txdanchi/p257_252.wav,2.2239437339590262,2.0991102833761666,2.812022825191042,3.204052686691284,3.4175379276275635,3.3721303939819336,0.7575071900356242,1.5036711692810059,2.995083200627128,-5.130145248906365,10.636006884558933,15.746648729857771,6.422341607270007,-9.324307122587765,0.8612533922516358,45.35733237097193
p257_253,/home/vpopescu/projects/ultra-low-power-se/datasets/datasets/voicebank-demand/16k/clean_test/p257_253.wav,/home/vpopescu/projects/ultra-low-power-se/datasets/datasets/voicebank-demand/16k/noisy_test/p257_253.wav,/tmp/exp_mask_df_v4_full_eval_txdanchi/p257_253.wav,2.205742315661568,2.1685413790157617,2.9169688572030554,3.0218029022216797,1.2747435569763184,2.4023444652557373,0.6699487478559867,1.5425176620483398,2.5173087814817263,-1.931449651632592,9.331503445681307,11.271023682507204,5.715490802638634,-5.55553287986857,0.889350362909877,46.31022571869817
p257_254,/home/vpopescu/projects/ultra-low-power-se/datasets/datasets/voicebank-demand/16k/clean_test/p257_254.wav,/home/vpopescu/projects/ultra-low-power-se/datasets/datasets/voicebank-demand/16k/noisy_test/p257_254.wav,/tmp/exp_mask_df_v4_full_eval_txdanchi/p257_254.wav,2.0087662901362946,1.8914768941892077,2.601382045160092,2.576749324798584,2.519580602645874,2.325509548187256,0.7702249187078305,1.3623955249786377,2.0386916545506755,0.38321139071223875,7.140212063707291,6.758292510351451,5.0597758489343505,-1.6985166614171003,0.8657881045873256,57.84233500574098
p257_255,/home/vpopescu/projects/ultra-low-power-se/datasets/datasets/voicebank-demand/16k/clean_test/p257_255.wav,/home/vpopescu/projects/ultra-low-power-se/datasets/datasets/voicebank-demand/16k/noisy_test/p257_255.wav,/tmp/exp_mask_df_v4_full_eval_txdanchi/p257_255.wav,1.7759809580987715,1.7734122846317366,2.406163776152052,2.5097103118896484,3.007740020751953,2.7525084018707275,0.9087281573423024,1.3440524339675903,-1.0030951934098684,4.382291972845195,5.4261310844607,1.1292705933636762,5.312313600227906,4.18304300686423,0.8193987377954218,62.46872973613069
p257_256,/home/vpopescu/projects/ultra-low-power-se/datasets/datasets/voicebank-demand/16k/clean_test/p257_256.wav,/home/vpopescu/projects/ultra-low-power-se/datasets/datasets/voicebank-demand/16k/noisy_test/p257_256.wav,/tmp/exp_mask_df_v4_full_eval_txdanchi/p257_256.wav,2.634375452527575,2.8406346015357142,3.8030990465607872,4.241462230682373,3.3512535095214844,3.5070652961730957,0.21708214619570235,1.8801884651184082,4.085974924339378,-5.31789825657372,11.10114467281786,16.413040027160687,5.691055062728041,-10.721984964432647,0.9467857952715998,22.253007718914997
p257_257,/home/vpopescu/projects/ultra-low-power-se/datasets/datasets/voicebank-demand/16k/clean_test/p257_257.wav,/home/vpopescu/projects/ultra-low-power-se/datasets/datasets/voicebank-demand/16k/noisy_test/p257_257.wav,/tmp/exp_mask_df_v4_full_eval_txdanchi/p257_257.wav,2.3956697166412835,2.568143546835759,3.469116022032039,3.9559617042541504,2.358259439468384,2.769063949584961,0.3901134088453034,1.6938278675079346,2.2487272563781535,-1.607877807427208,9.042113823315553,10.68056270029257,5.518359311686172,-5.1622033886063985,0.9300687981174137,27.09283159704761
p257_258,/home/vpopescu/projects/ultra-low-power-se/datasets/datasets/voicebank-demand/16k/clean_test/p257_258.wav,/home/vpopescu/projects/ultra-low-power-se/datasets/datasets/voicebank-demand/16k/noisy_test/p257_258.wav,/tmp/exp_mask_df_v4_full_eval_txdanchi/p257_258.wav,2.5345509939275463,2.738988134319194,3.6475176058792584,4.005681037902832,2.5670053958892822,3.0147833824157715,0.3306494217322456,1.840355396270752,2.985183654952053,2.8718150376414764,9.436320840276192,6.5765328236553,5.6897784428215035,-0.8867543808337963,0.9108648951822286,23.886493678836043
p257_259,/home/vpopescu/projects/ultra-low-power-se/datasets/datasets/voicebank-demand/16k/clean_test/p257_259.wav,/home/vpopescu/projects/ultra-low-power-se/datasets/datasets/voicebank-demand/16k/noisy_test/p257_259.wav,/tmp/exp_mask_df_v4_full_eval_txdanchi/p257_259.wav,2.097544244002354,2.3311231326329773,3.116969202607321,3.720510959625244,3.354327917098999,3.2016303539276123,0.605621974100393,1.6186292171478271,-0.8629457994076968,6.719331093332214,6.713586146375587,-0.011015841774111943,5.308176050811247,5.319191892585359,0.9052410368398123,36.5421337759461
p257_260,/home/vpopescu/projects/ultra-low-power-se/datasets/datasets/voicebank-demand/16k/clean_test/p257_260.wav,/home/vpopescu/projects/ultra-low-power-se/datasets/datasets/voicebank-demand/16k/noisy_test/p257_260.wav,/tmp/exp_mask_df_v4_full_eval_txdanchi/p257_260.wav,2.2566643897319403,2.2106882991590067,2.9843984270840105,3.3608083724975586,3.3268938064575195,3.780169725418091,0.6128655943619873,1.5608530044555664,3.2156799796280344,-5.382471385873707,10.282764103169885,15.661023621544498,5.5606012746808196,-10.100422346863677,0.8145686758821369,46.57302644491237
p257_261,/home/vpopescu/projects/ultra-low-power-se/datasets/datasets/voicebank-demand/16k/clean_test/p257_261.wav,/home/vpopescu/projects/ultra-low-power-se/datasets/datasets/voicebank-demand/16k/noisy_test/p257_261.wav,/tmp/exp_mask_df_v4_full_eval_txdanchi/p257_261.wav,2.353672417910984,2.3628537288845894,3.30442390465203,3.5757555961608887,2.604419708251953,3.184495687484741,0.3694606027103832,1.48180091381073,3.90799617864742,-0.8598794985883327,10.533356612708161,11.382097597403597,5.9061608813407975,-5.475936716062799,0.9164814206262715,33.547454020761755
p257_262,/home/vpopescu/projects/ultra-low-power-se/datasets/datasets/voicebank-demand/16k/clean_test/p257_262.wav,/home/vpopescu/projects/ultra-low-power-se/datasets/datasets/voicebank-demand/16k/noisy_test/p257_262.wav,/tmp/exp_mask_df_v4_full_eval_txdanchi/p257_262.wav,2.131003144586449,2.0501567987462757,2.9395699761253717,3.196375846862793,2.9312453269958496,3.5695674419403076,0.518491749265559,1.2678357362747192,3.015251682191118,2.1733139524127587,9.078226977490262,6.914491978634533,5.782984710520809,-1.1315072681137242,0.9228565578322467,42.71188476155823
p257_263,/home/vpopescu/projects/ultra-low-power-se/datasets/datasets/voicebank-demand/16k/clean_test/p257_263.wav,/home/vpopescu/projects/ultra-low-power-se/datasets/datasets/voicebank-demand/16k/noisy_test/p257_263.wav,/tmp/exp_mask_df_v4_full_eval_txdanchi/p257_263.wav,1.5116356297320266,1.4243275781911735,1.99320584629724,2.7464373111724854,3.232235908508301,3.3633968830108643,1.0997861091362646,1.097077488899231,-2.492668213759764,4.045386900674921,4.454556637661083,0.44159127004079723,4.735597983139279,4.294006713098481,0.7934813572656813,69.96133035642004
p257_264,/home/vpopescu/projects/ultra-low-power-se/datasets/datasets/voicebank-demand/16k/clean_test/p257_264.wav,/home/vpopescu/projects/ultra-low-power-se/datasets/datasets/voicebank-demand/16k/noisy_test/p257_264.wav,/tmp/exp_mask_df_v4_full_eval_txdanchi/p257_264.wav,2.5415250503495863,2.8388421185043446,3.6772966199400203,3.6393914222717285,2.7934277057647705,3.0344343185424805,0.3500834512522107,2.0519299507141113,2.4511317252003897,-2.8302297655282658,11.737022381890146,14.568032214770794,6.108631285144193,-8.4594009296266,0.8623614564295093,32.53125211134044
p257_265,/home/vpopescu/projects/ultra-low-power-se/datasets/datasets/voicebank-demand/16k/clean_test/p257_265.wav,/home/vpopescu/projects/ultra-low-power-se/datasets/datasets/voicebank-demand/16k/noisy_test/p257_265.wav,/tmp/exp_mask_df_v4_full_eval_txdanchi/p257_265.wav,2.5701479277495842,2.7848335972840004,3.7380383879245165,3.9653186798095703,2.647780418395996,3.1385555267333984,0.2425523189613195,1.8428605794906616,3.5514754389021426,-0.9299114911192898,10.392266860528867,11.331286849862977,5.544315460537791,-5.786971389325186,0.9334084909124386,24.068911699683845
p257_266,/home/vpopescu/projects/ultra-low-power-se/datasets/datasets/voicebank-demand/16k/clean_test/p257_266.wav,/home/vpopescu/projects/ultra-low-power-se/datasets/datasets/voicebank-demand/16k/noisy_test/p257_266.wav,/tmp/exp_mask_df_v4_full_eval_txdanchi/p257_266.wav,2.1939670038592896,2.2779310271914492,3.1503064972773718,3.602327823638916,2.0824434757232666,2.8104608058929443,0.5055627286653332,1.469014048576355,1.5484992615183806,2.4005319737089037,8.428745759061874,6.033807748271331,5.495978828051335,-0.5378289202199955,0.9107435000791686,34.253880690838
p257_267,/home/vpopescu/projects/ultra-low-power-se/datasets/datasets/voicebank-demand/16k/clean_test/p257_267.wav,/home/vpopescu/projects/ultra-low-power-se/datasets/datasets/voicebank-demand/16k/noisy_test/p257_267.wav,/tmp/exp_mask_df_v4_full_eval_txdanchi/p257_267.wav,1.6618913746502555,1.7887860220986829,2.607254016832005,2.7821621894836426,3.0348756313323975,3.1041338443756104,0.6628970995106936,1.1352771520614624,-2.14384656625086,7.0464418527074155,7.540172043151953,0.42231808550049266,6.1367358770457905,5.714417791545298,0.8600200510717768,54.24411005161702
p257_268,/home/vpopescu/projects/ultra-low-power-se/datasets/datasets/voicebank-demand/16k/clean_test/p257_268.wav,/home/vpopescu/projects/ultra-low-power-se/datasets/datasets/voicebank-demand/16k/noisy_test/p257_268.wav,/tmp/exp_mask_df_v4_full_eval_txdanchi/p257_268.wav,2.1290442189282186,2.014010641447156,2.926096929946675,3.5211904048919678,2.832890748977661,3.0526835918426514,0.5001275425966012,1.2072044610977173,3.39244657858027,-5.54665689135126,10.440468717174348,15.975329898243473,5.93017709480593,-10.045152803437542,0.8390898615359488,42.246235418149574
p257_269,/home/vpopescu/projects/ultra-low-power-se/datasets/datasets/voicebank-demand/16k/clean_test/p257_269.wav,/home/vpopescu/projects/ultra-low-power-se/datasets/datasets/voicebank-demand/16k/noisy_test/p257_269.wav,/tmp/exp_mask_df_v4_full_eval_txdanchi/p257_269.wav,2.2319395049187443,2.2625987497221134,3.147491468986387,3.4534730911254883,2.9417366981506348,3.1570043563842773,0.4491147981068342,1.4783384799957275,2.9017565321354772,-0.46906810721150904,10.274580593914147,10.77786116257865,5.700506410354399,-5.0773547522242515,0.8979454258269692,41.64527857767831
p257_270,/home/vpopescu/projects/ultra-low-power-se/datasets/datasets/voicebank-demand/16k/clean_test/p257_270.wav,/home/vpopescu/projects/ultra-low-power-se/datasets/datasets/voicebank-demand/16k/noisy_test/p257_270.wav,/tmp/exp_mask_df_v4_full_eval_txdanchi/p257_270.wav,1.9028735648301933,1.5339419614859704,2.035128364426823,2.4804577827453613,2.674668550491333,2.7318646907806396,1.2061055453024738,1.2350314855575562,1.8295374591536049,1.8073962300237394,7.941993469630094,6.133536226171134,6.162226947719094,0.028690721547960152,0.7557356813945562,62.39033502757082
p257_271,/home/vpopescu/projects/ultra-low-power-se/datasets/datasets/voicebank-demand/16k/clean_test/p257_271.wav,/home/vpopescu/projects/ultra-low-power-se/datasets/datasets/voicebank-demand/16k/noisy_test/p257_271.wav,/tmp/exp_mask_df_v4_full_eval_txdanchi/p257_271.wav,1.659146429895311,1.1209076934378914,1.331288514847548,2.3761796951293945,3.0668487548828125,3.407691240310669,1.8019858291477122,1.123676061630249,-0.9037450144939246,3.5552435964615565,5.290825839188446,1.6807517455832972,5.35844238161096,3.6776906360276627,0.8094819070048898,65.00497023583294
p257_272,/home/vpopescu/projects/ultra-low-power-se/datasets/datasets/voicebank-demand/16k/clean_test/p257_272.wav,/home/vpopescu/projects/ultra-low-power-se/datasets/datasets/voicebank-demand/16k/noisy_test/p257_272.wav,/tmp/exp_mask_df_v4_full_eval_txdanchi/p257_272.wav,2.301014652582978,2.395434993900744,3.1460213704513187,3.279203176498413,2.3863563537597656,2.950910806655884,0.5949966378050905,1.7519011497497559,2.1240167633999714,-4.820316329584395,9.798642445433888,14.631944792199755,5.430616880676795,-9.20132791152296,0.8675430127885364,43.45816472737181
p257_273,/home/vpopescu/projects/ultra-low-power-se/datasets/datasets/voicebank-demand/16k/clean_test/p257_273.wav,/home/vpopescu/projects/ultra-low-power-se/datasets/datasets/voicebank-demand/16k/noisy_test/p257_273.wav,/tmp/exp_mask_df_v4_full_eval_txdanchi/p257_273.wav,2.0724014809809117,1.9823198067272099,2.608350443296496,3.5604634284973145,2.887957811355591,3.5061838626861572,0.898502415974438,1.5065513849258423,1.3125514308815942,-2.3358106215391796,8.529464451506234,10.825703346286025,5.257597569558106,-5.5681057767279185,0.9054671352997431,52.06011730845444
p257_274,/home/vpopescu/projects/ultra-low-power-se/datasets/datasets/voicebank-demand/16k/clean_test/p257_274.wav,/home/vpopescu/projects/ultra-low-power-se/datasets/datasets/voicebank-demand/16k/noisy_test/p257_274.wav,/tmp/exp_mask_df_v4_full_eval_txdanchi/p257_274.wav,1.7265412735126717,1.65631479842453,2.3871962130333015,2.5870420932769775,2.0277979373931885,2.406806707382202,0.8286339925982634,1.1081860065460205,-0.5024969044701577,3.0340703176664565,8.178795141029624,5.106981678153001,6.033250312317486,0.9262686341644857,0.8147570476561156,57.93061894781511
p257_275,/home/vpopescu/projects/ultra-low-power-se/datasets/datasets/voicebank-demand/16k/clean_test/p257_275.wav,/home/vpopescu/projects/ultra-low-power-se/datasets/datasets/voicebank-demand/16k/noisy_test/p257_275.wav,/tmp/exp_mask_df_v4_full_eval_txdanchi/p257_275.wav,1.9207451040646024,1.7338351537611816,2.4442836547479536,3.1664323806762695,2.8836920261383057,3.5256476402282715,0.9134952173198602,1.133932113647461,0.793590479339242,5.135399026592324,6.757630764388379,1.6061758348584465,5.948149562908029,4.341973728049583,0.8672190632564657,43.61009235103655
p257_276,/home/vpopescu/projects/ultra-low-power-se/datasets/datasets/voicebank-demand/16k/clean_test/p257_276.wav,/home/vpopescu/projects/ultra-low-power-se/datasets/datasets/voicebank-demand/16k/noisy_test/p257_276.wav,/tmp/exp_mask_df_v4_full_eval_txdanchi/p257_276.wav,2.2687722000516772,2.3394472892000975,3.325450836321303,4.068356037139893,1.7175302505493164,2.7434439659118652,0.33466989353944365,1.3933205604553223,2.755392835369461,-3.310126347005294,10.205858246604205,13.514614953103536,5.5936389052989535,-7.920976047804582,0.8178293724007051,29.260682353463192
p257_277,/home/vpopescu/projects/ultra-low-power-se/datasets/datasets/voicebank-demand/16k/clean_test/p257_277.wav,/home/vpopescu/projects/ultra-low-power-se/datasets/datasets/voicebank-demand/16k/noisy_test/p257_277.wav,/tmp/exp_mask_df_v4_full_eval_txdanchi/p257_277.wav,2.462001728368253,2.5251930849925444,3.441169207728206,3.820013999938965,3.0192229747772217,3.3360490798950195,0.40022543334321503,1.6220133304595947,3.5284377867344494,-1.0361650245807468,10.323433839210782,11.35084590820939,5.756926092925032,-5.593919815284358,0.9171447537248661,24.230317736529045
p257_278,/home/vpopescu/projects/ultra-low-power-se/datasets/datasets/voicebank-demand/16k/clean_test/p257_278.wav,/home/vpopescu/projects/ultra-low-power-se/datasets/datasets/voicebank-demand/16k/noisy_test/p257_278.wav,/tmp/exp_mask_df_v4_full_eval_txdanchi/p257_278.wav,2.4265959351282054,2.7234323621515113,3.625230030036731,3.9307234287261963,2.435537815093994,3.04325795173645,0.33756801750311044,1.8397129774093628,1.4589665337771913,2.4314643129456455,8.545483245333768,6.1312903766877405,5.367395489507576,-0.7638948871801645,0.930954506345286,25.528822814490436
p257_279,/home/vpopescu/projects/ultra-low-power-se/datasets/datasets/voicebank-demand/16k/clean_test/p257_279.wav,/home/vpopescu/projects/ultra-low-power-se/datasets/datasets/voicebank-demand/16k/noisy_test/p257_279.wav,/tmp/exp_mask_df_v4_full_eval_txdanchi/p257_279.wav,2.303231567542296,2.550506089845935,3.4089802888611707,3.924117088317871,2.7047245502471924,3.585327386856079,0.45136786054283295,1.7279739379882812,0.7408350923904611,5.372415934601622,6.850926279557248,1.480823776193823,5.33528439689524,3.854460620701417,0.9320387314560975,29.058940805243076
p257_280,/home/vpopescu/projects/ultra-low-power-se/datasets/datasets/voicebank-demand/16k/clean_test/p257_280.wav,/home/vpopescu/projects/ultra-low-power-se/datasets/datasets/voicebank-demand/16k/noisy_test/p257_280.wav,/tmp/exp_mask_df_v4_full_eval_txdanchi/p257_280.wav,2.5657977608548523,2.8268631987763944,3.727272781360411,4.000396728515625,2.317007541656494,3.3183112144470215,0.2907674483543596,1.9514939785003662,2.987304118899138,-5.730700990718036,10.144983345465068,15.878020554524529,5.479836823701891,-10.398183730822637,0.9408948727341845,27.03093147985265
p257_281,/home/vpopescu/projects/ultra-low-power-se/datasets/datasets/voicebank-demand/16k/clean_test/p257_281.wav,/home/vpopescu/projects/ultra-low-power-se/datasets/datasets/voicebank-demand/16k/noisy_test/p257_281.wav,/tmp/exp_mask_df_v4_full_eval_txdanchi/p257_281.wav,1.9873372969271552,1.8606058709854687,2.71905794943991,3.0989913940429688,2.6281826496124268,2.640260934829712,0.640618766838621,1.1093391180038452,1.9283890302788882,-0.6217906723814952,9.354675339264771,9.98977587375676,5.421674929907231,-4.568100943849529,0.8831231806819229,42.6307586266075
p257_282,/home/vpopescu/projects/ultra-low-power-se/datasets/datasets/voicebank-demand/16k/clean_test/p257_282.wav,/home/vpopescu/projects/ultra-low-power-se/datasets/datasets/voicebank-demand/16k/noisy_test/p257_282.wav,/tmp/exp_mask_df_v4_full_eval_txdanchi/p257_282.wav,1.921613001984562,2.0034279021548835,2.804293626322206,3.197134256362915,3.054243326187134,3.3756637573242188,0.672214367217354,1.3099865913391113,-0.5971911240907407,4.358275515468153,9.6554304195482,5.327182244229336,5.8757967500812756,0.5486145058519396,0.8970910699549546,42.99107826540232
p257_283,/home/vpopescu/projects/ultra-low-power-se/datasets/datasets/voicebank-demand/16k/clean_test/p257_283.wav,/home/vpopescu/projects/ultra-low-power-se/datasets/datasets/voicebank-demand/16k/noisy_test/p257_283.wav,/tmp/exp_mask_df_v4_full_eval_txdanchi/p257_283.wav,2.0774104298725775,2.173632214504367,3.100128891559525,3.259686231613159,3.1299617290496826,3.347400665283203,0.45098698508853663,1.3215861320495605,1.0322467330648668,5.031180530335476,6.433518510593981,1.3973543168732392,5.128427375152789,3.73107305827955,0.8946351245746528,36.191326490028366
p257_284,/home/vpopescu/projects/ultra-low-power-se/datasets/datasets/voicebank-demand/16k/clean_test/p257_284.wav,/home/vpopescu/projects/ultra-low-power-se/datasets/datasets/voicebank-demand/16k/noisy_test/p257_284.wav,/tmp/exp_mask_df_v4_full_eval_txdanchi/p257_284.wav,2.5630629453944946,2.6924103154969115,3.5473680225843394,3.730762004852295,2.2195258140563965,2.945969343185425,0.4109618689684535,1.8646397590637207,3.6504341936439975,-7.04172581763312,9.355391286492228,16.384260875867753,5.133319898553648,-11.250940977314105,0.9259136374504441,27.45888766250511
p257_285,/home/vpopescu/projects/ultra-low-power-se/datasets/datasets/voicebank-demand/16k/clean_test/p257_285.wav,/home/vpopescu/projects/ultra-low-power-se/datasets/datasets/voicebank-demand/16k/noisy_test/p257_285.wav,/tmp/exp_mask_df_v4_full_eval_txdanchi/p257_285.wav,2.448065935096237,2.8388569097964353,3.6891460555649918,3.658217668533325,1.7549850940704346,2.247086763381958,0.32789040232882244,2.0435893535614014,1.1044898082860894,-0.472373095841629,9.541781952727305,10.017451427219829,5.164198797675603,-4.853252629544226,0.9042191448095069,33.19323340401945
p257_286,/home/vpopescu/projects/ultra-low-power-se/datasets/datasets/voicebank-demand/16k/clean_test/p257_286.wav,/home/vpopescu/projects/ultra-low-power-se/datasets/datasets/voicebank-demand/16k/noisy_test/p257_286.wav,/tmp/exp_mask_df_v4_full_eval_txdanchi/p257_286.wav,2.282049871655537,2.4305833114229243,3.3536113889736265,3.7907321453094482,3.448488473892212,3.2699167728424072,0.35029870718534173,1.5859606266021729,2.3924245563909277,4.546593950599946,10.613076871151815,6.043515344262564,6.1071983551167,0.06368301085413552,0.9177972015008585,37.251722130418564
p257_287,/home/vpopescu/projects/ultra-low-power-se/datasets/datasets/voicebank-demand/16k/clean_test/p257_287.wav,/home/vpopescu/projects/ultra-low-power-se/datasets/datasets/voicebank-demand/16k/noisy_test/p257_287.wav,/tmp/exp_mask_df_v4_full_eval_txdanchi/p257_287.wav,2.131194028340413,2.6228278275267667,3.5238836833384455,4.1132612228393555,3.46096134185791,3.5331339836120605,0.3075209522829093,1.8006771802902222,-1.591477600004765,6.737530860913092,6.893140673145405,0.08876146382760393,5.504952327087844,5.4161908632602405,0.9346008961322215,37.609510719716134
p257_288,/home/vpopescu/projects/ultra-low-power-se/datasets/datasets/voicebank-demand/16k/clean_test/p257_288.wav,/home/vpopescu/projects/ultra-low-power-se/datasets/datasets/voicebank-demand/16k/noisy_test/p257_288.wav,/tmp/exp_mask_df_v4_full_eval_txdanchi/p257_288.wav,2.206139411484679,2.1560150809912826,2.850556033479982,2.96832537651062,2.0489675998687744,3.2014358043670654,0.750045265004261,1.590236783027649,2.3191838549405825,-4.70457529850176,10.14595783332437,14.817155766985595,5.984075055555701,-8.833080711429893,0.7534351982148235,47.72890766625621
p257_289,/home/vpopescu/projects/ultra-low-power-se/datasets/datasets/voicebank-demand/16k/clean_test/p257_289.wav,/home/vpopescu/projects/ultra-low-power-se/datasets/datasets/voicebank-demand/16k/noisy_test/p257_289.wav,/tmp/exp_mask_df_v4_full_eval_txdanchi/p257_289.wav,2.048251176193217,1.9394771608939159,2.6727417591817284,3.544833183288574,3.614192008972168,3.5559229850769043,0.7523712051712456,1.3553898334503174,2.0122608538075775,-0.9234789207929612,9.8899546335954,10.79885879714132,5.92322790869566,-4.875630888445659,0.8438886333323572,51.485371140844556
p257_290,/home/vpopescu/projects/ultra-low-power-se/datasets/datasets/voicebank-demand/16k/clean_test/p257_290.wav,/home/vpopescu/projects/ultra-low-power-se/datasets/datasets/voicebank-demand/16k/noisy_test/p257_290.wav,/tmp/exp_mask_df_v4_full_eval_txdanchi/p257_290.wav,1.9645486684313531,1.714412494915704,2.298143958591856,2.8862695693969727,3.435044050216675,3.670915365219116,1.0538616032490769,1.293959617614746,1.4870448827324412,1.3588960285366278,7.602843319402972,6.16517107841799,5.855215428855808,-0.30995564956218224,0.8689338779170772,54.52112234294844
p257_291,/home/vpopescu/projects/ultra-low-power-se/datasets/datasets/voicebank-demand/16k/clean_test/p257_291.wav,/home/vpopescu/projects/ultra-low-power-se/datasets/datasets/voicebank-demand/16k/noisy_test/p257_291.wav,/tmp/exp_mask_df_v4_full_eval_txdanchi/p257_291.wav,1.4473986020525906,1.458187059528809,2.1077435009539993,2.4086391925811768,2.7423107624053955,2.5777010917663574,0.9692623713197261,1.0447232723236084,-3.2607346276523432,6.461375266726616,4.975050535145323,-1.339175102517206,5.184118049245885,6.523293151763092,0.6514367457810506,68.65040579657092
p257_292,/home/vpopescu/projects/ultra-low-power-se/datasets/datasets/voicebank-demand/16k/clean_test/p257_292.wav,/home/vpopescu/projects/ultra-low-power-se/datasets/datasets/voicebank-demand/16k/noisy_test/p257_292.wav,/tmp/exp_mask_df_v4_full_eval_txdanchi/p257_292.wav,2.4945474881625977,2.5617097265326896,3.533195607372843,3.883782148361206,2.0207207202911377,2.8705573081970215,0.2763465173910837,1.6239745616912842,4.482349625376567,-5.585442579610159,10.99455281672817,16.60339390744956,6.224322563710362,-10.379071343739199,0.898713796550705,28.300054103508476
p257_293,/home/vpopescu/projects/ultra-low-power-se/datasets/datasets/voicebank-demand/16k/clean_test/p257_293.wav,/home/vpopescu/projects/ultra-low-power-se/datasets/datasets/voicebank-demand/16k/noisy_test/p257_293.wav,/tmp/exp_mask_df_v4_full_eval_txdanchi/p257_293.wav,2.0430807990632838,2.0065891991620326,2.800374651841198,3.106659173965454,2.8669052124023438,3.077004909515381,0.6472502237667217,1.3498895168304443,1.690688211686434,-1.0669361664088814,9.018103911975588,10.000790866151481,5.709803496685151,-4.290987369466331,0.7767703348497753,48.95424961684484
p257_294,/home/vpopescu/projects/ultra-low-power-se/datasets/datasets/voicebank-demand/16k/clean_test/p257_294.wav,/home/vpopescu/projects/ultra-low-power-se/datasets/datasets/voicebank-demand/16k/noisy_test/p257_294.wav,/tmp/exp_mask_df_v4_full_eval_txdanchi/p257_294.wav,1.8817817684996165,1.744975702343708,2.5013125046395657,3.4823856353759766,2.3683643341064453,3.034647226333618,0.8177547250840442,1.117235541343689,0.6897090306708652,2.63971617882709,8.436570165509776,5.823517289944324,5.893829273684906,0.07031198374058167,0.9087685319173812,47.10121274213301
p257_295,/home/vpopescu/projects/ultra-low-power-se/datasets/datasets/voicebank-demand/16k/clean_test/p257_295.wav,/home/vpopescu/projects/ultra-low-power-se/datasets/datasets/voicebank-demand/16k/noisy_test/p257_295.wav,/tmp/exp_mask_df_v4_full_eval_txdanchi/p257_295.wav,1.5667513624711669,1.542473964175515,2.229041023130681,2.022237777709961,2.873415946960449,2.514026403427124,0.8731438940124678,1.0972784757614136,-1.6501938708690316,4.195321270454741,4.940466396436215,0.5742586380223252,5.448730147413166,4.874471509390841,0.8277201368234751,69.68364786829137
p257_296,/home/vpopescu/projects/ultra-low-power-se/datasets/datasets/voicebank-demand/16k/clean_test/p257_296.wav,/home/vpopescu/projects/ultra-low-power-se/datasets/datasets/voicebank-demand/16k/noisy_test/p257_296.wav,/tmp/exp_mask_df_v4_full_eval_txdanchi/p257_296.wav,2.5353211772684268,2.711731996981291,3.6611767205203476,4.041531562805176,3.202167510986328,3.2497072219848633,0.28004386325809894,1.7710440158843994,3.481557388780751,-5.715584140743758,10.134006088616655,15.8546803797171,4.822337516046993,-11.032342863670108,0.9148508408571383,23.510853973929066
p257_297,/home/vpopescu/projects/ultra-low-power-se/datasets/datasets/voicebank-demand/16k/clean_test/p257_297.wav,/home/vpopescu/projects/ultra-low-power-se/datasets/datasets/voicebank-demand/16k/noisy_test/p257_297.wav,/tmp/exp_mask_df_v4_full_eval_txdanchi/p257_297.wav,2.598320511807704,2.84915788904154,3.7515180748669987,3.6913020610809326,2.5482125282287598,3.0858540534973145,0.3012454442057053,1.9527323246002197,3.0709273885256336,-1.9326538071303894,9.346887547305695,11.293020569919992,4.955043704552409,-6.337976865367583,0.9427475804018365,23.221994975473667
p257_298,/home/vpopescu/projects/ultra-low-power-se/datasets/datasets/voicebank-demand/16k/clean_test/p257_298.wav,/home/vpopescu/projects/ultra-low-power-se/datasets/datasets/voicebank-demand/16k/noisy_test/p257_298.wav,/tmp/exp_mask_df_v4_full_eval_txdanchi/p257_298.wav,2.332606031943609,2.563505913674464,3.575048244190856,3.8507630825042725,2.6703383922576904,2.9990313053131104,0.23621683526060555,1.56687593460083,1.9131036385743876,2.715248907213513,8.559863158083518,5.866531117904081,5.605420177274867,-0.26111094062921403,0.9016785774721645,24.41231343225347
p257_299,/home/vpopescu/projects/ultra-low-power-se/datasets/datasets/voicebank-demand/16k/clean_test/p257_299.wav,/home/vpopescu/projects/ultra-low-power-se/datasets/datasets/voicebank-demand/16k/noisy_test/p257_299.wav,/tmp/exp_mask_df_v4_full_eval_txdanchi/p257_299.wav,2.330632454067946,2.543542169022122,3.397035503901168,3.7832984924316406,2.343576669692993,3.430110216140747,0.456715572059561,1.7303088903427124,1.2549669729110395,5.638554628370442,7.141421203385092,1.5040142360329398,5.4210396989695475,3.917025462936608,0.9219795934404282,29.93115925846659
p257_300,/home/vpopescu/projects/ultra-low-power-se/datasets/datasets/voicebank-demand/16k/clean_test/p257_300.wav,/home/vpopescu/projects/ultra-low-power-se/datasets/datasets/voicebank-demand/16k/noisy_test/p257_300.wav,/tmp/exp_mask_df_v4_full_eval_txdanchi/p257_300.wav,2.384227719280781,2.6012087219829305,3.492557252998212,3.65610933303833,2.086514711380005,2.947101354598999,0.34827138019436477,1.773880124092102,2.2978230351817994,-4.521251452675706,11.05946048315127,15.595947849211651,6.323884426968442,-9.272063422243209,0.8332816759631456,34.63569017881387
p257_301,/home/vpopescu/projects/ultra-low-power-se/datasets/datasets/voicebank-demand/16k/clean_test/p257_301.wav,/home/vpopescu/projects/ultra-low-power-se/datasets/datasets/voicebank-demand/16k/noisy_test/p257_301.wav,/tmp/exp_mask_df_v4_full_eval_txdanchi/p257_301.wav,2.3817169919523162,2.642155311710459,3.468758944713202,3.9684970378875732,2.7270667552948,3.374469041824341,0.4153004724240988,1.8933136463165283,1.6831968366067318,0.2568638835808361,10.278831574673127,10.045384381275442,5.697571354695111,-4.347813026580331,0.8251293289187906,37.618333099029705
p257_302,/home/vpopescu/projects/ultra-low-power-se/datasets/datasets/voicebank-demand/16k/clean_test/p257_302.wav,/home/vpopescu/projects/ultra-low-power-se/datasets/datasets/voicebank-demand/16k/noisy_test/p257_302.wav,/tmp/exp_mask_df_v4_full_eval_txdanchi/p257_302.wav,1.9429051098313088,2.0929377608972435,2.9325044006051106,3.1759958267211914,1.9579081535339355,2.613436698913574,0.5962444722732217,1.3447932004928589,-0.8819435604549062,1.2276934445029593,6.88546039768225,5.622058114580607,4.706659269888667,-0.9153988446919401,0.9258456318106448,39.76337081365981
p257_303,/home/vpopescu/projects/ultra-low-power-se/datasets/datasets/voicebank-demand/16k/clean_test/p257_303.wav,/home/vpopescu/projects/ultra-low-power-se/datasets/datasets/voicebank-demand/16k/noisy_test/p257_303.wav,/tmp/exp_mask_df_v4_full_eval_txdanchi/p257_303.wav,1.8238607873167134,1.8165914748338434,2.591459867957141,3.055621862411499,3.2573487758636475,3.5758073329925537,0.7427308074558542,1.1860839128494263,-0.3993558957581703,5.341580865380189,6.2152230991238255,0.8745239685186419,5.743468035478099,4.868944066959457,0.8072652545274814,50.27541451322105
p257_304,/home/vpopescu/projects/ultra-low-power-se/datasets/datasets/voicebank-demand/16k/clean_test/p257_304.wav,/home/vpopescu/projects/ultra-low-power-se/datasets/datasets/voicebank-demand/16k/noisy_test/p257_304.wav,/tmp/exp_mask_df_v4_full_eval_txdanchi/p257_304.wav,2.816765364657775,3.3197769120070193,4.2045448916547645,3.8989906311035156,2.237518548965454,2.666165828704834,0.15240215947569927,2.432438611984253,2.767713859016643,-5.927525082974119,9.930110803771242,15.86929281044891,5.152030079692972,-10.717262730755937,0.9223234895831699,22.043752141249477
p257_305,/home/vpopescu/projects/ultra-low-power-se/datasets/datasets/voicebank-demand/16k/clean_test/p257_305.wav,/home/vpopescu/projects/ultra-low-power-se/datasets/datasets/voicebank-demand/16k/noisy_test/p257_305.wav,/tmp/exp_mask_df_v4_full_eval_txdanchi/p257_305.wav,2.187902906533885,2.1402381355719684,3.1192063609986036,3.828458547592163,3.24066424369812,3.1247613430023193,0.40168481980263354,1.2203460931777954,3.191354217335043,2.146381790680916,12.59123940505133,10.434933758085926,6.47821088585226,-3.956722872233666,0.8889669269580031,32.925405956744136
p257_306,/home/vpopescu/projects/ultra-low-power-se/datasets/datasets/voicebank-demand/16k/clean_test/p257_306.wav,/home/vpopescu/projects/ultra-low-power-se/datasets/datasets/voicebank-demand/16k/noisy_test/p257_306.wav,/tmp/exp_mask_df_v4_full_eval_txdanchi/p257_306.wav,2.5268476505271065,2.8516282156353956,3.8150992462666764,3.8260722160339355,2.922030448913574,2.839508056640625,0.17710786638264117,1.9194326400756836,2.7332488985483754,0.7011706988790714,7.367433591463137,6.823083399260399,4.981795102445053,-1.8412882968153461,0.9558706951650042,28.119404576802502
p257_307,/home/vpopescu/projects/ultra-low-power-se/datasets/datasets/voicebank-demand/16k/clean_test/p257_307.wav,/home/vpopescu/projects/ultra-low-power-se/datasets/datasets/voicebank-demand/16k/noisy_test/p257_307.wav,/tmp/exp_mask_df_v4_full_eval_txdanchi/p257_307.wav,2.0947845367828717,2.3357418282165248,3.249368478619415,3.5433242321014404,3.1993844509124756,3.5525062084198,0.3987281396964763,1.5034383535385132,0.10346416902928256,5.140258384096265,6.6934553629061195,1.5285175208247814,5.253740392627465,3.725222871802684,0.9191947082402943,37.76817697962604
p257_308,/home/vpopescu/projects/ultra-low-power-se/datasets/datasets/voicebank-demand/16k/clean_test/p257_308.wav,/home/vpopescu/projects/ultra-low-power-se/datasets/datasets/voicebank-demand/16k/noisy_test/p257_308.wav,/tmp/exp_mask_df_v4_full_eval_txdanchi/p257_308.wav,2.2472659375963993,2.1830842045878898,3.134313911354967,3.4594480991363525,2.747457981109619,3.1710267066955566,0.3954386388815194,1.3182530403137207,4.01247450926601,-3.7314309577753395,12.418411075457076,16.13735898928587,6.189952602048452,-9.94740638723742,0.9128224369916385,38.52070139390253
p257_309,/home/vpopescu/projects/ultra-low-power-se/datasets/datasets/voicebank-demand/16k/clean_test/p257_309.wav,/home/vpopescu/projects/ultra-low-power-se/datasets/datasets/voicebank-demand/16k/noisy_test/p257_309.wav,/tmp/exp_mask_df_v4_full_eval_txdanchi/p257_309.wav,1.8903162069017365,1.765039667536958,2.5586905000557443,3.2078309059143066,2.629152774810791,3.06300950050354,0.7373060653994983,1.113166093826294,1.1393832787529166,-0.9589574834901722,8.388964672385193,9.30108711795941,5.007377378913239,-4.293709739046171,0.7641220729671099,49.6511903583808
p257_310,/home/vpopescu/projects/ultra-low-power-se/datasets/datasets/voicebank-demand/16k/clean_test/p257_310.wav,/home/vpopescu/projects/ultra-low-power-se/datasets/datasets/voicebank-demand/16k/noisy_test/p257_310.wav,/tmp/exp_mask_df_v4_full_eval_txdanchi/p257_310.wav,1.7456476738574493,1.5851035310554666,2.27693622248373,2.780461549758911,2.2563767433166504,2.7972660064697266,0.9243033519849431,1.0693819522857666,-0.04779801614066682,1.937450223583677,7.150651233651244,5.185587963588772,5.691134595344107,0.505546631755335,0.7848494523905929,56.64366061689786
p257_311,/home/vpopescu/projects/ultra-low-power-se/datasets/datasets/voicebank-demand/16k/clean_test/p257_311.wav,/home/vpopescu/projects/ultra-low-power-se/datasets/datasets/voicebank-demand/16k/noisy_test/p257_311.wav,/tmp/exp_mask_df_v4_full_eval_txdanchi/p257_311.wav,1.7049157519824134,1.4913522004088888,2.0752093038762265,2.4402356147766113,3.053051710128784,3.1604135036468506,1.1143297018717546,1.094252347946167,-0.6214720318478872,5.050655477964205,6.3498169308061385,1.3470892442228442,5.599479108444081,4.252389864221237,0.7889533607451058,58.997733189919636
p257_312,/home/vpopescu/projects/ultra-low-power-se/datasets/datasets/voicebank-demand/16k/clean_test/p257_312.wav,/home/vpopescu/projects/ultra-low-power-se/datasets/datasets/voicebank-demand/16k/noisy_test/p257_312.wav,/tmp/exp_mask_df_v4_full_eval_txdanchi/p257_312.wav,2.2808377008994487,1.9578506549017916,2.455197512431382,3.8692712783813477,3.067342519760132,3.020662307739258,1.1227085559168641,1.5958480834960938,3.6508347408165935,-3.6878749269399975,12.482529208626667,16.176479822403742,7.309388848021889,-8.867090974381853,0.9128376684900329,49.42575309758995
p257_313,/home/vpopescu/projects/ultra-low-power-se/datasets/datasets/voicebank-demand/16k/clean_test/p257_313.wav,/home/vpopescu/projects/ultra-low-power-se/datasets/datasets/voicebank-demand/16k/noisy_test/p257_313.wav,/tmp/exp_mask_df_v4_full_eval_txdanchi/p257_313.wav,2.0215394093863197,1.9408276838144023,2.8526295813030362,3.4619061946868896,2.315186023712158,2.7692716121673584,0.5473960029511814,1.118898630142212,2.0051559383716824,0.16097471905213645,10.721079790179173,10.575271087222687,5.721818164152777,-4.853452923069909,0.8771229956149503,39.08842284843911
p257_314,/home/vpopescu/projects/ultra-low-power-se/datasets/datasets/voicebank-demand/16k/clean_test/p257_314.wav,/home/vpopescu/projects/ultra-low-power-se/datasets/datasets/voicebank-demand/16k/noisy_test/p257_314.wav,/tmp/exp_mask_df_v4_full_eval_txdanchi/p257_314.wav,2.133195255809201,2.131295579719059,2.966033768397188,3.347743511199951,2.10453200340271,3.0061795711517334,0.5613689029669643,1.4112670421600342,2.1581447707521852,1.1798378226211268,7.717379250158309,6.637673136639364,5.754222572400653,-0.8834505642387116,0.8854097662443823,44.47907298581182
p257_315,/home/vpopescu/projects/ultra-low-power-se/datasets/datasets/voicebank-demand/16k/clean_test/p257_315.wav,/home/vpopescu/projects/ultra-low-power-se/datasets/datasets/voicebank-demand/16k/noisy_test/p257_315.wav,/tmp/exp_mask_df_v4_full_eval_txdanchi/p257_315.wav,1.5135048883121724,1.4437381371718898,2.020471483071443,2.558622121810913,2.9388444423675537,2.922775983810425,1.1303873387289007,1.06547212600708,-3.1838441441999836,4.3340977138543755,4.8412305124774715,0.519283272448789,5.031541392764039,4.51225812031525,0.7319944509459898,61.3155152620875
p257_316,/home/vpopescu/projects/ultra-low-power-se/datasets/datasets/voicebank-demand/16k/clean_test/p257_316.wav,/home/vpopescu/projects/ultra-low-power-se/datasets/datasets/voicebank-demand/16k/noisy_test/p257_316.wav,/tmp/exp_mask_df_v4_full_eval_txdanchi/p257_316.wav,2.640669617730916,2.960098688345299,3.8421124121012866,4.034191131591797,2.4091007709503174,2.667184829711914,0.2903845195926838,2.082524299621582,2.744119068736839,-6.023297949638568,9.767771143756892,15.78091334121235,4.834851861926971,-10.94606147928538,0.9444924931923863,23.093785545517278
p257_317,/home/vpopescu/projects/ultra-low-power-se/datasets/datasets/voicebank-demand/16k/clean_test/p257_317.wav,/home/vpopescu/projects/ultra-low-power-se/datasets/datasets/voicebank-demand/16k/noisy_test/p257_317.wav,/tmp/exp_mask_df_v4_full_eval_txdanchi/p257_317.wav,2.3465039519760813,2.5109223839448926,3.545149285650565,3.770796060562134,2.7763631343841553,2.901963233947754,0.21381245488305137,1.4988138675689697,2.7971702512082484,0.109285165462504,10.916028219353084,10.804736188070388,5.984010867449837,-4.820725320620551,0.9395402346993494,25.735828935429357
p257_318,/home/vpopescu/projects/ultra-low-power-se/datasets/datasets/voicebank-demand/16k/clean_test/p257_318.wav,/home/vpopescu/projects/ultra-low-power-se/datasets/datasets/voicebank-demand/16k/noisy_test/p257_318.wav,/tmp/exp_mask_df_v4_full_eval_txdanchi/p257_318.wav,2.3251276475623546,2.645951158658219,3.583224487161574,3.779118299484253,2.9954187870025635,2.829951047897339,0.2905475742587274,1.7466990947723389,0.9775672202257457,3.966012029945861,9.423539378487336,5.465572671454658,5.792019392237664,0.3264467207830064,0.8887875710200167,29.340179230435066
p257_319,/home/vpopescu/projects/ultra-low-power-se/datasets/datasets/voicebank-demand/16k/clean_test/p257_319.wav,/home/vpopescu/projects/ultra-low-power-se/datasets/datasets/voicebank-demand/16k/noisy_test/p257_319.wav,/tmp/exp_mask_df_v4_full_eval_txdanchi/p257_319.wav,2.1194563185108786,2.134724369892896,3.121996990953498,3.9450247287750244,3.4383459091186523,3.701566457748413,0.4019078008328081,1.1972849369049072,2.0709099834839617,6.333001183711293,7.762861496779479,1.4331564837592448,5.8599962985143605,4.426839814755116,0.8990905207994447,31.044744327022357
p257_320,/home/vpopescu/projects/ultra-low-power-se/datasets/datasets/voicebank-demand/16k/clean_test/p257_320.wav,/home/vpopescu/projects/ultra-low-power-se/datasets/datasets/voicebank-demand/16k/noisy_test/p257_320.wav,/tmp/exp_mask_df_v4_full_eval_txdanchi/p257_320.wav,2.571547241202809,2.7359170379607196,3.738728662413619,3.662661075592041,3.068042516708374,3.4540605545043945,0.18274474191284584,1.7470006942749023,4.338636863660407,-5.133684592635337,11.278147767949662,16.41779250933762,6.164232253032614,-10.253560256305006,0.9370064677511696,24.407601867314288
p257_321,/home/vpopescu/projects/ultra-low-power-se/datasets/datasets/voicebank-demand/16k/clean_test/p257_321.wav,/home/vpopescu/projects/ultra-low-power-se/datasets/datasets/voicebank-demand/16k/noisy_test/p257_321.wav,/tmp/exp_mask_df_v4_full_eval_txdanchi/p257_321.wav,2.1804964777904283,2.1716956383925,3.174461089188422,3.6930646896362305,2.285597324371338,2.585219621658325,0.3439993188044428,1.2355670928955078,3.122279802331504,0.660893962311162,11.332271820768149,10.663670055793183,5.836991719254744,-4.826678336538439,0.8594253748445063,34.401174308644165
p257_322,/home/vpopescu/projects/ultra-low-power-se/datasets/datasets/voicebank-demand/16k/clean_test/p257_322.wav,/home/vpopescu/projects/ultra-low-power-se/datasets/datasets/voicebank-demand/16k/noisy_test/p257_322.wav,/tmp/exp_mask_df_v4_full_eval_txdanchi/p257_322.wav,1.7683557706723312,1.7860597173044168,2.5768638602724954,2.8619587421417236,2.8624844551086426,3.327502727508545,0.7141912828368715,1.1534934043884277,-0.7329768287229746,4.188168558476248,9.290556285780227,5.114714116311801,6.098087290328014,0.9833731740162124,0.870228314766784,52.9766480593985
p257_323,/home/vpopescu/projects/ultra-low-power-se/datasets/datasets/voicebank-demand/16k/clean_test/p257_323.wav,/home/vpopescu/projects/ultra-low-power-se/datasets/datasets/voicebank-demand/16k/noisy_test/p257_323.wav,/tmp/exp_mask_df_v4_full_eval_txdanchi/p257_323.wav,1.9390726838422125,2.0458180502558747,3.00789596632151,3.328507423400879,2.8516340255737305,3.1137044429779053,0.43693822273266486,1.1667447090148926,0.17567910150926874,5.606059889153882,6.984273452146507,1.2809233684920776,5.559385430987547,4.2784620624954695,0.8453807430341791,37.67129578028424
p257_324,/home/vpopescu/projects/ultra-low-power-se/datasets/datasets/voicebank-demand/16k/clean_test/p257_324.wav,/home/vpopescu/projects/ultra-low-power-se/datasets/datasets/voicebank-demand/16k/noisy_test/p257_324.wav,/tmp/exp_mask_df_v4_full_eval_txdanchi/p257_324.wav,2.821669335008375,3.1224379041422,4.024137221482526,3.911583185195923,2.7390005588531494,3.767509937286377,0.2211435762274803,2.2037410736083984,4.232210331867495,-6.323698507908887,10.30587220212655,16.641093727593997,5.365587436183645,-11.275506291410352,0.9581520134184061,18.906878440584457
p257_325,/home/vpopescu/projects/ultra-low-power-se/datasets/datasets/voicebank-demand/16k/clean_test/p257_325.wav,/home/vpopescu/projects/ultra-low-power-se/datasets/datasets/voicebank-demand/16k/noisy_test/p257_325.wav,/tmp/exp_mask_df_v4_full_eval_txdanchi/p257_325.wav,2.4826958541990285,2.83692768626336,3.7583660412768216,3.892467975616455,2.317188024520874,3.043605089187622,0.24685777994071562,1.947153091430664,1.842794373076974,-0.02723338824407051,10.354492497000498,10.408991520225461,5.5311545118382375,-4.877837008387224,0.950092266379426,28.30562414409686
p257_326,/home/vpopescu/projects/ultra-low-power-se/datasets/datasets/voicebank-demand/16k/clean_test/p257_326.wav,/home/vpopescu/projects/ultra-low-power-se/datasets/datasets/voicebank-demand/16k/noisy_test/p257_326.wav,/tmp/exp_mask_df_v4_full_eval_txdanchi/p257_326.wav,2.5303219910212142,2.9477923567534456,3.873940272992413,3.8460700511932373,2.302379608154297,3.008195161819458,0.21535659768829066,2.036606788635254,1.5593250180173313,2.605755940832073,8.538650026886277,5.932218100615043,5.539547079433853,-0.3926710211811901,0.943799898976229,25.05907572593271
p257_327,/home/vpopescu/projects/ultra-low-power-se/datasets/datasets/voicebank-demand/16k/clean_test/p257_327.wav,/home/vpopescu/projects/ultra-low-power-se/datasets/datasets/voicebank-demand/16k/noisy_test/p257_327.wav,/tmp/exp_mask_df_v4_full_eval_txdanchi/p257_327.wav,2.028179286417953,2.2640120154531567,3.1193736240436065,2.5520639419555664,2.0544841289520264,2.2836968898773193,0.4939104567534182,1.5091915130615234,-0.5588771130449975,4.89135602587359,5.174953203265845,0.31346203664231176,5.006175261390148,4.692713224747836,0.8648303937061941,41.71499981480281
p257_328,/home/vpopescu/projects/ultra-low-power-se/datasets/datasets/voicebank-demand/16k/clean_test/p257_328.wav,/home/vpopescu/projects/ultra-low-power-se/datasets/datasets/voicebank-demand/16k/noisy_test/p257_328.wav,/tmp/exp_mask_df_v4_full_eval_txdanchi/p257_328.wav,2.3846710749479034,2.4558107300518706,3.2400871514074483,3.7100915908813477,2.6899795532226562,2.984769582748413,0.5138623373786159,1.7834701538085938,3.3167868008506693,-4.3610455657323115,10.89616039709134,15.221515325263017,6.034838659570091,-9.186676665692925,0.8361508568056449,44.397889575170886
p257_329,/home/vpopescu/projects/ultra-low-power-se/datasets/datasets/voicebank-demand/16k/clean_test/p257_329.wav,/home/vpopescu/projects/ultra-low-power-se/datasets/datasets/voicebank-demand/16k/noisy_test/p257_329.wav,/tmp/exp_mask_df_v4_full_eval_txdanchi/p257_329.wav,2.0550780274334484,1.9760742163177967,2.7188192094427723,3.6203720569610596,2.8668320178985596,3.4570705890655518,0.7513879844070895,1.3584926128387451,1.5638134523411358,-0.3438653416126076,9.959848324473793,10.325553784683638,6.332863896577963,-3.9926898881056756,0.8177855884383339,46.68595557156615
p257_330,/home/vpopescu/projects/ultra-low-power-se/datasets/datasets/voicebank-demand/16k/clean_test/p257_330.wav,/home/vpopescu/projects/ultra-low-power-se/datasets/datasets/voicebank-demand/16k/noisy_test/p257_330.wav,/tmp/exp_mask_df_v4_full_eval_txdanchi/p257_330.wav,2.2134826672080763,2.218750094891015,3.171897219809968,3.296647787094116,2.4077816009521484,3.160566568374634,0.38849051715790756,1.3433655500411987,3.096920038026741,2.8036987018906805,9.253825126236148,6.464256568364245,6.1775988740300924,-0.2866576943341528,0.9032520381633768,36.821718301043084
p257_331,/home/vpopescu/projects/ultra-low-power-se/datasets/datasets/voicebank-demand/16k/clean_test/p257_331.wav,/home/vpopescu/projects/ultra-low-power-se/datasets/datasets/voicebank-demand/16k/noisy_test/p257_331.wav,/tmp/exp_mask_df_v4_full_eval_txdanchi/p257_331.wav,1.5616512605980895,1.335667698421491,1.8346933667367409,2.1600494384765625,3.0160655975341797,2.5855138301849365,1.2519781383980058,1.0695345401763916,-1.6712928578650816,3.4288179514365726,4.3124229123497395,0.977232651368406,4.740041532532484,3.7628088811640774,0.7733837359759796,68.32782850867505
p257_332,/home/vpopescu/projects/ultra-low-power-se/datasets/datasets/voicebank-demand/16k/clean_test/p257_332.wav,/home/vpopescu/projects/ultra-low-power-se/datasets/datasets/voicebank-demand/16k/noisy_test/p257_332.wav,/tmp/exp_mask_df_v4_full_eval_txdanchi/p257_332.wav,2.3628161346437797,2.193774185976791,2.9610463942295118,3.6567647457122803,2.247559070587158,3.1342544555664062,0.7065930039010638,1.4841382503509521,4.009199024355642,-5.629557759618393,10.89682570877872,16.513688426880798,6.4545998481182245,-10.059088578762573,0.9165961439293796,33.31164107976867
p257_333,/home/vpopescu/projects/ultra-low-power-se/datasets/datasets/voicebank-demand/16k/clean_test/p257_333.wav,/home/vpopescu/projects/ultra-low-power-se/datasets/datasets/voicebank-demand/16k/noisy_test/p257_333.wav,/tmp/exp_mask_df_v4_full_eval_txdanchi/p257_333.wav,2.3634848783107962,2.563448662095425,3.438792793351758,3.8441977500915527,2.0829877853393555,2.6308436393737793,0.38058757825239936,1.7582221031188965,2.2240318074606713,-2.2547973702298467,8.841938991900548,11.100738872355421,5.1801487671789275,-5.920590105176494,0.9104848289415371,35.86561297857976
p257_334,/home/vpopescu/projects/ultra-low-power-se/datasets/datasets/voicebank-demand/16k/clean_test/p257_334.wav,/home/vpopescu/projects/ultra-low-power-se/datasets/datasets/voicebank-demand/16k/noisy_test/p257_334.wav,/tmp/exp_mask_df_v4_full_eval_txdanchi/p257_334.wav,2.066619221815335,2.25741847809447,3.0558143007313676,3.5104055404663086,2.7297203540802,3.172091245651245,0.5549193142839922,1.584342122077942,0.05018934487219544,2.7536099556934124,8.228109327437771,5.422695678320435,6.096044224464952,0.673348546144517,0.7812873683081912,46.83689160926702
p257_335,/home/vpopescu/projects/ultra-low-power-se/datasets/datasets/voicebank-demand/16k/clean_test/p257_335.wav,/home/vpopescu/projects/ultra-low-power-se/datasets/datasets/voicebank-demand/16k/noisy_test/p257_335.wav,/tmp/exp_mask_df_v4_full_eval_txdanchi/p257_335.wav,1.7596432429319515,1.7533236577871107,2.492081338143479,2.7841145992279053,3.1585135459899902,3.257269859313965,0.7492290965446078,1.2222533226013184,-0.2795059650058274,5.310537003010813,5.889138996249123,0.5177462080149937,5.648441522811192,5.130695314796198,0.7857029405975953,62.997852782301635
p257_336,/home/vpopescu/projects/ultra-low-power-se/datasets/datasets/voicebank-demand/16k/clean_test/p257_336.wav,/home/vpopescu/projects/ultra-low-power-se/datasets/datasets/voicebank-demand/16k/noisy_test/p257_336.wav,/tmp/exp_mask_df_v4_full_eval_txdanchi/p257_336.wav,2.4577778053592723,2.569182193934835,3.609349062623893,4.305065155029297,2.8692739009857178,3.542834997177124,0.2162109826506321,1.5215373039245605,3.737115661756272,-7.200166337616503,9.12575305647081,16.32858400659869,4.939297541298895,-11.389286465299794,0.9381291351361568,19.850758943901806
p257_337,/home/vpopescu/projects/ultra-low-power-se/datasets/datasets/voicebank-demand/16k/clean_test/p257_337.wav,/home/vpopescu/projects/ultra-low-power-se/datasets/datasets/voicebank-demand/16k/noisy_test/p257_337.wav,/tmp/exp_mask_df_v4_full_eval_txdanchi/p257_337.wav,2.329412071759203,2.4313453274911745,3.3355145720988584,4.086147785186768,2.4664254188537598,3.1574535369873047,0.4349876048808549,1.5574448108673096,2.2958340273435094,-0.10217232221393147,9.690844807724872,9.780422146739632,5.651369192197302,-4.129052954542329,0.8741083533645223,27.669155936858836
p257_338,/home/vpopescu/projects/ultra-low-power-se/datasets/datasets/voicebank-demand/16k/clean_test/p257_338.wav,/home/vpopescu/projects/ultra-low-power-se/datasets/datasets/voicebank-demand/16k/noisy_test/p257_338.wav,/tmp/exp_mask_df_v4_full_eval_txdanchi/p257_338.wav,2.4262246343819727,2.6584517214796315,3.599614818677249,3.9050240516662598,2.7051782608032227,3.085721254348755,0.2913864326678558,1.745242714881897,2.3694829705203078,3.5528006614505108,9.50866065989885,5.9759084220733225,5.888774873711728,-0.08713354836159493,0.8708185631932837,27.32554435347904
p257_339,/home/vpopescu/projects/ultra-low-power-se/datasets/datasets/voicebank-demand/16k/clean_test/p257_339.wav,/home/vpopescu/projects/ultra-low-power-se/datasets/datasets/voicebank-demand/16k/noisy_test/p257_339.wav,/tmp/exp_mask_df_v4_full_eval_txdanchi/p257_339.wav,2.319902370790053,2.623530822063199,3.5873463048947736,4.0000319480896,2.8703839778900146,3.210623025894165,0.2787879930883079,1.6805219650268555,1.002583790943214,5.369720881662663,6.923788258000041,1.5688355027468301,5.336930383592011,3.7680948808451813,0.9401988093145914,25.792843903172354
p257_340,/home/vpopescu/projects/ultra-low-power-se/datasets/datasets/voicebank-demand/16k/clean_test/p257_340.wav,/home/vpopescu/projects/ultra-low-power-se/datasets/datasets/voicebank-demand/16k/noisy_test/p257_340.wav,/tmp/exp_mask_df_v4_full_eval_txdanchi/p257_340.wav,2.635133788322459,2.887942018915028,3.7398103412488988,3.703685760498047,3.3114047050476074,3.1409249305725098,0.32170592112707025,2.077704668045044,3.522028003826996,-3.772658527382271,11.816880796285893,15.585360874140111,5.873925902398714,-9.711434971741397,0.9508841482714239,30.55668674916749
p257_341,/home/vpopescu/projects/ultra-low-power-se/datasets/datasets/voicebank-demand/16k/clean_test/p257_341.wav,/home/vpopescu/projects/ultra-low-power-se/datasets/datasets/voicebank-demand/16k/noisy_test/p257_341.wav,/tmp/exp_mask_df_v4_full_eval_txdanchi/p257_341.wav,2.2515294828990857,2.3103014241503232,3.2746395775639496,3.6464035511016846,3.164433240890503,3.501068353652954,0.38295517092091835,1.3827602863311768,2.4971051566277396,-0.7588242843674085,10.390524209416778,11.157908760852065,5.98830707170772,-5.169601689144345,0.9454366971631482,28.67822269068055
p257_342,/home/vpopescu/projects/ultra-low-power-se/datasets/datasets/voicebank-demand/16k/clean_test/p257_342.wav,/home/vpopescu/projects/ultra-low-power-se/datasets/datasets/voicebank-demand/16k/noisy_test/p257_342.wav,/tmp/exp_mask_df_v4_full_eval_txdanchi/p257_342.wav,2.0664534345819257,2.128830454981906,3.0696645571668366,3.295869827270508,3.0653042793273926,3.3088083267211914,0.4549494049122071,1.255366563796997,1.1935515975648956,3.0087907604654553,8.391539734547987,5.376238984332115,5.20916528560487,-0.1670736987272452,0.8957409093465376,34.686504794232434
p257_343,/home/vpopescu/projects/ultra-low-power-se/datasets/datasets/voicebank-demand/16k/clean_test/p257_343.wav,/home/vpopescu/projects/ultra-low-power-se/datasets/datasets/voicebank-demand/16k/noisy_test/p257_343.wav,/tmp/exp_mask_df_v4_full_eval_txdanchi/p257_343.wav,2.0247189708078017,2.0969455026914825,2.994473999707445,3.2821590900421143,3.3169777393341064,3.321213960647583,0.5070822191519095,1.2897861003875732,0.7921813767822006,5.39079119318922,6.788336249387555,1.3237312275123174,5.559241971875316,4.235510744362999,0.8969873272287304,39.3866017021052
p257_344,/home/vpopescu/projects/ultra-low-power-se/datasets/datasets/voicebank-demand/16k/clean_test/p257_344.wav,/home/vpopescu/projects/ultra-low-power-se/datasets/datasets/voicebank-demand/16k/noisy_test/p257_344.wav,/tmp/exp_mask_df_v4_full_eval_txdanchi/p257_344.wav,2.4306677953129863,2.5193354528840373,3.579479798000792,4.072343349456787,3.166762351989746,3.6471216678619385,0.18560264304814716,1.4685918092727661,4.071957314610994,-4.927445199072999,10.832488884022757,15.748192401443916,5.6137620656384035,-10.134430335805511,0.918568599022484,23.121771477126934
p257_345,/home/vpopescu/projects/ultra-low-power-se/datasets/datasets/voicebank-demand/16k/clean_test/p257_345.wav,/home/vpopescu/projects/ultra-low-power-se/datasets/datasets/voicebank-demand/16k/noisy_test/p257_345.wav,/tmp/exp_mask_df_v4_full_eval_txdanchi/p257_345.wav,2.655827297435668,2.9742019973554834,3.9103296427279512,3.7836639881134033,2.3684966564178467,2.8131680488586426,0.21074235730161198,2.0349318981170654,3.1610784734292103,-1.0470451311146558,10.357797213316305,11.443247956574446,5.644699804045725,-5.798548152528721,0.9343795124344008,21.431156241475655
p257_346,/home/vpopescu/projects/ultra-low-power-se/datasets/datasets/voicebank-demand/16k/clean_test/p257_346.wav,/home/vpopescu/projects/ultra-low-power-se/datasets/datasets/voicebank-demand/16k/noisy_test/p257_346.wav,/tmp/exp_mask_df_v4_full_eval_txdanchi/p257_346.wav,2.4516692268345137,2.6964075660467257,3.5381514380061616,3.581681728363037,3.0612165927886963,3.2641701698303223,0.3940590463259254,1.9123759269714355,2.203973923628162,2.9501401136047853,9.0420411315512,6.084005382192767,5.287864610300023,-0.7961407718927438,0.9244434370605067,33.613831920915224
p257_347,/home/vpopescu/projects/ultra-low-power-se/datasets/datasets/voicebank-demand/16k/clean_test/p257_347.wav,/home/vpopescu/projects/ultra-low-power-se/datasets/datasets/voicebank-demand/16k/noisy_test/p257_347.wav,/tmp/exp_mask_df_v4_full_eval_txdanchi/p257_347.wav,2.131721893795018,2.2919413858157553,3.091274904426816,2.6082379817962646,3.0655503273010254,3.229351758956909,0.563114646907397,1.5979714393615723,0.539721737046185,6.021972179502751,7.467996993839646,1.5163148397905695,6.173258455698018,4.656943615907448,0.8583952923897428,42.87298909338901
p257_348,/home/vpopescu/projects/ultra-low-power-se/datasets/datasets/voicebank-demand/16k/clean_test/p257_348.wav,/home/vpopescu/projects/ultra-low-power-se/datasets/datasets/voicebank-demand/16k/noisy_test/p257_348.wav,/tmp/exp_mask_df_v4_full_eval_txdanchi/p257_348.wav,2.1172098842173366,2.078376354736344,3.059256860545223,3.590373992919922,2.4467484951019287,2.8027827739715576,0.4015580900463017,1.175114393234253,2.8174316502363155,-5.859991396989425,10.087647157557084,15.952957861888423,5.55174796967864,-10.401209892209783,0.9055645479291952,36.570427101931934
p257_349,/home/vpopescu/projects/ultra-low-power-se/datasets/datasets/voicebank-demand/16k/clean_test/p257_349.wav,/home/vpopescu/projects/ultra-low-power-se/datasets/datasets/voicebank-demand/16k/noisy_test/p257_349.wav,/tmp/exp_mask_df_v4_full_eval_txdanchi/p257_349.wav,2.0863749668595335,1.9512057759036885,2.8033721720859903,2.9948930740356445,2.988130807876587,3.2297072410583496,0.6106829127071727,1.2094988822937012,2.8254868914256095,-0.5374535922923407,10.499873983185692,11.015579882887351,6.004099206288186,-5.011480676599166,0.8992466352093338,43.39588186238123
p257_350,/home/vpopescu/projects/ultra-low-power-se/datasets/datasets/voicebank-demand/16k/clean_test/p257_350.wav,/home/vpopescu/projects/ultra-low-power-se/datasets/datasets/voicebank-demand/16k/noisy_test/p257_350.wav,/tmp/exp_mask_df_v4_full_eval_txdanchi/p257_350.wav,2.1527133465723365,1.9256034660032693,2.6300888078665583,3.1253209114074707,3.075683355331421,3.3968756198883057,0.8777385701115956,1.305250644683838,2.6115030711673843,1.3252065195560387,8.315879355351672,6.944899439123995,5.677922219572461,-1.266977219551534,0.8867557641011218,38.53159358144047
p257_351,/home/vpopescu/projects/ultra-low-power-se/datasets/datasets/voicebank-demand/16k/clean_test/p257_351.wav,/home/vpopescu/projects/ultra-low-power-se/datasets/datasets/voicebank-demand/16k/noisy_test/p257_351.wav,/tmp/exp_mask_df_v4_full_eval_txdanchi/p257_351.wav,1.6559009856157836,1.3401395579524502,1.8435446990588096,2.063483476638794,2.9342458248138428,2.9196107387542725,1.2387264617574112,1.0737261772155762,-0.11679461598361084,3.532406225855105,5.023345951907335,1.4203402854860205,5.128213613178026,3.7078733276920057,0.8108741186946555,69.14029518375632
p257_352,/home/vpopescu/projects/ultra-low-power-se/datasets/datasets/voicebank-demand/16k/clean_test/p257_352.wav,/home/vpopescu/projects/ultra-low-power-se/datasets/datasets/voicebank-demand/16k/noisy_test/p257_352.wav,/tmp/exp_mask_df_v4_full_eval_txdanchi/p257_352.wav,2.484482005970646,2.710402244557924,3.525708864703791,3.6519556045532227,2.203840732574463,2.954094409942627,0.36883305981315545,2.004476308822632,3.18572996465695,-5.393761084966307,10.66880871521052,16.06163057149262,5.850445782017174,-10.211184789475446,0.905315002377903,44.051236774279914
p257_353,/home/vpopescu/projects/ultra-low-power-se/datasets/datasets/voicebank-demand/16k/clean_test/p257_353.wav,/home/vpopescu/projects/ultra-low-power-se/datasets/datasets/voicebank-demand/16k/noisy_test/p257_353.wav,/tmp/exp_mask_df_v4_full_eval_txdanchi/p257_353.wav,1.9941177750088595,1.8964564436545168,2.7746495029168856,3.478854179382324,2.2366714477539062,2.8481082916259766,0.5605185391344399,1.1560899019241333,2.36059106740795,-1.0103807301510983,9.464481331124349,10.496847600312995,6.502069804238638,-3.9947777960743567,0.8607951617480234,48.74434790822535
p257_354,/home/vpopescu/projects/ultra-low-power-se/datasets/datasets/voicebank-demand/16k/clean_test/p257_354.wav,/home/vpopescu/projects/ultra-low-power-se/datasets/datasets/voicebank-demand/16k/noisy_test/p257_354.wav,/tmp/exp_mask_df_v4_full_eval_txdanchi/p257_354.wav,1.8321306186804842,1.7513708285742107,2.4244386318273343,3.1511764526367188,3.3039050102233887,3.3601739406585693,0.8740100080892268,1.2659428119659424,0.11476135678496978,2.215113724809874,7.085596804631881,4.925787623113766,5.62593771958853,0.700150096474764,0.805192483366795,59.17428727381274
p257_355,/home/vpopescu/projects/ultra-low-power-se/datasets/datasets/voicebank-demand/16k/clean_test/p257_355.wav,/home/vpopescu/projects/ultra-low-power-se/datasets/datasets/voicebank-demand/16k/noisy_test/p257_355.wav,/tmp/exp_mask_df_v4_full_eval_txdanchi/p257_355.wav,1.8016600484124063,1.7201652516303616,2.50390593232978,3.009597063064575,3.3955602645874023,3.2318127155303955,0.7434601946379097,1.1011463403701782,0.33203222902354695,3.779445652975195,5.198067079412649,1.2899214006129975,5.492335471875059,4.202414071262061,0.8749583860575698,54.22941895900317
p257_356,/home/vpopescu/projects/ultra-low-power-se/datasets/datasets/voicebank-demand/16k/clean_test/p257_356.wav,/home/vpopescu/projects/ultra-low-power-se/datasets/datasets/voicebank-demand/16k/noisy_test/p257_356.wav,/tmp/exp_mask_df_v4_full_eval_txdanchi/p257_356.wav,2.324695374879975,2.4255103344026585,3.5222473059105686,3.9318180084228516,3.4563286304473877,3.3665542602539062,0.16435490366105324,1.3400664329528809,3.384715132991259,-3.9308795790711617,11.719610758306088,15.65870209480872,6.111201799451054,-9.547500295357667,0.9517028644133767,23.29906192142165
p257_357,/home/vpopescu/projects/ultra-low-power-se/datasets/datasets/voicebank-demand/16k/clean_test/p257_357.wav,/home/vpopescu/projects/ultra-low-power-se/datasets/datasets/voicebank-demand/16k/noisy_test/p257_357.wav,/tmp/exp_mask_df_v4_full_eval_txdanchi/p257_357.wav,2.68075271467867,3.040837131669981,3.9801542369474725,4.124638080596924,2.558917999267578,3.103580951690674,0.1849735787275189,2.0937328338623047,3.0136467837011662,-0.8898390496331583,10.024479461228314,10.912217732071706,5.741621760225248,-5.170595971846458,0.9457432862279695,20.558761040097842
p257_358,/home/vpopescu/projects/ultra-low-power-se/datasets/datasets/voicebank-demand/16k/clean_test/p257_358.wav,/home/vpopescu/projects/ultra-low-power-se/datasets/datasets/voicebank-demand/16k/noisy_test/p257_358.wav,/tmp/exp_mask_df_v4_full_eval_txdanchi/p257_358.wav,2.560143110366387,2.8042714650011344,3.7824089060507626,3.9377028942108154,3.484968900680542,3.492194414138794,0.201589757690603,1.833153247833252,3.366647642367257,2.670243187781944,9.306148802658342,6.633437516886346,6.070465298324461,-0.5629722185618853,0.9315354848877185,23.171849081006393
p257_359,/home/vpopescu/projects/ultra-low-power-se/datasets/datasets/voicebank-demand/16k/clean_test/p257_359.wav,/home/vpopescu/projects/ultra-low-power-se/datasets/datasets/voicebank-demand/16k/noisy_test/p257_359.wav,/tmp/exp_mask_df_v4_full_eval_txdanchi/p257_359.wav,2.2967168935291378,2.5988060100634844,3.496443479381604,3.470677137374878,2.207427501678467,2.9387967586517334,0.3847254385323928,1.726450800895691,0.40445826714221644,5.370342027239428,6.419800023569938,1.0142751728825816,5.397845208163732,4.38357003528115,0.9170725178720818,26.85820858985171
p257_360,/home/vpopescu/projects/ultra-low-power-se/datasets/datasets/voicebank-demand/16k/clean_test/p257_360.wav,/home/vpopescu/projects/ultra-low-power-se/datasets/datasets/voicebank-demand/16k/noisy_test/p257_360.wav,/tmp/exp_mask_df_v4_full_eval_txdanchi/p257_360.wav,2.457927803417729,2.533694207967443,3.5034484116237485,3.67996883392334,2.229680061340332,3.1682305335998535,0.3000947679051217,1.5890750885009766,3.9716290194076755,-7.085315172768059,9.321299693036512,16.4042768753285,5.331128772921642,-11.073148102406858,0.9355412774743221,26.551816729774465
p257_361,/home/vpopescu/projects/ultra-low-power-se/datasets/datasets/voicebank-demand/16k/clean_test/p257_361.wav,/home/vpopescu/projects/ultra-low-power-se/datasets/datasets/voicebank-demand/16k/noisy_test/p257_361.wav,/tmp/exp_mask_df_v4_full_eval_txdanchi/p257_361.wav,2.129817495472526,2.199276309860726,3.1934916146211334,3.733729600906372,3.1452391147613525,3.21880841255188,0.3501834075376097,1.2682934999465942,1.9996707211917473,0.0612520572383346,9.962032211854368,9.893294967680772,5.9876501354926575,-3.9056448321881145,0.9267175999716983,33.772293276718024
p257_362,/home/vpopescu/projects/ultra-low-power-se/datasets/datasets/voicebank-demand/16k/clean_test/p257_362.wav,/home/vpopescu/projects/ultra-low-power-se/datasets/datasets/voicebank-demand/16k/noisy_test/p257_362.wav,/tmp/exp_mask_df_v4_full_eval_txdanchi/p257_362.wav,1.8614449068574204,1.860828556515997,2.7028371899613464,3.231074333190918,3.107977867126465,3.3025693893432617,0.6652291833328171,1.126430869102478,-0.18473170362648839,3.4026330856644655,8.494769662316264,5.100459634838974,5.940182102365536,0.8397224675265615,0.8964131790152399,42.76442160644215
p257_363,/home/vpopescu/projects/ultra-low-power-se/datasets/datasets/voicebank-demand/16k/clean_test/p257_363.wav,/home/vpopescu/projects/ultra-low-power-se/datasets/datasets/voicebank-demand/16k/noisy_test/p257_363.wav,/tmp/exp_mask_df_v4_full_eval_txdanchi/p257_363.wav,1.6433133083348734,1.756632883687009,2.5803814998070442,3.2966246604919434,3.6071503162384033,3.8377206325531006,0.6642429539282497,1.1006332635879517,-2.119125247145063,6.578986822750531,6.5960102815671355,-0.015962551812407137,5.859529224877137,5.875491776689544,0.7908818189941379,54.75492872714688
p257_364,/home/vpopescu/projects/ultra-low-power-se/datasets/datasets/voicebank-demand/16k/clean_test/p257_364.wav,/home/vpopescu/projects/ultra-low-power-se/datasets/datasets/voicebank-demand/16k/noisy_test/p257_364.wav,/tmp/exp_mask_df_v4_full_eval_txdanchi/p257_364.wav,2.729005252018227,2.976041656116317,3.9453844654880394,3.9872844219207764,2.853671073913574,3.342339038848877,0.18191199089495005,1.9840019941329956,4.263385851510883,-6.260942334415812,10.818516104210032,17.078498515402213,6.030766557437976,-11.047731957964238,0.9524768486448665,17.420144260361457
p257_365,/home/vpopescu/projects/ultra-low-power-se/datasets/datasets/voicebank-demand/16k/clean_test/p257_365.wav,/home/vpopescu/projects/ultra-low-power-se/datasets/datasets/voicebank-demand/16k/noisy_test/p257_365.wav,/tmp/exp_mask_df_v4_full_eval_txdanchi/p257_365.wav,2.6061882571196677,2.923233046989556,3.8649802300880873,4.0603227615356445,3.300027370452881,3.7429797649383545,0.2096116564341491,1.9891843795776367,2.953925939011349,0.23311124780464176,10.751460925815856,10.553015938487427,5.529016431772695,-5.023999506714731,0.951304549452425,23.53417292516536
p257_366,/home/vpopescu/projects/ultra-low-power-se/datasets/datasets/voicebank-demand/16k/clean_test/p257_366.wav,/home/vpopescu/projects/ultra-low-power-se/datasets/datasets/voicebank-demand/16k/noisy_test/p257_366.wav,/tmp/exp_mask_df_v4_full_eval_txdanchi/p257_366.wav,2.400515803473884,2.478232809402735,3.542610248811777,3.67216157913208,2.8745827674865723,3.228771209716797,0.20719101355085165,1.4130829572677612,3.782211462851923,3.3671630582821583,10.018496958818194,6.620307482876392,6.1341210084868605,-0.4861864743895312,0.935288821222663,21.03102460853958
p257_367,/home/vpopescu/projects/ultra-low-power-se/datasets/datasets/voicebank-demand/16k/clean_test/p257_367.wav,/home/vpopescu/projects/ultra-low-power-se/datasets/datasets/voicebank-demand/16k/noisy_test/p257_367.wav,/tmp/exp_mask_df_v4_full_eval_txdanchi/p257_367.wav,2.1138707962800907,2.1895257247567588,3.144599694159182,3.5163185596466064,2.2281622886657715,3.09314227104187,0.4371085866822547,1.2778561115264893,1.2445146604949096,4.305001348603648,5.91472986831128,1.6534444798792025,4.902420472186203,3.2489759923070007,0.9180682684129136,29.906978377250052
p257_368,/home/vpopescu/projects/ultra-low-power-se/datasets/datasets/voicebank-demand/16k/clean_test/p257_368.wav,/home/vpopescu/projects/ultra-low-power-se/datasets/datasets/voicebank-demand/16k/noisy_test/p257_368.wav,/tmp/exp_mask_df_v4_full_eval_txdanchi/p257_368.wav,2.1770875348248384,2.0946913904925215,2.9170162947966745,3.2787020206451416,2.4490838050842285,2.945718765258789,0.6079225716433778,1.3758430480957031,2.873658164733373,-4.856597658940171,10.901204531229507,15.792506025167478,6.433209850962229,-9.359296174205248,0.88821113854491,42.22941522044428
p257_369,/home/vpopescu/projects/ultra-low-power-se/datasets/datasets/voicebank-demand/16k/clean_test/p257_369.wav,/home/vpopescu/projects/ultra-low-power-se/datasets/datasets/voicebank-demand/16k/noisy_test/p257_369.wav,/tmp/exp_mask_df_v4_full_eval_txdanchi/p257_369.wav,2.1719729764174063,2.2312620219666246,3.227577962408278,3.612072467803955,3.1812214851379395,3.245312213897705,0.3193143212274376,1.3110753297805786,2.6340262669933887,-0.35125637830048007,10.03116486702081,10.37755695376713,5.148877063528574,-5.228679890238555,0.9011395751206568,36.380669434041934
p257_370,/home/vpopescu/projects/ultra-low-power-se/datasets/datasets/voicebank-demand/16k/clean_test/p257_370.wav,/home/vpopescu/projects/ultra-low-power-se/datasets/datasets/voicebank-demand/16k/noisy_test/p257_370.wav,/tmp/exp_mask_df_v4_full_eval_txdanchi/p257_370.wav,1.8486203922551845,1.6866191815668183,2.2621501990311215,2.177917957305908,2.5532679557800293,2.4134774208068848,1.0402565137244546,1.3062353134155273,0.26236227219560715,1.8486900313622776,7.943063538338788,6.135009829746859,5.287311643159974,-0.8476981865868849,0.8268595484465763,60.89841581510865
p257_371,/home/vpopescu/projects/ultra-low-power-se/datasets/datasets/voicebank-demand/16k/clean_test/p257_371.wav,/home/vpopescu/projects/ultra-low-power-se/datasets/datasets/voicebank-demand/16k/noisy_test/p257_371.wav,/tmp/exp_mask_df_v4_full_eval_txdanchi/p257_371.wav,2.0649568602589556,2.1115277462315984,3.044727093361947,3.805809736251831,2.955582857131958,3.290447950363159,0.45801494199617737,1.2589653730392456,1.4382085826848872,6.47429787601016,7.022763991904605,0.4189128591208928,5.871627415374595,5.452714556253703,0.9037727932605674,37.34796125185019
p257_372,/home/vpopescu/projects/ultra-low-power-se/datasets/datasets/voicebank-demand/16k/clean_test/p257_372.wav,/home/vpopescu/projects/ultra-low-power-se/datasets/datasets/voicebank-demand/16k/noisy_test/p257_372.wav,/tmp/exp_mask_df_v4_full_eval_txdanchi/p257_372.wav,2.5413321747765836,2.695071905861791,3.625255630460635,3.716404914855957,2.4048871994018555,3.0353548526763916,0.30924068042525843,1.7795562744140625,3.6483165439755405,-4.918992739673621,11.054110477720673,15.973272847355947,6.0529988166928845,-9.920274030663062,0.9471003234976386,24.734238094828207
p257_373,/home/vpopescu/projects/ultra-low-power-se/datasets/datasets/voicebank-demand/16k/clean_test/p257_373.wav,/home/vpopescu/projects/ultra-low-power-se/datasets/datasets/voicebank-demand/16k/noisy_test/p257_373.wav,/tmp/exp_mask_df_v4_full_eval_txdanchi/p257_373.wav,2.011752104771651,1.8630300838014535,2.7906373424976625,2.8595144748687744,2.518588066101074,2.886442184448242,0.4688096460044475,1.0982964038848877,3.616419147401251,-0.11660236284496506,10.396104220797781,10.53900540662151,6.649048482862354,-3.889956923759155,0.889022260385629,53.58114036737202
p257_374,/home/vpopescu/projects/ultra-low-power-se/datasets/datasets/voicebank-demand/16k/clean_test/p257_374.wav,/home/vpopescu/projects/ultra-low-power-se/datasets/datasets/voicebank-demand/16k/noisy_test/p257_374.wav,/tmp/exp_mask_df_v4_full_eval_txdanchi/p257_374.wav,2.063299368683301,2.0495036779925533,2.962724153469815,3.6613099575042725,1.7879722118377686,2.629293441772461,0.5234711627743824,1.2080212831497192,1.6000224593686054,3.813192358061179,9.593258006437338,5.8033617031160745,6.260041302964493,0.4566795998484183,0.9059360210905131,35.562317086069555
p257_375,/home/vpopescu/projects/ultra-low-power-se/datasets/datasets/voicebank-demand/16k/clean_test/p257_375.wav,/home/vpopescu/projects/ultra-low-power-se/datasets/datasets/voicebank-demand/16k/noisy_test/p257_375.wav,/tmp/exp_mask_df_v4_full_eval_txdanchi/p257_375.wav,1.8170239835549689,1.246255858674294,1.5714599967065799,2.6280570030212402,2.729635715484619,3.081108570098877,1.6595940513982448,1.0629749298095703,0.4547424224206888,3.136201036027025,5.139057149640653,2.064051741295472,5.23688373283731,3.1728319915418375,0.7497722903457958,50.53240078664415
p257_376,/home/vpopescu/projects/ultra-low-power-se/datasets/datasets/voicebank-demand/16k/clean_test/p257_376.wav,/home/vpopescu/projects/ultra-low-power-se/datasets/datasets/voicebank-demand/16k/noisy_test/p257_376.wav,/tmp/exp_mask_df_v4_full_eval_txdanchi/p257_376.wav,2.524178761094882,2.727420552892288,3.6863027427873436,4.085810661315918,3.157752513885498,3.3289904594421387,0.2427543115631947,1.7915735244750977,3.4652784632634153,-6.407950235426414,10.319303603107048,16.729941648230906,5.900294255024421,-10.829647393206486,0.8536050615763001,26.35798954140142
p257_377,/home/vpopescu/projects/ultra-low-power-se/datasets/datasets/voicebank-demand/16k/clean_test/p257_377.wav,/home/vpopescu/projects/ultra-low-power-se/datasets/datasets/voicebank-demand/16k/noisy_test/p257_377.wav,/tmp/exp_mask_df_v4_full_eval_txdanchi/p257_377.wav,2.3436033654288266,2.385370415166897,3.421609083534164,4.167320251464844,2.3841233253479004,2.959556818008423,0.2749936552010829,1.3586182594299316,3.5191169782946545,-1.1916318724044341,9.836652086160479,11.0169823384747,5.4658546997961714,-5.551127638678528,0.8862658687471061,23.074361744463385
p257_378,/home/vpopescu/projects/ultra-low-power-se/datasets/datasets/voicebank-demand/16k/clean_test/p257_378.wav,/home/vpopescu/projects/ultra-low-power-se/datasets/datasets/voicebank-demand/16k/noisy_test/p257_378.wav,/tmp/exp_mask_df_v4_full_eval_txdanchi/p257_378.wav,2.2813053863111743,2.668857558138665,3.5627209595423177,3.8594343662261963,2.8568308353424072,2.9652645587921143,0.3099554028204059,1.8456802368164062,0.27441427567342586,4.342298582944496,9.014183528271962,4.703048714881893,6.267127012819543,1.56407829793765,0.805930466691454,36.03112375064196
p257_379,/home/vpopescu/projects/ultra-low-power-se/datasets/datasets/voicebank-demand/16k/clean_test/p257_379.wav,/home/vpopescu/projects/ultra-low-power-se/datasets/datasets/voicebank-demand/16k/noisy_test/p257_379.wav,/tmp/exp_mask_df_v4_full_eval_txdanchi/p257_379.wav,2.2729419866470204,2.449905886277405,3.359516671194634,3.8774430751800537,2.729571580886841,3.32352876663208,0.42333153902206627,1.5671266317367554,1.2498533487021688,6.043470091690579,7.392795756249143,1.2968134573332093,5.8924853457517,4.59567188841849,0.912188529057923,26.983614898769307
p257_380,/home/vpopescu/projects/ultra-low-power-se/datasets/datasets/voicebank-demand/16k/clean_test/p257_380.wav,/home/vpopescu/projects/ultra-low-power-se/datasets/datasets/voicebank-demand/16k/noisy_test/p257_380.wav,/tmp/exp_mask_df_v4_full_eval_txdanchi/p257_380.wav,2.391192128646388,2.4386308427918055,3.4412919705897145,3.8410892486572266,2.4572248458862305,3.18949294090271,0.2937056194260487,1.4555118083953857,3.7799423818053506,-4.7102814472439825,11.553223601151576,16.251571711761194,6.255534377915839,-9.996037333845354,0.9492225821899416,25.239840831477625
p257_381,/home/vpopescu/projects/ultra-low-power-se/datasets/datasets/voicebank-demand/16k/clean_test/p257_381.wav,/home/vpopescu/projects/ultra-low-power-se/datasets/datasets/voicebank-demand/16k/noisy_test/p257_381.wav,/tmp/exp_mask_df_v4_full_eval_txdanchi/p257_381.wav,2.271153883050242,2.367123426327346,3.2804699202347014,3.6057939529418945,2.255474090576172,2.950730085372925,0.40278879632433434,1.5213572978973389,2.464863959004239,-1.4522829139735887,9.554187654683519,10.986499155255531,5.531697134084535,-5.454802021170996,0.9003551702162669,35.04876210885044
p257_382,/home/vpopescu/projects/ultra-low-power-se/datasets/datasets/voicebank-demand/16k/clean_test/p257_382.wav,/home/vpopescu/projects/ultra-low-power-se/datasets/datasets/voicebank-demand/16k/noisy_test/p257_382.wav,/tmp/exp_mask_df_v4_full_eval_txdanchi/p257_382.wav,1.8860882445705018,1.8962741676611627,2.7140430389829118,3.394314765930176,3.4295432567596436,3.4759697914123535,0.6672163171909407,1.2042790651321411,0.03172344136171185,2.114702187729244,7.157544860603298,5.063417841758623,5.6730268420484435,0.6096090002898205,0.8966575265220267,46.507960766921315
p257_383,/home/vpopescu/projects/ultra-low-power-se/datasets/datasets/voicebank-demand/16k/clean_test/p257_383.wav,/home/vpopescu/projects/ultra-low-power-se/datasets/datasets/voicebank-demand/16k/noisy_test/p257_383.wav,/tmp/exp_mask_df_v4_full_eval_txdanchi/p257_383.wav,1.9432828438022438,1.9907419336864023,2.818591459423584,3.4386637210845947,3.133405923843384,3.4016027450561523,0.6304831619183937,1.2749449014663696,0.1054049840178874,6.108000859858118,7.7224987476439955,1.6105522295223198,6.608610033584154,4.998057804061834,0.8919870833788006,43.825904727401046
p257_384,/home/vpopescu/projects/ultra-low-power-se/datasets/datasets/voicebank-demand/16k/clean_test/p257_384.wav,/home/vpopescu/projects/ultra-low-power-se/datasets/datasets/voicebank-demand/16k/noisy_test/p257_384.wav,/tmp/exp_mask_df_v4_full_eval_txdanchi/p257_384.wav,2.773112597133369,3.037103362280647,3.894765597962277,4.292910099029541,3.3845138549804688,3.661210060119629,0.27888784953169526,2.199688196182251,4.3256618419696995,-4.639884852752829,11.156898410473532,15.781043994261822,5.5569870594235375,-10.224056934838284,0.9360291025614157,26.40786524083392
p257_385,/home/vpopescu/projects/ultra-low-power-se/datasets/datasets/voicebank-demand/16k/clean_test/p257_385.wav,/home/vpopescu/projects/ultra-low-power-se/datasets/datasets/voicebank-demand/16k/noisy_test/p257_385.wav,/tmp/exp_mask_df_v4_full_eval_txdanchi/p257_385.wav,2.44412545488819,2.6918517870197105,3.5998794003938945,4.289729118347168,2.8099517822265625,3.4802255630493164,0.31498707082297167,1.8237826824188232,2.3393210279059216,-1.9905866442120708,9.499505795555665,11.532723618193794,5.393218335943814,-6.13950528224998,0.9084894447223889,29.85998458086869
p257_386,/home/vpopescu/projects/ultra-low-power-se/datasets/datasets/voicebank-demand/16k/clean_test/p257_386.wav,/home/vpopescu/projects/ultra-low-power-se/datasets/datasets/voicebank-demand/16k/noisy_test/p257_386.wav,/tmp/exp_mask_df_v4_full_eval_txdanchi/p257_386.wav,2.446888661102049,2.7509094601950177,3.6604819487407734,3.9102578163146973,2.628667116165161,2.819146156311035,0.28487474886995945,1.8851063251495361,2.008779330309696,3.8513641604449207,9.337253620435016,5.444800445415611,5.598088756975461,0.1532883115598498,0.9229226198515239,30.677894304134252
p257_387,/home/vpopescu/projects/ultra-low-power-se/datasets/datasets/voicebank-demand/16k/clean_test/p257_387.wav,/home/vpopescu/projects/ultra-low-power-se/datasets/datasets/voicebank-demand/16k/noisy_test/p257_387.wav,/tmp/exp_mask_df_v4_full_eval_txdanchi/p257_387.wav,1.7338361877384383,1.9555823851505338,2.894737848154547,3.7120144367218018,3.5084285736083984,3.1229021549224854,0.4645748030965488,1.1364103555679321,-2.0317827036002285,6.778989909999934,6.014105929732358,-0.6874040302842945,5.503938195408626,6.191342225692921,0.8173745279018088,45.05223598517411
p257_388,/home/vpopescu/projects/ultra-low-power-se/datasets/datasets/voicebank-demand/16k/clean_test/p257_388.wav,/home/vpopescu/projects/ultra-low-power-se/datasets/datasets/voicebank-demand/16k/noisy_test/p257_388.wav,/tmp/exp_mask_df_v4_full_eval_txdanchi/p257_388.wav,2.2120188382301533,2.178810669752965,3.1512895102263823,3.938133716583252,1.857980728149414,2.3756115436553955,0.4015991906608897,1.2609522342681885,3.173345451817625,-4.767020622116583,11.280409354351136,16.038608882624878,6.237577956345856,-9.801030926279022,0.9300023049788543,32.091013316364446
p257_389,/home/vpopescu/projects/ultra-low-power-se/datasets/datasets/voicebank-demand/16k/clean_test/p257_389.wav,/home/vpopescu/projects/ultra-low-power-se/datasets/datasets/voicebank-demand/16k/noisy_test/p257_389.wav,/tmp/exp_mask_df_v4_full_eval_txdanchi/p257_389.wav,2.256373880303615,2.2224419350523203,3.107624847112297,2.998814344406128,2.735260486602783,3.1737048625946045,0.48624392551922885,1.4192461967468262,3.3185485987565397,-1.9228951174213798,9.940135834009302,11.854134357724217,5.901482237532472,-5.952652120191745,0.9158993904056052,37.87062335186138
p257_390,/home/vpopescu/projects/ultra-low-power-se/datasets/datasets/voicebank-demand/16k/clean_test/p257_390.wav,/home/vpopescu/projects/ultra-low-power-se/datasets/datasets/voicebank-demand/16k/noisy_test/p257_390.wav,/tmp/exp_mask_df_v4_full_eval_txdanchi/p257_390.wav,2.03326193829574,2.0012715716463063,2.7281369807761044,3.1864960193634033,3.170921564102173,3.6393675804138184,0.7589027398594135,1.40546715259552,1.0003162339706173,2.1877710337382954,8.155143700162279,5.993890573747256,6.086590730631906,0.09270015688464994,0.8538436699223317,47.938754769295315
p257_391,/home/vpopescu/projects/ultra-low-power-se/datasets/datasets/voicebank-demand/16k/clean_test/p257_391.wav,/home/vpopescu/projects/ultra-low-power-se/datasets/datasets/voicebank-demand/16k/noisy_test/p257_391.wav,/tmp/exp_mask_df_v4_full_eval_txdanchi/p257_391.wav,2.0353157854237303,1.958198221040051,2.7586288521162836,3.262282133102417,2.597684860229492,3.1661953926086426,0.670546177686146,1.2825114727020264,1.7964948092370616,5.1365199923467815,6.6323587327196565,1.445998884535319,5.481738349583225,4.0357394650479055,0.8348142177084099,46.414838787110455
p257_392,/home/vpopescu/projects/ultra-low-power-se/datasets/datasets/voicebank-demand/16k/clean_test/p257_392.wav,/home/vpopescu/projects/ultra-low-power-se/datasets/datasets/voicebank-demand/16k/noisy_test/p257_392.wav,/tmp/exp_mask_df_v4_full_eval_txdanchi/p257_392.wav,2.5012376705095463,2.6006477798681855,3.5131635229789295,3.8867297172546387,2.23042893409729,2.9685866832733154,0.39235359952977533,1.6866824626922607,3.3531748092457923,-6.909160515389036,9.921696709408508,16.849627262861166,5.649652222616142,-11.199975040245024,0.9249214131174165,21.463794234262796
p257_393,/home/vpopescu/projects/ultra-low-power-se/datasets/datasets/voicebank-demand/16k/clean_test/p257_393.wav,/home/vpopescu/projects/ultra-low-power-se/datasets/datasets/voicebank-demand/16k/noisy_test/p257_393.wav,/tmp/exp_mask_df_v4_full_eval_txdanchi/p257_393.wav,2.3287558121998897,2.359635141548994,3.257213805621583,3.2923836708068848,2.125279664993286,2.8792271614074707,0.4285878159626634,1.5307652950286865,3.3372057198792606,-0.7767992604651237,10.325581475664016,11.075933378156117,6.117155834047305,-4.958777544108812,0.9123980049125762,35.313422739459355
p257_394,/home/vpopescu/projects/ultra-low-power-se/datasets/datasets/voicebank-demand/16k/clean_test/p257_394.wav,/home/vpopescu/projects/ultra-low-power-se/datasets/datasets/voicebank-demand/16k/noisy_test/p257_394.wav,/tmp/exp_mask_df_v4_full_eval_txdanchi/p257_394.wav,2.2616482443403734,2.318959454544772,3.1189408227210094,3.600999116897583,2.51240873336792,2.860093593597412,0.6072367961053398,1.576478123664856,1.7030459782234175,1.6231724906322391,8.040228074611605,6.415314746161331,5.201070261470883,-1.2142444846904485,0.906029837702646,33.314313628500436
p257_395,/home/vpopescu/projects/ultra-low-power-se/datasets/datasets/voicebank-demand/16k/clean_test/p257_395.wav,/home/vpopescu/projects/ultra-low-power-se/datasets/datasets/voicebank-demand/16k/noisy_test/p257_395.wav,/tmp/exp_mask_df_v4_full_eval_txdanchi/p257_395.wav,1.7310112923515486,1.803661280610875,2.55792550177146,2.8342254161834717,2.8755860328674316,2.973465919494629,0.7224558211684486,1.2426257133483887,-1.2096628640102929,3.0836607635563893,4.201627917024805,1.086139100934396,5.101500886606107,4.015361785671711,0.8773063059185722,60.10786259947609
p257_396,/home/vpopescu/projects/ultra-low-power-se/datasets/datasets/voicebank-demand/16k/clean_test/p257_396.wav,/home/vpopescu/projects/ultra-low-power-se/datasets/datasets/voicebank-demand/16k/noisy_test/p257_396.wav,/tmp/exp_mask_df_v4_full_eval_txdanchi/p257_396.wav,2.6965936286331846,2.922650662214604,3.859468522579714,3.7449634075164795,2.5097568035125732,2.7618844509124756,0.2339109513803665,1.9793576002120972,4.149690390177605,-4.388247601144858,11.367113644395692,15.756895613938635,6.222824203341288,-9.534071410597347,0.9401659742109841,20.70997126419809
p257_397,/home/vpopescu/projects/ultra-low-power-se/datasets/datasets/voicebank-demand/16k/clean_test/p257_397.wav,/home/vpopescu/projects/ultra-low-power-se/datasets/datasets/voicebank-demand/16k/noisy_test/p257_397.wav,/tmp/exp_mask_df_v4_full_eval_txdanchi/p257_397.wav,2.527715475024938,2.839464498963628,3.8111016340541304,4.229472637176514,3.5807974338531494,3.748666763305664,0.18633630160071135,1.8845655918121338,2.684122828004981,0.7202041462540372,11.081054841809333,10.372319297389744,6.007050321533712,-4.365268975856032,0.9523278347158936,25.172373717939337
p257_398,/home/vpopescu/projects/ultra-low-power-se/datasets/datasets/voicebank-demand/16k/clean_test/p257_398.wav,/home/vpopescu/projects/ultra-low-power-se/datasets/datasets/voicebank-demand/16k/noisy_test/p257_398.wav,/tmp/exp_mask_df_v4_full_eval_txdanchi/p257_398.wav,2.202347005529187,2.268454044601036,3.147086551470072,3.8927507400512695,3.255488872528076,3.145918369293213,0.4835194089313309,1.467178463935852,2.0015616073386293,4.683527113004412,10.117174992611154,5.38456960167662,6.186190992018413,0.8016213903417935,0.8521413540610048,37.008954499211946
p257_399,/home/vpopescu/projects/ultra-low-power-se/datasets/datasets/voicebank-demand/16k/clean_test/p257_399.wav,/home/vpopescu/projects/ultra-low-power-se/datasets/datasets/voicebank-demand/16k/noisy_test/p257_399.wav,/tmp/exp_mask_df_v4_full_eval_txdanchi/p257_399.wav,2.311893348425526,2.5841644634746355,3.549579480579273,3.6037650108337402,2.0638391971588135,2.631603717803955,0.29353354940108345,1.638129711151123,1.1604464000627555,5.524389000539337,7.283948032863848,1.7457552114800845,5.694104769873832,3.948349558393747,0.9287228076132403,25.462968101237767
p257_400,/home/vpopescu/projects/ultra-low-power-se/datasets/datasets/voicebank-demand/16k/clean_test/p257_400.wav,/home/vpopescu/projects/ultra-low-power-se/datasets/datasets/voicebank-demand/16k/noisy_test/p257_400.wav,/tmp/exp_mask_df_v4_full_eval_txdanchi/p257_400.wav,2.4169259098988594,2.5589749724901507,3.523816272766826,3.6452245712280273,3.037630081176758,3.2375385761260986,0.27970920281796285,1.6346611976623535,3.321810114309552,-4.64617439277046,11.011251606891278,15.650494368984207,5.7940466621745825,-9.856447706809625,0.8779459313569772,29.673739969321048
p257_401,/home/vpopescu/projects/ultra-low-power-se/datasets/datasets/voicebank-demand/16k/clean_test/p257_401.wav,/home/vpopescu/projects/ultra-low-power-se/datasets/datasets/voicebank-demand/16k/noisy_test/p257_401.wav,/tmp/exp_mask_df_v4_full_eval_txdanchi/p257_401.wav,1.9924538740964646,1.9329976661249872,2.846588311846702,3.3764495849609375,3.261023998260498,3.3391687870025635,0.4960218003301657,1.1536654233932495,2.265740311936914,0.9593399657376747,11.20506460740583,10.260074979245166,6.014951493156319,-4.245123486088847,0.8865913155714666,47.962833991076295
p257_402,/home/vpopescu/projects/ultra-low-power-se/datasets/datasets/voicebank-demand/16k/clean_test/p257_402.wav,/home/vpopescu/projects/ultra-low-power-se/datasets/datasets/voicebank-demand/16k/noisy_test/p257_402.wav,/tmp/exp_mask_df_v4_full_eval_txdanchi/p257_402.wav,2.2660865297301367,2.3438980221477386,3.289276043526678,3.60699725151062,2.5286788940429688,2.9434688091278076,0.368751198037307,1.4610583782196045,2.716729902620771,3.2519927377871483,9.601899164513105,6.374136890599513,5.900532758464046,-0.4736041321354669,0.9201921007565806,33.92190841770605
p257_403,/home/vpopescu/projects/ultra-low-power-se/datasets/datasets/voicebank-demand/16k/clean_test/p257_403.wav,/home/vpopescu/projects/ultra-low-power-se/datasets/datasets/voicebank-demand/16k/noisy_test/p257_403.wav,/tmp/exp_mask_df_v4_full_eval_txdanchi/p257_403.wav,1.9646406485546235,2.1816147718031065,3.069262247211965,3.294664144515991,3.211784839630127,3.31742262840271,0.47931253131733853,1.3924871683120728,-0.7466481784906671,5.7936826127919625,6.8718450233615105,1.0374012662654606,5.852541443713946,4.815140177448486,0.888434504826081,41.132768950519285
p257_404,/home/vpopescu/projects/ultra-low-power-se/datasets/datasets/voicebank-demand/16k/clean_test/p257_404.wav,/home/vpopescu/projects/ultra-low-power-se/datasets/datasets/voicebank-demand/16k/noisy_test/p257_404.wav,/tmp/exp_mask_df_v4_full_eval_txdanchi/p257_404.wav,2.6078486441353297,2.904208693460069,3.8886978452718517,3.8630032539367676,2.6502106189727783,3.0092687606811523,0.1651210439295487,1.9158413410186768,3.2631443602609385,-5.325572385021051,9.893514189999252,15.216108078614193,4.665713060407693,-10.5503950182065,0.8665096239967524,21.07165879543383
p257_405,/home/vpopescu/projects/ultra-low-power-se/datasets/datasets/voicebank-demand/16k/clean_test/p257_405.wav,/home/vpopescu/projects/ultra-low-power-se/datasets/datasets/voicebank-demand/16k/noisy_test/p257_405.wav,/tmp/exp_mask_df_v4_full_eval_txdanchi/p257_405.wav,2.2936983998793137,2.4273084873904125,3.2948717453741723,3.6492371559143066,2.7565109729766846,3.355743885040283,0.42413394219529715,1.64882493019104,2.3555410517044457,-0.2097671671476995,10.382854133736359,10.621586031357804,5.698855090006637,-4.922730941351167,0.8579756059786595,39.54842900134045
p257_406,/home/vpopescu/projects/ultra-low-power-se/datasets/datasets/voicebank-demand/16k/clean_test/p257_406.wav,/home/vpopescu/projects/ultra-low-power-se/datasets/datasets/voicebank-demand/16k/noisy_test/p257_406.wav,/tmp/exp_mask_df_v4_full_eval_txdanchi/p257_406.wav,2.6214924014478473,2.9491564762423215,3.866801714284086,3.883927345275879,3.136888027191162,3.334580898284912,0.2358056667784944,2.0396430492401123,2.8343920780389453,2.646573148621738,9.146680615618505,6.539675731800505,5.956445515483844,-0.5832302163166618,0.9327930259643403,23.717668143625712
p257_407,/home/vpopescu/projects/ultra-low-power-se/datasets/datasets/voicebank-demand/16k/clean_test/p257_407.wav,/home/vpopescu/projects/ultra-low-power-se/datasets/datasets/voicebank-demand/16k/noisy_test/p257_407.wav,/tmp/exp_mask_df_v4_full_eval_txdanchi/p257_407.wav,2.127391051816538,2.2555507037177884,3.275526987896001,3.9391021728515625,2.9299428462982178,2.915764331817627,0.3078440805093382,1.2822129726409912,1.4842511258979745,5.844138824507234,7.116360617985125,1.3640943245443704,5.657089288432604,4.292994963888233,0.9279395983691142,30.430652862489726
p257_408,/home/vpopescu/projects/ultra-low-power-se/datasets/datasets/voicebank-demand/16k/clean_test/p257_408.wav,/home/vpopescu/projects/ultra-low-power-se/datasets/datasets/voicebank-demand/16k/noisy_test/p257_408.wav,/tmp/exp_mask_df_v4_full_eval_txdanchi/p257_408.wav,2.3835690493577917,2.417126800220623,3.185353097918568,3.393585681915283,2.454713821411133,3.4461135864257812,0.5862577070819965,1.732913613319397,3.0625564232798195,-5.755285142166098,10.39844360004141,16.157989950467964,5.712750087512032,-10.445239862955933,0.8889937177878743,38.81495892507269
p257_409,/home/vpopescu/projects/ultra-low-power-se/datasets/datasets/voicebank-demand/16k/clean_test/p257_409.wav,/home/vpopescu/projects/ultra-low-power-se/datasets/datasets/voicebank-demand/16k/noisy_test/p257_409.wav,/tmp/exp_mask_df_v4_full_eval_txdanchi/p257_409.wav,2.1322457425122066,2.1743829769311978,2.820077485983695,3.074293613433838,2.832831382751465,3.238454580307007,0.8227646028991271,1.6530523300170898,0.5897682668610208,-0.3366789864742312,9.732927786502973,10.093427707717774,5.738609097174311,-4.354818610543464,0.8819550830255407,47.00981029260094
p257_410,/home/vpopescu/projects/ultra-low-power-se/datasets/datasets/voicebank-demand/16k/clean_test/p257_410.wav,/home/vpopescu/projects/ultra-low-power-se/datasets/datasets/voicebank-demand/16k/noisy_test/p257_410.wav,/tmp/exp_mask_df_v4_full_eval_txdanchi/p257_410.wav,2.17782799576899,2.1834796232945797,3.067034023622235,3.4995341300964355,2.581573486328125,3.411259174346924,0.4884282285972073,1.395372748374939,2.548571557956274,2.75386213125456,9.362322884519894,6.5735141791972005,6.079839697261211,-0.4936744819359893,0.8976419318147968,40.53145515792518
p257_411,/home/vpopescu/projects/ultra-low-power-se/datasets/datasets/voicebank-demand/16k/clean_test/p257_411.wav,/home/vpopescu/projects/ultra-low-power-se/datasets/datasets/voicebank-demand/16k/noisy_test/p257_411.wav,/tmp/exp_mask_df_v4_full_eval_txdanchi/p257_411.wav,1.9473888211519141,1.7830542422577498,2.5649424534096883,2.807781934738159,2.920781373977661,3.338320016860962,0.755411317116525,1.1367720365524292,1.7347371505261588,4.264353270827866,6.105800780083684,1.8053459262560794,5.371310115122889,3.56596418886681,0.8655995424034262,48.46809325761355
p257_412,/home/vpopescu/projects/ultra-low-power-se/datasets/datasets/voicebank-demand/16k/clean_test/p257_412.wav,/home/vpopescu/projects/ultra-low-power-se/datasets/datasets/voicebank-demand/16k/noisy_test/p257_412.wav,/tmp/exp_mask_df_v4_full_eval_txdanchi/p257_412.wav,2.145039282707858,2.1191454158988954,3.1047506280714328,3.919401168823242,2.89451003074646,3.320327043533325,0.3667477707063472,1.2210131883621216,3.133179695265506,-3.9171583546126936,11.37615086820919,15.28155250048602,5.788227188946577,-9.493325311539444,0.9490420313690984,38.57076316156614
p257_413,/home/vpopescu/projects/ultra-low-power-se/datasets/datasets/voicebank-demand/16k/clean_test/p257_413.wav,/home/vpopescu/projects/ultra-low-power-se/datasets/datasets/voicebank-demand/16k/noisy_test/p257_413.wav,/tmp/exp_mask_df_v4_full_eval_txdanchi/p257_413.wav,2.2474818952354876,2.233047654493911,3.1202477353226428,3.753047466278076,2.6272997856140137,3.4725730419158936,0.4888829574995596,1.4193265438079834,2.988030894079569,-1.7561175411474554,9.18746541974067,10.97626164399676,6.294721895349392,-4.681539748647369,0.8945116303934766,36.17173414739159
p257_414,/home/vpopescu/projects/ultra-low-power-se/datasets/datasets/voicebank-demand/16k/clean_test/p257_414.wav,/home/vpopescu/projects/ultra-low-power-se/datasets/datasets/voicebank-demand/16k/noisy_test/p257_414.wav,/tmp/exp_mask_df_v4_full_eval_txdanchi/p257_414.wav,2.3127726899791945,2.378303889381156,3.1162517859745016,3.278090476989746,2.860727071762085,3.299433469772339,0.6395826831794197,1.7315659523010254,2.11467513035891,2.767568636634012,9.280846531647441,6.448492636104106,5.701857918727957,-0.746634717376149,0.8694914970113622,40.30576691904379
p257_415,/home/vpopescu/projects/ultra-low-power-se/datasets/datasets/voicebank-demand/16k/clean_test/p257_415.wav,/home/vpopescu/projects/ultra-low-power-se/datasets/datasets/voicebank-demand/16k/noisy_test/p257_415.wav,/tmp/exp_mask_df_v4_full_eval_txdanchi/p257_415.wav,1.6567962453452827,1.6626435588305015,2.398805399570425,3.061495542526245,3.1373836994171143,3.711388111114502,0.8069302540444905,1.1187732219696045,-1.4786787297132795,4.745706612674696,5.321676672565577,0.6639579789359367,4.96919379166125,4.305235812725313,0.8461970098443664,59.83151354060733
p257_416,/home/vpopescu/projects/ultra-low-power-se/datasets/datasets/voicebank-demand/16k/clean_test/p257_416.wav,/home/vpopescu/projects/ultra-low-power-se/datasets/datasets/voicebank-demand/16k/noisy_test/p257_416.wav,/tmp/exp_mask_df_v4_full_eval_txdanchi/p257_416.wav,2.7841875620748158,3.0490111884072024,3.924174120101772,4.210934162139893,2.8647525310516357,3.580979585647583,0.29412049307798693,2.1539812088012695,3.9514053411063457,-5.59918408531585,10.408046936209871,16.009110457776117,5.4711062704130065,-10.53800418736311,0.9594395970004084,18.336284603127204
p257_417,/home/vpopescu/projects/ultra-low-power-se/datasets/datasets/voicebank-demand/16k/clean_test/p257_417.wav,/home/vpopescu/projects/ultra-low-power-se/datasets/datasets/voicebank-demand/16k/noisy_test/p257_417.wav,/tmp/exp_mask_df_v4_full_eval_txdanchi/p257_417.wav,2.6314086214141845,3.059071243574472,3.886378746366952,3.92950701713562,3.166027307510376,3.2493910789489746,0.31396997862203885,2.254377603530884,1.7264480180925026,2.5567465745892815,12.920006273410909,10.37990921433356,5.760704533616009,-4.6192046807175515,0.9610879848562965,26.99287117334363
p257_418,/home/vpopescu/projects/ultra-low-power-se/datasets/datasets/voicebank-demand/16k/clean_test/p257_418.wav,/home/vpopescu/projects/ultra-low-power-se/datasets/datasets/voicebank-demand/16k/noisy_test/p257_418.wav,/tmp/exp_mask_df_v4_full_eval_txdanchi/p257_418.wav,2.4079864000102504,2.602799448568611,3.4612422350614067,3.7273528575897217,2.675743341445923,2.9091131687164307,0.4228326478264514,1.7871192693710327,2.1124545529972125,3.3706735504022163,9.646301450019767,6.293219219910778,6.0899630155212305,-0.2032562043895476,0.9102936289320835,30.4773210839897
p257_419,/home/vpopescu/projects/ultra-low-power-se/datasets/datasets/voicebank-demand/16k/clean_test/p257_419.wav,/home/vpopescu/projects/ultra-low-power-se/datasets/datasets/voicebank-demand/16k/noisy_test/p257_419.wav,/tmp/exp_mask_df_v4_full_eval_txdanchi/p257_419.wav,2.2821221487781806,2.5882458975092395,3.4766213262598376,3.820312976837158,2.6078765392303467,3.1575474739074707,0.3996409632696332,1.72810697555542,0.22779458859541837,5.591589738403053,6.632953074693844,1.0588624009397325,5.250998901807982,4.19213650086825,0.9276759893198728,27.466292088403062
p257_420,/home/vpopescu/projects/ultra-low-power-se/datasets/datasets/voicebank-demand/16k/clean_test/p257_420.wav,/home/vpopescu/projects/ultra-low-power-se/datasets/datasets/voicebank-demand/16k/noisy_test/p257_420.wav,/tmp/exp_mask_df_v4_full_eval_txdanchi/p257_420.wav,2.4849712948566736,2.6987405547695706,3.598526374022992,3.785569429397583,2.796842336654663,3.0986711978912354,0.32185300171022996,1.8415250778198242,2.9146143437864813,-4.296349107548227,10.819134620923448,15.145507615369098,5.760956133060246,-9.384551482308852,0.9325662177293343,30.414056571392894
p257_421,/home/vpopescu/projects/ultra-low-power-se/datasets/datasets/voicebank-demand/16k/clean_test/p257_421.wav,/home/vpopescu/projects/ultra-low-power-se/datasets/datasets/voicebank-demand/16k/noisy_test/p257_421.wav,/tmp/exp_mask_df_v4_full_eval_txdanchi/p257_421.wav,2.374331860800212,2.5093674258279868,3.461072264928001,3.772313356399536,2.615598440170288,2.964146375656128,0.3182078963340588,1.5992233753204346,2.936318028237604,0.5827206933096747,10.89035350743474,10.283403421373327,5.935423875095944,-4.347979546277383,0.832278005246187,29.869278340274963
p257_422,/home/vpopescu/projects/ultra-low-power-se/datasets/datasets/voicebank-demand/16k/clean_test/p257_422.wav,/home/vpopescu/projects/ultra-low-power-se/datasets/datasets/voicebank-demand/16k/noisy_test/p257_422.wav,/tmp/exp_mask_df_v4_full_eval_txdanchi/p257_422.wav,2.0385138941873486,1.9592159338319937,2.7402626772126117,2.9348866939544678,3.392660140991211,3.5987749099731445,0.6666948587340841,1.331359624862671,2.1159490478348784,1.691656431884998,8.126750077604655,6.445440086287631,5.684643895868452,-0.7607961904191791,0.8369968503601429,52.16868521580076
p257_423,/home/vpopescu/projects/ultra-low-power-se/datasets/datasets/voicebank-demand/16k/clean_test/p257_423.wav,/home/vpopescu/projects/ultra-low-power-se/datasets/datasets/voicebank-demand/16k/noisy_test/p257_423.wav,/tmp/exp_mask_df_v4_full_eval_txdanchi/p257_423.wav,1.8025679332556894,1.904609865504376,2.817505907802559,3.4411535263061523,2.529524326324463,3.098571538925171,0.5460517881537544,1.093565821647644,-1.0162607000734785,5.113959843138545,5.48701882038248,0.3449305013695654,5.107964076202825,4.76303357483326,0.8750851554268785,41.44744362675076
p257_424,/home/vpopescu/projects/ultra-low-power-se/datasets/datasets/voicebank-demand/16k/clean_test/p257_424.wav,/home/vpopescu/projects/ultra-low-power-se/datasets/datasets/voicebank-demand/16k/noisy_test/p257_424.wav,/tmp/exp_mask_df_v4_full_eval_txdanchi/p257_424.wav,2.3456175330135673,2.3779255656499916,3.4172785736563553,3.869903087615967,2.8520591259002686,3.296182632446289,0.26792325800454403,1.3525526523590088,3.695237723597545,-5.08328730703127,11.503984147150772,16.587450442940924,5.563177315954371,-11.024273126986554,0.931748479463505,23.957515914383453
p257_425,/home/vpopescu/projects/ultra-low-power-se/datasets/datasets/voicebank-demand/16k/clean_test/p257_425.wav,/home/vpopescu/projects/ultra-low-power-se/datasets/datasets/voicebank-demand/16k/noisy_test/p257_425.wav,/tmp/exp_mask_df_v4_full_eval_txdanchi/p257_425.wav,2.3514569065077855,2.6235971703272174,3.51306140527413,3.9208290576934814,2.6325089931488037,3.1650428771972656,0.34197817292708127,1.7984495162963867,1.60095084874319,3.927553641521566,8.65021014662269,4.792406500235758,5.784718610673503,0.9923121104377444,0.8527116489258751,34.72312367895829
p257_426,/home/vpopescu/projects/ultra-low-power-se/datasets/datasets/voicebank-demand/16k/clean_test/p257_426.wav,/home/vpopescu/projects/ultra-low-power-se/datasets/datasets/voicebank-demand/16k/noisy_test/p257_426.wav,/tmp/exp_mask_df_v4_full_eval_txdanchi/p257_426.wav,1.740989599532659,1.6730245069693623,2.3984799347489494,3.045032262802124,3.097404956817627,3.497227430343628,0.8184912703129891,1.1405013799667358,-0.2882299458385894,4.999647534305779,6.177592293284385,1.1881428263400982,5.623868750165055,4.435725923824958,0.8374394468195672,60.00165335765853
p257_427,/home/vpopescu/projects/ultra-low-power-se/datasets/datasets/voicebank-demand/16k/clean_test/p257_427.wav,/home/vpopescu/projects/ultra-low-power-se/datasets/datasets/voicebank-demand/16k/noisy_test/p257_427.wav,/tmp/exp_mask_df_v4_full_eval_txdanchi/p257_427.wav,1.5933006023326137,1.3937866924152948,1.9687189638090978,2.580791473388672,3.4874417781829834,3.672090768814087,1.107231272331386,1.0564756393432617,-0.9828724992238773,2.7057444295883757,3.7341161378921073,1.0218552358395916,4.714906514432311,3.693051278592719,0.7114557481984835,69.11054083176587
p257_428,/home/vpopescu/projects/ultra-low-power-se/datasets/datasets/voicebank-demand/16k/clean_test/p257_428.wav,/home/vpopescu/projects/ultra-low-power-se/datasets/datasets/voicebank-demand/16k/noisy_test/p257_428.wav,/tmp/exp_mask_df_v4_full_eval_txdanchi/p257_428.wav,2.5793895892791148,2.808718418313254,3.738001096548292,3.69234299659729,3.024521589279175,3.033552408218384,0.2550706386057513,1.9032902717590332,3.5309670296019076,-0.7151675034473168,10.46678510205129,11.1619907582286,5.855545454920832,-5.306445303307767,0.9338574520778248,26.69058335523184
p257_429,/home/vpopescu/projects/ultra-low-power-se/datasets/datasets/voicebank-demand/16k/clean_test/p257_429.wav,/home/vpopescu/projects/ultra-low-power-se/datasets/datasets/voicebank-demand/16k/noisy_test/p257_429.wav,/tmp/exp_mask_df_v4_full_eval_txdanchi/p257_429.wav,2.0339098288132598,1.9198559987215502,2.689432930849683,3.3957018852233887,2.738194227218628,3.275770664215088,0.6817136860623552,1.3189902305603027,2.4813687019206854,-0.44293400496792756,9.527727080774609,9.994839775226275,6.031257087949527,-3.963582687276748,0.826499904909864,55.27053280222398
p257_430,/home/vpopescu/projects/ultra-low-power-se/datasets/datasets/voicebank-demand/16k/clean_test/p257_430.wav,/home/vpopescu/projects/ultra-low-power-se/datasets/datasets/voicebank-demand/16k/noisy_test/p257_430.wav,/tmp/exp_mask_df_v4_full_eval_txdanchi/p257_430.wav,2.116015662615214,2.1163288146893597,2.9919037959092174,2.952629566192627,2.8414862155914307,3.326401710510254,0.503065306172991,1.3568711280822754,2.3145122229871,0.5037912454354894,7.162065835478716,6.64642947459479,5.929196802809431,-0.717232671785359,0.8389582137245286,44.626143808042954
p257_431,/home/vpopescu/projects/ultra-low-power-se/datasets/datasets/voicebank-demand/16k/clean_test/p257_431.wav,/home/vpopescu/projects/ultra-low-power-se/datasets/datasets/voicebank-demand/16k/noisy_test/p257_431.wav,/tmp/exp_mask_df_v4_full_eval_txdanchi/p257_431.wav,2.081738770539622,2.004400377167557,2.850507875437461,3.199045181274414,2.750373125076294,3.0866246223449707,0.6139256321301229,1.2559230327606201,2.1221476418121448,2.128781658516674,8.41237949707915,6.273843102597341,6.078554169271019,-0.1952889333263217,0.8844996527571569,40.898248650588506
p257_432,/home/vpopescu/projects/ultra-low-power-se/datasets/datasets/voicebank-demand/16k/clean_test/p257_432.wav,/home/vpopescu/projects/ultra-low-power-se/datasets/datasets/voicebank-demand/16k/noisy_test/p257_432.wav,/tmp/exp_mask_df_v4_full_eval_txdanchi/p257_432.wav,1.8679190703086817,1.6667052297956384,2.4227920282907407,3.2585272789001465,2.132434606552124,2.9586362838745117,0.7989146107082993,1.082215428352356,1.683396903200229,-0.16087846033816966,9.780017910800696,9.934586977848584,6.201316931796605,-3.733270046051979,0.7432631494254045,55.633415620765575
p257_433,/home/vpopescu/projects/ultra-low-power-se/datasets/datasets/voicebank-demand/16k/clean_test/p257_433.wav,/home/vpopescu/projects/ultra-low-power-se/datasets/datasets/voicebank-demand/16k/noisy_test/p257_433.wav,/tmp/exp_mask_df_v4_full_eval_txdanchi/p257_433.wav,2.2655505190637033,2.3301185340251767,3.298427784200208,4.031278133392334,3.064469337463379,3.2944676876068115,0.37098703611782874,1.3969447612762451,2.5759930076750934,0.7503478565750541,11.023428978722142,10.29658267379376,5.400623860679063,-4.895958813114697,0.9342552979282839,28.353805187124642
p257_434,/home/vpopescu/projects/ultra-low-power-se/datasets/datasets/voicebank-demand/16k/clean_test/p257_434.wav,/home/vpopescu/projects/ultra-low-power-se/datasets/datasets/voicebank-demand/16k/noisy_test/p257_434.wav,/tmp/exp_mask_df_v4_full_eval_txdanchi/p257_434.wav,2.067419198717799,2.45240427589524,3.2897004511659396,3.676828622817993,2.7348239421844482,3.0580477714538574,0.41341907598157857,1.7446801662445068,-1.0499242812389789,7.432539462252263,7.709116041615681,0.29491656566341834,6.6598156782419355,6.3648991125785175,0.8477278381821153,47.77038443271708
